account_id,touch_id,touch_timestamp,channel,campaign_id
acct_0001,touch_0001,2026-06-21T23:17:00,paid_social,camp_008
acct_0002,touch_0002,2026-07-01T21:47:00,organic_direct,camp_003
acct_0002,touch_0003,2026-09-01T13:02:00,paid_search,camp_003
acct_0003,touch_0004,2026-07-17T16:38:00,paid_search,camp_018
acct_0003,touch_0005,2026-07-13T22:41:00,organic_direct,camp_014
acct_0004,touch_0006,2026-08-14T18:17:00,paid_search,camp_006
acct_0004,touch_0007,2026-09-15T13:21:00,developer_sponsorship,camp_005
acct_0005,touch_0008,2026-07-31T03:05:00,community_events,camp_004
acct_0005,touch_0009,2026-08-02T11:38:00,developer_sponsorship,camp_002
acct_0006,touch_0010,2026-08-25T03:59:00,community_events,camp_003
acct_0006,touch_0011,2026-08-27T09:53:00,organic_direct,camp_012
acct_0006,touch_0012,2026-08-30T06:45:00,paid_search,camp_002
acct_0006,touch_0013,2026-09-10T07:49:00,developer_sponsorship,camp_003
acct_0007,touch_0014,2026-06-30T12:17:00,community_events,camp_012
acct_0007,touch_0015,2026-07-08T11:22:00,paid_social,camp_009
acct_0008,touch_0016,2026-09-03T20:10:00,organic_direct,camp_008
acct_0009,touch_0017,2026-08-16T12:17:00,organic_direct,camp_008
acct_0009,touch_0018,2026-09-13T10:53:00,paid_search,camp_008
acct_0010,touch_0019,2026-07-28T12:17:00,paid_search,camp_007
acct_0011,touch_0020,2026-07-28T06:41:00,community_events,camp_013
acct_0011,touch_0021,2026-09-08T14:09:00,developer_sponsorship,camp_005
acct_0011,touch_0022,2026-07-19T23:35:00,organic_direct,camp_009
acct_0011,touch_0023,2026-08-31T13:57:00,organic_direct,camp_013
acct_0011,touch_0024,2026-08-03T07:08:00,organic_direct,camp_016
acct_0012,touch_0025,2026-06-24T03:09:00,paid_social,camp_014
acct_0013,touch_0026,2026-06-26T12:24:00,organic_direct,camp_015
acct_0013,touch_0027,2026-08-24T08:35:00,paid_search,camp_004
acct_0013,touch_0028,2026-09-13T17:48:00,developer_sponsorship,camp_011
acct_0013,touch_0029,2026-07-02T09:27:00,paid_social,camp_015
acct_0013,touch_0030,2026-06-18T23:56:00,developer_sponsorship,camp_017
acct_0014,touch_0031,2026-08-21T03:55:00,developer_sponsorship,camp_017
acct_0014,touch_0032,2026-09-03T06:09:00,developer_sponsorship,camp_006
acct_0015,touch_0033,2026-08-24T00:38:00,developer_sponsorship,camp_016
acct_0015,touch_0034,2026-06-20T03:59:00,developer_sponsorship,camp_010
acct_0015,touch_0035,2026-07-18T01:15:00,organic_direct,camp_003
acct_0015,touch_0036,2026-06-28T23:31:00,paid_search,camp_018
acct_0015,touch_0037,2026-07-04T04:42:00,community_events,camp_018
acct_0016,touch_0038,2026-07-21T16:55:00,organic_direct,camp_014
acct_0016,touch_0039,2026-07-15T17:48:00,paid_social,camp_010
acct_0017,touch_0040,2026-09-11T20:23:00,community_events,camp_017
acct_0017,touch_0041,2026-08-14T03:15:00,paid_social,camp_003
acct_0017,touch_0042,2026-07-31T00:37:00,organic_direct,camp_008
acct_0017,touch_0043,2026-09-01T07:00:00,paid_search,camp_002
acct_0018,touch_0044,2026-06-26T01:55:00,developer_sponsorship,camp_003
acct_0018,touch_0045,2026-08-22T07:17:00,community_events,camp_007
acct_0019,touch_0046,2026-07-04T23:59:00,organic_direct,camp_019
acct_0019,touch_0047,2026-08-17T07:50:00,community_events,camp_014
acct_0019,touch_0048,2026-07-12T03:06:00,community_events,camp_012
acct_0019,touch_0049,2026-08-11T13:29:00,paid_search,camp_004
acct_0019,touch_0050,2026-06-25T12:46:00,developer_sponsorship,camp_004
acct_0020,touch_0051,2026-07-12T06:34:00,community_events,camp_005
acct_0020,touch_0052,2026-08-11T05:17:00,community_events,camp_008
acct_0021,touch_0053,2026-08-13T17:06:00,paid_search,camp_018
acct_0022,touch_0054,2026-06-29T07:10:00,community_events,camp_016
acct_0023,touch_0055,2026-07-15T12:57:00,paid_search,camp_006
acct_0023,touch_0056,2026-08-05T00:24:00,developer_sponsorship,camp_015
acct_0023,touch_0057,2026-07-24T13:44:00,organic_direct,camp_016
acct_0023,touch_0058,2026-07-07T06:18:00,paid_social,camp_002
acct_0024,touch_0059,2026-08-26T01:47:00,developer_sponsorship,camp_002
acct_0024,touch_0060,2026-06-24T18:30:00,organic_direct,camp_017
acct_0024,touch_0061,2026-07-08T01:32:00,paid_search,camp_006
acct_0024,touch_0062,2026-06-26T19:04:00,paid_social,camp_013
acct_0024,touch_0063,2026-07-03T18:15:00,organic_direct,camp_020
acct_0025,touch_0064,2026-09-05T02:26:00,organic_direct,camp_019
acct_0026,touch_0065,2026-07-28T08:13:00,developer_sponsorship,camp_008
acct_0026,touch_0066,2026-07-21T12:08:00,developer_sponsorship,camp_015
acct_0026,touch_0067,2026-07-28T02:00:00,community_events,camp_020
acct_0026,touch_0068,2026-08-29T03:04:00,organic_direct,camp_007
acct_0026,touch_0069,2026-08-21T08:08:00,developer_sponsorship,camp_003
acct_0027,touch_0070,2026-08-04T09:10:00,community_events,camp_018
acct_0027,touch_0071,2026-07-26T19:51:00,organic_direct,camp_001
acct_0028,touch_0072,2026-07-26T21:06:00,paid_social,camp_009
acct_0028,touch_0073,2026-07-02T03:47:00,organic_direct,camp_005
acct_0028,touch_0074,2026-07-22T09:38:00,paid_social,camp_011
acct_0028,touch_0075,2026-07-14T21:40:00,developer_sponsorship,camp_017
acct_0028,touch_0076,2026-08-19T08:57:00,paid_search,camp_003
acct_0029,touch_0077,2026-07-23T01:00:00,developer_sponsorship,camp_005
acct_0029,touch_0078,2026-09-07T08:10:00,community_events,camp_018
acct_0029,touch_0079,2026-08-11T17:00:00,paid_search,camp_003
acct_0029,touch_0080,2026-09-14T04:34:00,paid_search,camp_012
acct_0030,touch_0081,2026-08-27T04:27:00,paid_social,camp_002
acct_0030,touch_0082,2026-07-27T11:57:00,paid_search,camp_012
acct_0030,touch_0083,2026-07-14T21:15:00,paid_search,camp_012
acct_0030,touch_0084,2026-08-28T13:39:00,paid_social,camp_008
acct_0030,touch_0085,2026-07-08T05:56:00,community_events,camp_001
acct_0031,touch_0086,2026-07-30T13:51:00,paid_social,camp_009
acct_0031,touch_0087,2026-07-08T22:06:00,community_events,camp_002
acct_0032,touch_0088,2026-07-16T06:52:00,community_events,camp_012
acct_0032,touch_0089,2026-07-27T07:14:00,paid_search,camp_007
acct_0032,touch_0090,2026-08-08T10:17:00,paid_search,camp_009
acct_0032,touch_0091,2026-08-01T20:32:00,community_events,camp_018
acct_0033,touch_0092,2026-06-21T03:56:00,developer_sponsorship,camp_006
acct_0033,touch_0093,2026-08-31T08:02:00,paid_search,camp_020
acct_0033,touch_0094,2026-08-12T11:46:00,developer_sponsorship,camp_014
acct_0034,touch_0095,2026-08-22T03:24:00,organic_direct,camp_007
acct_0034,touch_0096,2026-07-20T01:45:00,community_events,camp_001
acct_0034,touch_0097,2026-08-23T17:43:00,paid_social,camp_012
acct_0034,touch_0098,2026-08-12T02:42:00,developer_sponsorship,camp_020
acct_0034,touch_0099,2026-07-28T21:54:00,paid_search,camp_010
acct_0035,touch_0100,2026-07-27T21:26:00,developer_sponsorship,camp_013
acct_0035,touch_0101,2026-09-15T09:35:00,paid_social,camp_007
acct_0035,touch_0102,2026-08-10T21:24:00,paid_social,camp_020
acct_0035,touch_0103,2026-08-29T09:25:00,organic_direct,camp_001
acct_0035,touch_0104,2026-07-26T09:13:00,community_events,camp_019
acct_0036,touch_0105,2026-09-09T10:29:00,community_events,camp_015
acct_0036,touch_0106,2026-09-12T06:32:00,community_events,camp_006
acct_0036,touch_0107,2026-09-10T02:18:00,organic_direct,camp_020
acct_0036,touch_0108,2026-07-30T02:52:00,paid_social,camp_010
acct_0036,touch_0109,2026-07-16T06:09:00,paid_search,camp_002
acct_0037,touch_0110,2026-08-17T19:54:00,paid_search,camp_015
acct_0037,touch_0111,2026-08-10T20:36:00,paid_social,camp_013
acct_0038,touch_0112,2026-08-08T07:09:00,paid_search,camp_004
acct_0038,touch_0113,2026-08-11T07:11:00,organic_direct,camp_015
acct_0038,touch_0114,2026-06-24T17:15:00,paid_search,camp_015
acct_0038,touch_0115,2026-07-05T14:42:00,organic_direct,camp_018
acct_0039,touch_0116,2026-07-28T14:39:00,organic_direct,camp_014
acct_0039,touch_0117,2026-08-27T14:57:00,paid_social,camp_016
acct_0039,touch_0118,2026-08-14T08:48:00,paid_social,camp_009
acct_0039,touch_0119,2026-08-23T15:40:00,paid_social,camp_009
acct_0039,touch_0120,2026-08-13T02:45:00,developer_sponsorship,camp_008
acct_0040,touch_0121,2026-07-30T10:57:00,organic_direct,camp_003
acct_0040,touch_0122,2026-07-05T04:14:00,community_events,camp_005
acct_0040,touch_0123,2026-07-15T02:26:00,community_events,camp_011
acct_0041,touch_0124,2026-08-16T13:03:00,paid_social,camp_014
acct_0041,touch_0125,2026-08-06T18:44:00,paid_search,camp_019
acct_0041,touch_0126,2026-08-05T15:00:00,developer_sponsorship,camp_010
acct_0041,touch_0127,2026-08-06T13:34:00,organic_direct,camp_020
acct_0041,touch_0128,2026-07-16T15:14:00,developer_sponsorship,camp_014
acct_0042,touch_0129,2026-06-21T12:21:00,community_events,camp_006
acct_0042,touch_0130,2026-08-16T04:39:00,organic_direct,camp_001
acct_0042,touch_0131,2026-08-07T18:36:00,paid_search,camp_003
acct_0042,touch_0132,2026-09-08T13:08:00,community_events,camp_006
acct_0043,touch_0133,2026-07-21T12:20:00,paid_social,camp_015
acct_0044,touch_0134,2026-07-31T12:17:00,community_events,camp_009
acct_0044,touch_0135,2026-06-28T15:01:00,organic_direct,camp_002
acct_0044,touch_0136,2026-08-01T07:41:00,paid_search,camp_002
acct_0045,touch_0137,2026-07-19T06:53:00,paid_search,camp_020
acct_0046,touch_0138,2026-07-18T04:30:00,paid_search,camp_019
acct_0046,touch_0139,2026-07-15T14:44:00,developer_sponsorship,camp_012
acct_0047,touch_0140,2026-09-03T19:47:00,paid_search,camp_006
acct_0047,touch_0141,2026-07-27T03:37:00,paid_search,camp_010
acct_0048,touch_0142,2026-09-12T12:25:00,paid_social,camp_003
acct_0048,touch_0143,2026-09-01T22:53:00,paid_social,camp_004
acct_0048,touch_0144,2026-09-15T09:54:00,organic_direct,camp_004
acct_0048,touch_0145,2026-08-29T01:22:00,organic_direct,camp_014
acct_0048,touch_0146,2026-09-10T11:04:00,organic_direct,camp_011
acct_0049,touch_0147,2026-08-10T15:06:00,community_events,camp_012
acct_0050,touch_0148,2026-07-07T13:11:00,organic_direct,camp_009
acct_0050,touch_0149,2026-09-04T17:49:00,community_events,camp_015
acct_0050,touch_0150,2026-08-12T23:37:00,developer_sponsorship,camp_011
acct_0050,touch_0151,2026-07-19T02:17:00,community_events,camp_008
acct_0051,touch_0152,2026-08-29T19:42:00,community_events,camp_011
acct_0051,touch_0153,2026-06-21T15:54:00,developer_sponsorship,camp_006
acct_0051,touch_0154,2026-08-19T06:22:00,developer_sponsorship,camp_011
acct_0051,touch_0155,2026-07-23T19:44:00,developer_sponsorship,camp_018
acct_0052,touch_0156,2026-08-23T06:05:00,paid_social,camp_014
acct_0053,touch_0157,2026-08-28T07:44:00,community_events,camp_016
acct_0053,touch_0158,2026-08-14T00:05:00,developer_sponsorship,camp_008
acct_0053,touch_0159,2026-08-08T22:15:00,developer_sponsorship,camp_019
acct_0053,touch_0160,2026-08-04T15:35:00,organic_direct,camp_012
acct_0054,touch_0161,2026-08-27T10:22:00,community_events,camp_009
acct_0054,touch_0162,2026-07-27T08:14:00,paid_search,camp_007
acct_0054,touch_0163,2026-07-28T03:47:00,organic_direct,camp_006
acct_0054,touch_0164,2026-07-12T06:47:00,community_events,camp_009
acct_0055,touch_0165,2026-08-24T19:18:00,paid_search,camp_007
acct_0055,touch_0166,2026-07-25T07:23:00,paid_social,camp_010
acct_0055,touch_0167,2026-06-19T22:34:00,paid_social,camp_009
acct_0055,touch_0168,2026-06-23T01:35:00,developer_sponsorship,camp_005
acct_0055,touch_0169,2026-09-07T15:06:00,paid_search,camp_019
acct_0056,touch_0170,2026-08-17T15:28:00,developer_sponsorship,camp_006
acct_0056,touch_0171,2026-06-24T08:55:00,community_events,camp_004
acct_0056,touch_0172,2026-06-26T12:31:00,paid_search,camp_019
acct_0057,touch_0173,2026-07-07T04:51:00,organic_direct,camp_010
acct_0058,touch_0174,2026-07-19T03:35:00,community_events,camp_020
acct_0059,touch_0175,2026-09-05T07:49:00,organic_direct,camp_013
acct_0059,touch_0176,2026-08-14T14:19:00,organic_direct,camp_014
acct_0059,touch_0177,2026-07-27T18:39:00,paid_search,camp_020
acct_0059,touch_0178,2026-06-30T06:40:00,paid_social,camp_009
acct_0059,touch_0179,2026-09-10T02:10:00,paid_social,camp_006
acct_0060,touch_0180,2026-06-27T05:00:00,community_events,camp_015
acct_0060,touch_0181,2026-09-14T19:30:00,developer_sponsorship,camp_002
acct_0060,touch_0182,2026-07-17T09:45:00,developer_sponsorship,camp_015
acct_0060,touch_0183,2026-06-27T21:14:00,developer_sponsorship,camp_019
acct_0060,touch_0184,2026-09-10T06:27:00,paid_search,camp_018
acct_0061,touch_0185,2026-09-08T04:58:00,developer_sponsorship,camp_005
acct_0061,touch_0186,2026-06-27T01:10:00,developer_sponsorship,camp_020
acct_0062,touch_0187,2026-07-24T14:07:00,community_events,camp_010
acct_0062,touch_0188,2026-09-15T12:17:00,organic_direct,camp_018
acct_0062,touch_0189,2026-08-20T14:05:00,organic_direct,camp_002
acct_0062,touch_0190,2026-08-12T23:20:00,organic_direct,camp_009
acct_0062,touch_0191,2026-06-21T02:14:00,organic_direct,camp_019
acct_0063,touch_0192,2026-09-12T08:36:00,paid_search,camp_006
acct_0064,touch_0193,2026-08-23T20:28:00,developer_sponsorship,camp_006
acct_0064,touch_0194,2026-08-31T13:40:00,community_events,camp_003
acct_0064,touch_0195,2026-08-17T11:26:00,developer_sponsorship,camp_011
acct_0064,touch_0196,2026-09-11T03:54:00,paid_social,camp_011
acct_0065,touch_0197,2026-09-14T15:18:00,community_events,camp_018
acct_0065,touch_0198,2026-06-22T14:05:00,developer_sponsorship,camp_009
acct_0065,touch_0199,2026-07-29T03:49:00,community_events,camp_017
acct_0065,touch_0200,2026-06-18T21:55:00,organic_direct,camp_015
acct_0066,touch_0201,2026-06-24T06:33:00,developer_sponsorship,camp_020
acct_0066,touch_0202,2026-08-20T20:28:00,paid_search,camp_007
acct_0066,touch_0203,2026-07-22T17:08:00,developer_sponsorship,camp_015
acct_0066,touch_0204,2026-09-15T15:07:00,paid_search,camp_020
acct_0067,touch_0205,2026-07-08T09:35:00,paid_search,camp_018
acct_0067,touch_0206,2026-08-09T02:14:00,paid_search,camp_015
acct_0068,touch_0207,2026-09-08T04:31:00,developer_sponsorship,camp_017
acct_0069,touch_0208,2026-08-10T15:30:00,paid_social,camp_015
acct_0069,touch_0209,2026-08-27T04:24:00,paid_social,camp_020
acct_0069,touch_0210,2026-08-22T23:56:00,paid_social,camp_003
acct_0070,touch_0211,2026-08-10T10:59:00,organic_direct,camp_009
acct_0070,touch_0212,2026-06-18T09:46:00,developer_sponsorship,camp_019
acct_0070,touch_0213,2026-08-31T21:31:00,paid_social,camp_015
acct_0071,touch_0214,2026-08-18T11:21:00,organic_direct,camp_018
acct_0071,touch_0215,2026-08-05T14:59:00,developer_sponsorship,camp_007
acct_0071,touch_0216,2026-09-15T07:36:00,community_events,camp_008
acct_0071,touch_0217,2026-08-09T01:20:00,community_events,camp_013
acct_0071,touch_0218,2026-08-06T21:50:00,paid_social,camp_016
acct_0072,touch_0219,2026-07-04T16:37:00,developer_sponsorship,camp_004
acct_0073,touch_0220,2026-06-30T16:58:00,community_events,camp_001
acct_0073,touch_0221,2026-07-06T13:55:00,paid_social,camp_003
acct_0073,touch_0222,2026-08-17T08:21:00,organic_direct,camp_013
acct_0073,touch_0223,2026-09-09T02:54:00,developer_sponsorship,camp_018
acct_0074,touch_0224,2026-07-28T20:45:00,community_events,camp_018
acct_0074,touch_0225,2026-06-22T19:04:00,paid_social,camp_010
acct_0074,touch_0226,2026-07-17T23:05:00,community_events,camp_004
acct_0074,touch_0227,2026-09-07T22:55:00,paid_search,camp_015
acct_0075,touch_0228,2026-09-14T09:57:00,paid_search,camp_002
acct_0075,touch_0229,2026-07-29T01:18:00,developer_sponsorship,camp_012
acct_0076,touch_0230,2026-07-06T07:33:00,community_events,camp_019
acct_0076,touch_0231,2026-09-13T05:10:00,paid_social,camp_003
acct_0076,touch_0232,2026-09-04T12:39:00,paid_social,camp_016
acct_0076,touch_0233,2026-08-31T04:14:00,community_events,camp_009
acct_0077,touch_0234,2026-07-20T21:00:00,community_events,camp_010
acct_0077,touch_0235,2026-09-12T17:10:00,paid_search,camp_015
acct_0077,touch_0236,2026-08-01T18:19:00,community_events,camp_009
acct_0077,touch_0237,2026-08-15T09:12:00,community_events,camp_016
acct_0078,touch_0238,2026-07-18T12:36:00,developer_sponsorship,camp_019
acct_0079,touch_0239,2026-09-15T09:01:00,community_events,camp_009
acct_0079,touch_0240,2026-06-19T18:55:00,paid_search,camp_020
acct_0079,touch_0241,2026-08-20T09:49:00,paid_social,camp_020
acct_0080,touch_0242,2026-07-16T20:12:00,organic_direct,camp_009
acct_0080,touch_0243,2026-09-12T23:49:00,paid_social,camp_004
acct_0080,touch_0244,2026-09-06T20:02:00,developer_sponsorship,camp_015
acct_0081,touch_0245,2026-08-31T11:46:00,paid_social,camp_003
acct_0082,touch_0246,2026-07-29T23:26:00,paid_social,camp_007
acct_0082,touch_0247,2026-07-04T17:56:00,developer_sponsorship,camp_017
acct_0082,touch_0248,2026-08-21T08:53:00,paid_social,camp_009
acct_0083,touch_0249,2026-07-25T23:55:00,developer_sponsorship,camp_004
acct_0083,touch_0250,2026-08-16T02:09:00,paid_social,camp_013
acct_0083,touch_0251,2026-08-28T11:05:00,community_events,camp_001
acct_0083,touch_0252,2026-07-21T17:07:00,community_events,camp_012
acct_0084,touch_0253,2026-08-31T12:52:00,developer_sponsorship,camp_004
acct_0084,touch_0254,2026-09-12T07:30:00,paid_search,camp_020
acct_0084,touch_0255,2026-08-28T10:58:00,organic_direct,camp_008
acct_0085,touch_0256,2026-09-07T14:58:00,developer_sponsorship,camp_014
acct_0086,touch_0257,2026-07-05T01:02:00,developer_sponsorship,camp_016
acct_0087,touch_0258,2026-06-30T07:56:00,organic_direct,camp_005
acct_0088,touch_0259,2026-08-15T11:42:00,organic_direct,camp_014
acct_0088,touch_0260,2026-09-01T23:46:00,paid_social,camp_014
acct_0088,touch_0261,2026-09-09T03:53:00,community_events,camp_020
acct_0088,touch_0262,2026-08-09T08:02:00,developer_sponsorship,camp_007
acct_0089,touch_0263,2026-08-13T07:54:00,developer_sponsorship,camp_004
acct_0089,touch_0264,2026-09-13T11:34:00,developer_sponsorship,camp_002
acct_0089,touch_0265,2026-08-07T08:12:00,paid_search,camp_015
acct_0089,touch_0266,2026-06-29T21:13:00,organic_direct,camp_001
acct_0090,touch_0267,2026-07-30T07:08:00,organic_direct,camp_007
acct_0091,touch_0268,2026-08-27T06:37:00,paid_social,camp_008
acct_0092,touch_0269,2026-07-06T19:00:00,developer_sponsorship,camp_005
acct_0092,touch_0270,2026-07-04T17:16:00,paid_social,camp_004
acct_0092,touch_0271,2026-09-10T00:08:00,paid_search,camp_012
acct_0093,touch_0272,2026-09-01T10:01:00,paid_social,camp_009
acct_0093,touch_0273,2026-06-24T04:47:00,community_events,camp_017
acct_0094,touch_0274,2026-06-26T15:28:00,developer_sponsorship,camp_017
acct_0095,touch_0275,2026-07-01T14:32:00,paid_social,camp_020
acct_0095,touch_0276,2026-06-23T23:50:00,organic_direct,camp_010
acct_0095,touch_0277,2026-08-15T20:01:00,paid_search,camp_016
acct_0095,touch_0278,2026-08-08T13:43:00,paid_search,camp_016
acct_0095,touch_0279,2026-08-13T02:57:00,paid_search,camp_011
acct_0096,touch_0280,2026-07-06T02:08:00,developer_sponsorship,camp_020
acct_0096,touch_0281,2026-09-07T18:35:00,developer_sponsorship,camp_013
acct_0096,touch_0282,2026-09-02T16:18:00,community_events,camp_017
acct_0096,touch_0283,2026-09-03T13:06:00,paid_search,camp_018
acct_0096,touch_0284,2026-07-15T13:28:00,paid_social,camp_014
acct_0097,touch_0285,2026-08-15T12:26:00,paid_search,camp_011
acct_0097,touch_0286,2026-08-11T10:42:00,developer_sponsorship,camp_012
acct_0097,touch_0287,2026-07-07T21:59:00,community_events,camp_003
acct_0098,touch_0288,2026-06-28T02:27:00,paid_search,camp_012
acct_0099,touch_0289,2026-08-28T01:37:00,organic_direct,camp_018
acct_0099,touch_0290,2026-07-30T21:07:00,community_events,camp_012
acct_0100,touch_0291,2026-06-24T09:38:00,developer_sponsorship,camp_012
acct_0100,touch_0292,2026-07-01T18:32:00,paid_social,camp_005
acct_0100,touch_0293,2026-09-10T15:14:00,paid_search,camp_012
acct_0100,touch_0294,2026-08-28T11:07:00,developer_sponsorship,camp_019
acct_0101,touch_0295,2026-08-11T17:49:00,organic_direct,camp_020
acct_0101,touch_0296,2026-09-12T20:35:00,paid_search,camp_020
acct_0102,touch_0297,2026-06-21T05:17:00,developer_sponsorship,camp_011
acct_0102,touch_0298,2026-08-01T00:11:00,paid_social,camp_019
acct_0102,touch_0299,2026-09-10T12:04:00,paid_social,camp_001
acct_0103,touch_0300,2026-08-24T06:24:00,community_events,camp_015
acct_0104,touch_0301,2026-07-08T11:19:00,developer_sponsorship,camp_019
acct_0104,touch_0302,2026-09-02T02:56:00,paid_search,camp_005
acct_0104,touch_0303,2026-07-08T19:03:00,paid_search,camp_009
acct_0105,touch_0304,2026-09-10T13:31:00,organic_direct,camp_015
acct_0105,touch_0305,2026-08-10T08:13:00,organic_direct,camp_004
acct_0105,touch_0306,2026-08-01T13:07:00,developer_sponsorship,camp_019
acct_0105,touch_0307,2026-08-19T16:42:00,developer_sponsorship,camp_002
acct_0106,touch_0308,2026-08-07T19:03:00,paid_search,camp_007
acct_0106,touch_0309,2026-07-26T06:49:00,paid_social,camp_009
acct_0107,touch_0310,2026-07-29T03:00:00,community_events,camp_014
acct_0107,touch_0311,2026-07-10T04:24:00,organic_direct,camp_008
acct_0107,touch_0312,2026-08-21T17:53:00,developer_sponsorship,camp_003
acct_0108,touch_0313,2026-06-23T13:01:00,community_events,camp_003
acct_0108,touch_0314,2026-07-28T18:27:00,organic_direct,camp_013
acct_0108,touch_0315,2026-09-07T13:18:00,paid_search,camp_013
acct_0108,touch_0316,2026-06-20T10:10:00,organic_direct,camp_015
acct_0109,touch_0317,2026-06-29T13:54:00,paid_search,camp_008
acct_0109,touch_0318,2026-08-12T18:25:00,organic_direct,camp_003
acct_0109,touch_0319,2026-08-07T09:47:00,developer_sponsorship,camp_008
acct_0110,touch_0320,2026-07-09T02:32:00,paid_search,camp_017
acct_0110,touch_0321,2026-08-22T06:57:00,developer_sponsorship,camp_012
acct_0110,touch_0322,2026-09-08T04:15:00,paid_search,camp_005
acct_0111,touch_0323,2026-07-13T05:38:00,paid_social,camp_003
acct_0111,touch_0324,2026-07-10T20:31:00,community_events,camp_019
acct_0111,touch_0325,2026-08-31T14:43:00,organic_direct,camp_020
acct_0112,touch_0326,2026-09-06T10:09:00,community_events,camp_003
acct_0112,touch_0327,2026-08-17T14:40:00,developer_sponsorship,camp_009
acct_0112,touch_0328,2026-09-01T01:22:00,organic_direct,camp_003
acct_0113,touch_0329,2026-08-16T14:02:00,paid_search,camp_012
acct_0113,touch_0330,2026-07-24T02:41:00,paid_search,camp_020
acct_0113,touch_0331,2026-09-02T16:24:00,community_events,camp_019
acct_0114,touch_0332,2026-06-23T14:58:00,organic_direct,camp_007
acct_0114,touch_0333,2026-07-29T19:30:00,organic_direct,camp_005
acct_0114,touch_0334,2026-06-25T14:06:00,developer_sponsorship,camp_003
acct_0114,touch_0335,2026-08-21T20:11:00,paid_search,camp_008
acct_0114,touch_0336,2026-08-13T14:33:00,organic_direct,camp_020
acct_0115,touch_0337,2026-08-03T11:58:00,developer_sponsorship,camp_013
acct_0115,touch_0338,2026-08-09T10:43:00,organic_direct,camp_002
acct_0116,touch_0339,2026-06-26T10:06:00,organic_direct,camp_013
acct_0116,touch_0340,2026-07-24T08:46:00,organic_direct,camp_005
acct_0116,touch_0341,2026-07-30T02:37:00,paid_social,camp_012
acct_0117,touch_0342,2026-09-09T22:42:00,community_events,camp_005
acct_0117,touch_0343,2026-09-02T22:05:00,developer_sponsorship,camp_018
acct_0117,touch_0344,2026-08-05T20:50:00,developer_sponsorship,camp_005
acct_0118,touch_0345,2026-06-29T20:42:00,community_events,camp_017
acct_0118,touch_0346,2026-08-03T00:23:00,developer_sponsorship,camp_006
acct_0118,touch_0347,2026-07-15T10:49:00,community_events,camp_007
acct_0118,touch_0348,2026-07-16T04:09:00,paid_search,camp_010
acct_0118,touch_0349,2026-06-30T16:49:00,organic_direct,camp_017
acct_0119,touch_0350,2026-09-10T10:56:00,organic_direct,camp_005
acct_0120,touch_0351,2026-08-05T04:10:00,paid_social,camp_020
acct_0120,touch_0352,2026-07-09T23:28:00,paid_search,camp_014
acct_0120,touch_0353,2026-08-03T21:46:00,paid_social,camp_015
acct_0120,touch_0354,2026-09-04T09:48:00,community_events,camp_008
acct_0120,touch_0355,2026-08-25T07:19:00,community_events,camp_007
acct_0121,touch_0356,2026-09-12T18:28:00,community_events,camp_010
acct_0121,touch_0357,2026-08-05T16:33:00,community_events,camp_006
acct_0121,touch_0358,2026-07-13T19:08:00,developer_sponsorship,camp_002
acct_0122,touch_0359,2026-08-04T17:59:00,paid_search,camp_017
acct_0122,touch_0360,2026-07-03T09:05:00,paid_social,camp_009
acct_0122,touch_0361,2026-08-14T16:09:00,community_events,camp_003
acct_0122,touch_0362,2026-07-16T14:56:00,developer_sponsorship,camp_001
acct_0123,touch_0363,2026-06-24T12:32:00,developer_sponsorship,camp_008
acct_0123,touch_0364,2026-08-06T02:23:00,paid_social,camp_001
acct_0123,touch_0365,2026-07-28T03:53:00,developer_sponsorship,camp_005
acct_0123,touch_0366,2026-07-05T01:18:00,community_events,camp_005
acct_0124,touch_0367,2026-08-14T19:00:00,paid_search,camp_001
acct_0124,touch_0368,2026-07-20T06:53:00,paid_social,camp_018
acct_0124,touch_0369,2026-09-03T16:27:00,paid_search,camp_010
acct_0124,touch_0370,2026-07-18T09:07:00,paid_search,camp_008
acct_0125,touch_0371,2026-09-07T19:29:00,paid_search,camp_004
acct_0125,touch_0372,2026-08-20T19:34:00,paid_search,camp_017
acct_0125,touch_0373,2026-08-30T07:45:00,paid_social,camp_010
acct_0125,touch_0374,2026-08-11T00:39:00,developer_sponsorship,camp_008
acct_0126,touch_0375,2026-08-10T05:42:00,paid_search,camp_017
acct_0126,touch_0376,2026-08-03T02:33:00,organic_direct,camp_017
acct_0126,touch_0377,2026-08-21T17:01:00,community_events,camp_016
acct_0126,touch_0378,2026-06-23T20:24:00,developer_sponsorship,camp_009
acct_0126,touch_0379,2026-06-20T11:50:00,paid_search,camp_012
acct_0127,touch_0380,2026-09-10T20:06:00,organic_direct,camp_011
acct_0127,touch_0381,2026-07-05T01:22:00,organic_direct,camp_011
acct_0128,touch_0382,2026-09-13T14:44:00,community_events,camp_006
acct_0128,touch_0383,2026-07-05T02:45:00,community_events,camp_002
acct_0129,touch_0384,2026-07-13T01:50:00,paid_social,camp_002
acct_0129,touch_0385,2026-07-28T09:32:00,community_events,camp_018
acct_0129,touch_0386,2026-08-17T08:02:00,paid_social,camp_010
acct_0130,touch_0387,2026-06-24T20:21:00,developer_sponsorship,camp_004
acct_0130,touch_0388,2026-08-04T13:56:00,community_events,camp_015
acct_0130,touch_0389,2026-08-06T10:11:00,community_events,camp_016
acct_0131,touch_0390,2026-08-23T08:51:00,paid_search,camp_014
acct_0131,touch_0391,2026-06-28T13:38:00,paid_social,camp_018
acct_0131,touch_0392,2026-07-25T10:06:00,paid_search,camp_011
acct_0132,touch_0393,2026-07-27T14:38:00,community_events,camp_006
acct_0132,touch_0394,2026-09-14T14:22:00,community_events,camp_002
acct_0132,touch_0395,2026-08-02T19:27:00,developer_sponsorship,camp_002
acct_0133,touch_0396,2026-09-11T20:25:00,developer_sponsorship,camp_017
acct_0134,touch_0397,2026-06-21T04:54:00,organic_direct,camp_015
acct_0134,touch_0398,2026-06-22T04:04:00,paid_social,camp_012
acct_0135,touch_0399,2026-08-06T18:02:00,organic_direct,camp_005
acct_0135,touch_0400,2026-09-12T14:23:00,developer_sponsorship,camp_015
acct_0135,touch_0401,2026-06-27T18:08:00,organic_direct,camp_012
acct_0136,touch_0402,2026-07-28T20:17:00,paid_social,camp_004
acct_0136,touch_0403,2026-06-21T23:11:00,community_events,camp_017
acct_0136,touch_0404,2026-08-06T17:07:00,developer_sponsorship,camp_009
acct_0136,touch_0405,2026-08-14T06:39:00,developer_sponsorship,camp_016
acct_0137,touch_0406,2026-07-03T04:54:00,paid_search,camp_015
acct_0137,touch_0407,2026-07-10T22:28:00,paid_search,camp_011
acct_0138,touch_0408,2026-06-26T17:34:00,developer_sponsorship,camp_010
acct_0138,touch_0409,2026-07-08T22:45:00,paid_social,camp_012
acct_0138,touch_0410,2026-08-22T07:07:00,paid_social,camp_005
acct_0139,touch_0411,2026-08-20T00:23:00,organic_direct,camp_019
acct_0139,touch_0412,2026-08-04T14:51:00,organic_direct,camp_005
acct_0140,touch_0413,2026-06-29T02:19:00,community_events,camp_016
acct_0140,touch_0414,2026-08-24T13:49:00,community_events,camp_019
acct_0140,touch_0415,2026-06-27T04:20:00,paid_search,camp_015
acct_0140,touch_0416,2026-08-16T21:33:00,developer_sponsorship,camp_005
acct_0140,touch_0417,2026-08-27T20:37:00,paid_social,camp_005
acct_0141,touch_0418,2026-08-21T01:53:00,paid_search,camp_017
acct_0141,touch_0419,2026-07-07T09:10:00,paid_social,camp_011
acct_0141,touch_0420,2026-07-16T11:33:00,developer_sponsorship,camp_003
acct_0141,touch_0421,2026-07-20T06:40:00,organic_direct,camp_009
acct_0142,touch_0422,2026-09-06T09:39:00,organic_direct,camp_003
acct_0142,touch_0423,2026-08-21T20:10:00,organic_direct,camp_019
acct_0143,touch_0424,2026-07-09T21:39:00,organic_direct,camp_011
acct_0143,touch_0425,2026-08-29T01:52:00,paid_search,camp_003
acct_0144,touch_0426,2026-09-08T18:16:00,paid_social,camp_019
acct_0145,touch_0427,2026-09-05T20:01:00,community_events,camp_018
acct_0145,touch_0428,2026-07-25T20:19:00,community_events,camp_008
acct_0145,touch_0429,2026-09-13T12:19:00,community_events,camp_003
acct_0145,touch_0430,2026-09-14T01:10:00,community_events,camp_014
acct_0146,touch_0431,2026-08-16T06:21:00,organic_direct,camp_005
acct_0146,touch_0432,2026-07-28T22:20:00,developer_sponsorship,camp_013
acct_0146,touch_0433,2026-07-04T11:32:00,organic_direct,camp_004
acct_0146,touch_0434,2026-07-28T07:29:00,paid_search,camp_009
acct_0147,touch_0435,2026-07-19T04:06:00,paid_search,camp_010
acct_0147,touch_0436,2026-08-06T19:26:00,paid_social,camp_006
acct_0147,touch_0437,2026-07-29T18:46:00,developer_sponsorship,camp_007
acct_0147,touch_0438,2026-07-08T15:32:00,community_events,camp_016
acct_0148,touch_0439,2026-08-20T00:05:00,community_events,camp_017
acct_0148,touch_0440,2026-08-15T07:13:00,organic_direct,camp_012
acct_0148,touch_0441,2026-06-24T01:18:00,community_events,camp_020
acct_0149,touch_0442,2026-07-24T17:00:00,paid_search,camp_014
acct_0149,touch_0443,2026-07-05T08:46:00,developer_sponsorship,camp_013
acct_0149,touch_0444,2026-08-03T01:25:00,paid_search,camp_019
acct_0149,touch_0445,2026-08-28T06:23:00,organic_direct,camp_010
acct_0150,touch_0446,2026-08-06T16:28:00,organic_direct,camp_009
acct_0151,touch_0447,2026-09-13T19:07:00,paid_social,camp_004
acct_0151,touch_0448,2026-08-07T11:50:00,developer_sponsorship,camp_018
acct_0151,touch_0449,2026-08-03T04:12:00,organic_direct,camp_017
acct_0151,touch_0450,2026-08-08T16:02:00,paid_search,camp_002
acct_0151,touch_0451,2026-07-05T22:21:00,community_events,camp_017
acct_0152,touch_0452,2026-07-07T19:57:00,organic_direct,camp_005
acct_0152,touch_0453,2026-07-29T19:20:00,paid_social,camp_013
acct_0152,touch_0454,2026-09-04T23:53:00,developer_sponsorship,camp_019
acct_0152,touch_0455,2026-07-31T16:53:00,organic_direct,camp_018
acct_0153,touch_0456,2026-08-29T09:30:00,paid_search,camp_012
acct_0153,touch_0457,2026-07-30T21:07:00,community_events,camp_019
acct_0153,touch_0458,2026-07-27T23:55:00,paid_search,camp_020
acct_0153,touch_0459,2026-08-17T08:41:00,organic_direct,camp_019
acct_0154,touch_0460,2026-06-24T18:30:00,paid_social,camp_017
acct_0154,touch_0461,2026-09-06T23:39:00,community_events,camp_005
acct_0155,touch_0462,2026-06-22T18:44:00,paid_search,camp_007
acct_0155,touch_0463,2026-06-20T14:20:00,community_events,camp_005
acct_0156,touch_0464,2026-09-14T06:26:00,organic_direct,camp_020
acct_0156,touch_0465,2026-08-17T23:46:00,paid_search,camp_005
acct_0156,touch_0466,2026-08-23T06:35:00,developer_sponsorship,camp_016
acct_0156,touch_0467,2026-08-24T12:20:00,paid_social,camp_015
acct_0157,touch_0468,2026-07-31T17:22:00,developer_sponsorship,camp_020
acct_0157,touch_0469,2026-08-18T06:15:00,developer_sponsorship,camp_018
acct_0157,touch_0470,2026-07-26T07:19:00,developer_sponsorship,camp_007
acct_0157,touch_0471,2026-09-14T22:31:00,developer_sponsorship,camp_016
acct_0157,touch_0472,2026-08-01T17:59:00,developer_sponsorship,camp_010
acct_0158,touch_0473,2026-08-30T21:34:00,community_events,camp_013
acct_0159,touch_0474,2026-07-06T09:02:00,developer_sponsorship,camp_003
acct_0159,touch_0475,2026-08-01T14:41:00,developer_sponsorship,camp_016
acct_0159,touch_0476,2026-07-15T06:52:00,organic_direct,camp_009
acct_0160,touch_0477,2026-09-15T08:08:00,paid_search,camp_020
acct_0160,touch_0478,2026-09-01T07:15:00,paid_search,camp_017
acct_0160,touch_0479,2026-07-16T20:14:00,paid_search,camp_004
acct_0160,touch_0480,2026-08-09T10:45:00,community_events,camp_004
acct_0160,touch_0481,2026-09-13T04:00:00,organic_direct,camp_006
acct_0161,touch_0482,2026-09-09T15:30:00,paid_social,camp_010
acct_0161,touch_0483,2026-07-29T09:41:00,paid_search,camp_003
acct_0161,touch_0484,2026-09-09T18:14:00,organic_direct,camp_002
acct_0161,touch_0485,2026-07-10T13:56:00,paid_social,camp_002
acct_0162,touch_0486,2026-08-20T05:59:00,developer_sponsorship,camp_002
acct_0162,touch_0487,2026-06-19T09:36:00,organic_direct,camp_004
acct_0162,touch_0488,2026-07-30T09:29:00,organic_direct,camp_017
acct_0162,touch_0489,2026-08-20T04:54:00,organic_direct,camp_015
acct_0163,touch_0490,2026-07-12T03:21:00,paid_social,camp_015
acct_0163,touch_0491,2026-09-08T08:45:00,paid_social,camp_001
acct_0163,touch_0492,2026-07-31T09:36:00,paid_social,camp_006
acct_0164,touch_0493,2026-09-07T12:52:00,community_events,camp_017
acct_0164,touch_0494,2026-07-29T02:25:00,paid_search,camp_006
acct_0164,touch_0495,2026-07-05T15:20:00,paid_social,camp_001
acct_0164,touch_0496,2026-07-21T12:15:00,community_events,camp_009
acct_0164,touch_0497,2026-07-30T09:37:00,organic_direct,camp_001
acct_0165,touch_0498,2026-09-09T11:44:00,paid_social,camp_002
acct_0165,touch_0499,2026-09-11T03:29:00,developer_sponsorship,camp_006
acct_0165,touch_0500,2026-08-08T21:32:00,developer_sponsorship,camp_004
acct_0166,touch_0501,2026-08-04T19:14:00,paid_social,camp_005
acct_0166,touch_0502,2026-08-18T04:29:00,organic_direct,camp_012
acct_0166,touch_0503,2026-08-10T22:35:00,community_events,camp_018
acct_0167,touch_0504,2026-07-19T21:48:00,organic_direct,camp_003
acct_0167,touch_0505,2026-08-24T14:33:00,developer_sponsorship,camp_003
acct_0168,touch_0506,2026-07-02T01:53:00,organic_direct,camp_017
acct_0168,touch_0507,2026-07-13T18:34:00,paid_social,camp_006
acct_0168,touch_0508,2026-07-29T16:28:00,paid_search,camp_007
acct_0168,touch_0509,2026-08-31T15:05:00,organic_direct,camp_015
acct_0168,touch_0510,2026-06-25T14:08:00,organic_direct,camp_014
acct_0169,touch_0511,2026-08-29T01:35:00,community_events,camp_010
acct_0169,touch_0512,2026-06-20T12:16:00,paid_search,camp_007
acct_0169,touch_0513,2026-08-31T02:02:00,community_events,camp_012
acct_0169,touch_0514,2026-09-15T02:34:00,paid_search,camp_003
acct_0170,touch_0515,2026-06-22T09:26:00,paid_social,camp_005
acct_0170,touch_0516,2026-09-08T23:41:00,community_events,camp_012
acct_0170,touch_0517,2026-08-05T14:55:00,community_events,camp_013
acct_0170,touch_0518,2026-06-28T21:42:00,organic_direct,camp_005
acct_0171,touch_0519,2026-07-03T05:34:00,community_events,camp_017
acct_0171,touch_0520,2026-07-04T23:14:00,paid_search,camp_001
acct_0171,touch_0521,2026-07-26T14:43:00,organic_direct,camp_014
acct_0172,touch_0522,2026-08-05T07:15:00,community_events,camp_012
acct_0172,touch_0523,2026-07-07T08:12:00,paid_search,camp_002
acct_0172,touch_0524,2026-09-10T13:39:00,paid_search,camp_008
acct_0172,touch_0525,2026-07-14T02:06:00,organic_direct,camp_002
acct_0172,touch_0526,2026-08-14T19:43:00,paid_search,camp_008
acct_0173,touch_0527,2026-08-08T14:14:00,organic_direct,camp_007
acct_0174,touch_0528,2026-07-05T16:18:00,paid_social,camp_019
acct_0175,touch_0529,2026-08-30T19:49:00,developer_sponsorship,camp_008
acct_0175,touch_0530,2026-07-26T04:42:00,organic_direct,camp_008
acct_0175,touch_0531,2026-08-09T09:17:00,paid_search,camp_018
acct_0176,touch_0532,2026-07-10T20:43:00,community_events,camp_018
acct_0176,touch_0533,2026-08-20T01:22:00,community_events,camp_017
acct_0176,touch_0534,2026-07-28T22:26:00,community_events,camp_005
acct_0176,touch_0535,2026-07-26T12:11:00,organic_direct,camp_016
acct_0176,touch_0536,2026-07-18T07:19:00,paid_social,camp_015
acct_0177,touch_0537,2026-08-28T13:26:00,organic_direct,camp_017
acct_0178,touch_0538,2026-08-06T07:16:00,paid_social,camp_011
acct_0178,touch_0539,2026-09-08T02:59:00,community_events,camp_012
acct_0179,touch_0540,2026-08-25T23:53:00,paid_social,camp_002
acct_0180,touch_0541,2026-08-05T21:38:00,organic_direct,camp_002
acct_0180,touch_0542,2026-06-27T06:51:00,organic_direct,camp_018
acct_0180,touch_0543,2026-07-15T15:13:00,developer_sponsorship,camp_010
acct_0181,touch_0544,2026-07-15T06:47:00,paid_search,camp_016
acct_0182,touch_0545,2026-09-15T19:45:00,paid_social,camp_013
acct_0182,touch_0546,2026-07-18T17:20:00,developer_sponsorship,camp_013
acct_0183,touch_0547,2026-08-25T20:22:00,developer_sponsorship,camp_009
acct_0183,touch_0548,2026-08-03T16:56:00,community_events,camp_015
acct_0183,touch_0549,2026-06-30T23:30:00,developer_sponsorship,camp_007
acct_0183,touch_0550,2026-08-04T10:26:00,paid_search,camp_019
acct_0184,touch_0551,2026-07-06T00:16:00,organic_direct,camp_019
acct_0184,touch_0552,2026-08-31T23:26:00,developer_sponsorship,camp_005
acct_0185,touch_0553,2026-07-30T07:24:00,organic_direct,camp_008
acct_0185,touch_0554,2026-08-20T17:41:00,developer_sponsorship,camp_009
acct_0186,touch_0555,2026-09-08T23:31:00,community_events,camp_006
acct_0186,touch_0556,2026-08-02T05:08:00,organic_direct,camp_016
acct_0186,touch_0557,2026-07-11T17:41:00,paid_search,camp_017
acct_0186,touch_0558,2026-06-22T02:52:00,paid_search,camp_001
acct_0187,touch_0559,2026-07-05T20:14:00,paid_search,camp_005
acct_0187,touch_0560,2026-06-19T06:32:00,community_events,camp_012
acct_0187,touch_0561,2026-06-25T19:40:00,organic_direct,camp_016
acct_0187,touch_0562,2026-09-10T15:01:00,paid_search,camp_018
acct_0188,touch_0563,2026-08-09T00:01:00,organic_direct,camp_009
acct_0188,touch_0564,2026-08-25T09:01:00,organic_direct,camp_014
acct_0188,touch_0565,2026-07-10T03:58:00,paid_search,camp_017
acct_0188,touch_0566,2026-07-07T07:12:00,organic_direct,camp_017
acct_0188,touch_0567,2026-07-20T11:17:00,community_events,camp_003
acct_0189,touch_0568,2026-08-08T14:36:00,paid_social,camp_008
acct_0189,touch_0569,2026-07-26T21:52:00,paid_search,camp_002
acct_0189,touch_0570,2026-06-29T12:24:00,community_events,camp_018
acct_0190,touch_0571,2026-06-25T20:00:00,paid_social,camp_003
acct_0190,touch_0572,2026-08-20T13:41:00,developer_sponsorship,camp_019
acct_0190,touch_0573,2026-06-30T16:58:00,paid_search,camp_008
acct_0190,touch_0574,2026-07-15T22:56:00,organic_direct,camp_016
acct_0191,touch_0575,2026-06-23T02:43:00,developer_sponsorship,camp_018
acct_0191,touch_0576,2026-08-29T21:02:00,paid_social,camp_011
acct_0191,touch_0577,2026-06-20T06:37:00,paid_social,camp_013
acct_0192,touch_0578,2026-07-26T05:36:00,paid_social,camp_019
acct_0193,touch_0579,2026-09-12T17:21:00,community_events,camp_005
acct_0193,touch_0580,2026-09-14T23:05:00,organic_direct,camp_012
acct_0193,touch_0581,2026-06-24T03:27:00,paid_social,camp_003
acct_0193,touch_0582,2026-07-31T19:49:00,organic_direct,camp_020
acct_0194,touch_0583,2026-07-29T00:40:00,developer_sponsorship,camp_015
acct_0194,touch_0584,2026-08-19T07:22:00,organic_direct,camp_013
acct_0194,touch_0585,2026-08-12T05:43:00,organic_direct,camp_013
acct_0194,touch_0586,2026-06-28T19:18:00,paid_social,camp_003
acct_0195,touch_0587,2026-07-22T04:24:00,paid_social,camp_013
acct_0196,touch_0588,2026-08-03T03:05:00,paid_search,camp_010
acct_0196,touch_0589,2026-08-13T11:48:00,developer_sponsorship,camp_004
acct_0196,touch_0590,2026-07-04T02:11:00,community_events,camp_015
acct_0197,touch_0591,2026-08-28T16:26:00,paid_search,camp_001
acct_0197,touch_0592,2026-06-29T11:35:00,paid_search,camp_020
acct_0197,touch_0593,2026-09-02T10:55:00,community_events,camp_001
acct_0197,touch_0594,2026-07-25T13:24:00,paid_search,camp_018
acct_0197,touch_0595,2026-07-19T18:33:00,paid_social,camp_013
acct_0198,touch_0596,2026-07-05T08:19:00,developer_sponsorship,camp_016
acct_0198,touch_0597,2026-07-06T02:10:00,community_events,camp_009
acct_0199,touch_0598,2026-07-26T15:50:00,paid_search,camp_012
acct_0199,touch_0599,2026-07-20T07:46:00,community_events,camp_020
acct_0199,touch_0600,2026-09-04T06:29:00,paid_search,camp_005
acct_0199,touch_0601,2026-07-26T00:25:00,developer_sponsorship,camp_020
acct_0200,touch_0602,2026-07-30T14:21:00,community_events,camp_020
acct_0200,touch_0603,2026-07-05T09:20:00,organic_direct,camp_007
acct_0200,touch_0604,2026-08-18T10:11:00,community_events,camp_011
acct_0200,touch_0605,2026-07-25T23:44:00,community_events,camp_019
acct_0201,touch_0606,2026-07-29T12:17:00,community_events,camp_012
acct_0201,touch_0607,2026-07-02T18:12:00,organic_direct,camp_018
acct_0202,touch_0608,2026-09-13T17:01:00,community_events,camp_007
acct_0202,touch_0609,2026-08-13T09:53:00,paid_search,camp_014
acct_0203,touch_0610,2026-07-05T20:19:00,paid_social,camp_009
acct_0203,touch_0611,2026-09-10T04:45:00,community_events,camp_013
acct_0203,touch_0612,2026-06-27T14:38:00,community_events,camp_019
acct_0203,touch_0613,2026-08-08T17:32:00,community_events,camp_018
acct_0204,touch_0614,2026-08-03T22:57:00,organic_direct,camp_020
acct_0205,touch_0615,2026-07-01T07:42:00,developer_sponsorship,camp_006
acct_0206,touch_0616,2026-06-23T18:41:00,community_events,camp_011
acct_0206,touch_0617,2026-08-12T03:00:00,paid_search,camp_009
acct_0206,touch_0618,2026-07-16T16:47:00,organic_direct,camp_018
acct_0206,touch_0619,2026-08-31T22:36:00,paid_social,camp_015
acct_0206,touch_0620,2026-08-04T12:29:00,organic_direct,camp_017
acct_0207,touch_0621,2026-08-01T00:30:00,paid_search,camp_010
acct_0207,touch_0622,2026-08-10T02:07:00,paid_social,camp_012
acct_0208,touch_0623,2026-07-31T14:50:00,paid_social,camp_017
acct_0208,touch_0624,2026-08-18T11:30:00,paid_search,camp_015
acct_0208,touch_0625,2026-09-15T14:20:00,paid_search,camp_010
acct_0209,touch_0626,2026-07-02T00:54:00,developer_sponsorship,camp_004
acct_0210,touch_0627,2026-07-19T16:11:00,organic_direct,camp_006
acct_0210,touch_0628,2026-07-30T17:27:00,community_events,camp_008
acct_0211,touch_0629,2026-09-06T05:11:00,community_events,camp_013
acct_0211,touch_0630,2026-06-21T23:39:00,paid_social,camp_015
acct_0211,touch_0631,2026-09-01T13:24:00,paid_search,camp_007
acct_0211,touch_0632,2026-07-14T08:48:00,paid_search,camp_019
acct_0212,touch_0633,2026-08-25T05:23:00,developer_sponsorship,camp_007
acct_0213,touch_0634,2026-07-02T08:42:00,community_events,camp_017
acct_0213,touch_0635,2026-09-07T10:38:00,community_events,camp_020
acct_0213,touch_0636,2026-08-07T18:07:00,developer_sponsorship,camp_012
acct_0213,touch_0637,2026-08-15T19:11:00,developer_sponsorship,camp_020
acct_0214,touch_0638,2026-06-28T21:08:00,developer_sponsorship,camp_004
acct_0214,touch_0639,2026-07-18T09:07:00,paid_social,camp_012
acct_0214,touch_0640,2026-09-14T04:32:00,community_events,camp_014
acct_0214,touch_0641,2026-09-02T04:36:00,community_events,camp_014
acct_0214,touch_0642,2026-07-11T15:40:00,organic_direct,camp_006
acct_0215,touch_0643,2026-07-09T15:18:00,paid_social,camp_006
acct_0215,touch_0644,2026-07-28T14:39:00,paid_search,camp_012
acct_0215,touch_0645,2026-06-19T15:08:00,paid_social,camp_013
acct_0215,touch_0646,2026-08-28T16:41:00,community_events,camp_014
acct_0215,touch_0647,2026-09-13T15:26:00,community_events,camp_016
acct_0216,touch_0648,2026-06-28T18:01:00,paid_social,camp_010
acct_0216,touch_0649,2026-06-22T08:14:00,organic_direct,camp_010
acct_0217,touch_0650,2026-08-15T18:47:00,community_events,camp_018
acct_0217,touch_0651,2026-08-22T03:36:00,paid_search,camp_009
acct_0218,touch_0652,2026-08-03T17:52:00,paid_search,camp_015
acct_0218,touch_0653,2026-08-26T06:27:00,paid_search,camp_008
acct_0218,touch_0654,2026-07-26T01:28:00,developer_sponsorship,camp_012
acct_0218,touch_0655,2026-06-29T14:55:00,paid_search,camp_008
acct_0218,touch_0656,2026-07-14T23:37:00,developer_sponsorship,camp_020
acct_0219,touch_0657,2026-07-09T19:08:00,paid_social,camp_007
acct_0219,touch_0658,2026-06-25T18:22:00,organic_direct,camp_009
acct_0219,touch_0659,2026-09-02T17:10:00,developer_sponsorship,camp_010
acct_0219,touch_0660,2026-07-25T18:17:00,organic_direct,camp_004
acct_0220,touch_0661,2026-08-09T01:17:00,paid_social,camp_005
acct_0220,touch_0662,2026-07-19T04:45:00,developer_sponsorship,camp_008
acct_0221,touch_0663,2026-08-19T04:36:00,developer_sponsorship,camp_014
acct_0221,touch_0664,2026-08-05T14:04:00,paid_search,camp_013
acct_0221,touch_0665,2026-08-22T23:17:00,developer_sponsorship,camp_015
acct_0221,touch_0666,2026-08-19T10:37:00,paid_search,camp_003
acct_0222,touch_0667,2026-09-07T21:44:00,developer_sponsorship,camp_003
acct_0222,touch_0668,2026-08-25T12:13:00,community_events,camp_007
acct_0222,touch_0669,2026-08-20T08:20:00,developer_sponsorship,camp_011
acct_0222,touch_0670,2026-08-27T18:08:00,organic_direct,camp_016
acct_0223,touch_0671,2026-09-13T01:02:00,paid_search,camp_015
acct_0223,touch_0672,2026-06-20T03:59:00,paid_social,camp_015
acct_0223,touch_0673,2026-08-15T00:27:00,paid_social,camp_005
acct_0224,touch_0674,2026-07-08T08:05:00,developer_sponsorship,camp_009
acct_0224,touch_0675,2026-06-28T11:42:00,paid_social,camp_002
acct_0224,touch_0676,2026-08-07T20:19:00,paid_social,camp_014
acct_0225,touch_0677,2026-06-30T00:13:00,community_events,camp_003
acct_0226,touch_0678,2026-09-01T07:33:00,community_events,camp_001
acct_0226,touch_0679,2026-06-19T22:21:00,paid_search,camp_014
acct_0227,touch_0680,2026-08-18T02:14:00,community_events,camp_003
acct_0227,touch_0681,2026-07-01T03:20:00,developer_sponsorship,camp_010
acct_0228,touch_0682,2026-08-05T04:41:00,paid_social,camp_003
acct_0228,touch_0683,2026-08-24T18:00:00,organic_direct,camp_006
acct_0229,touch_0684,2026-08-01T23:13:00,paid_social,camp_014
acct_0229,touch_0685,2026-09-04T21:28:00,paid_social,camp_003
acct_0229,touch_0686,2026-06-30T04:48:00,paid_search,camp_019
acct_0229,touch_0687,2026-08-06T11:27:00,developer_sponsorship,camp_005
acct_0230,touch_0688,2026-07-23T20:05:00,paid_social,camp_018
acct_0230,touch_0689,2026-09-02T19:46:00,organic_direct,camp_010
acct_0231,touch_0690,2026-09-10T09:13:00,organic_direct,camp_020
acct_0232,touch_0691,2026-07-12T23:25:00,developer_sponsorship,camp_002
acct_0232,touch_0692,2026-07-18T15:24:00,paid_search,camp_008
acct_0232,touch_0693,2026-08-20T20:38:00,paid_search,camp_017
acct_0232,touch_0694,2026-06-19T11:59:00,developer_sponsorship,camp_005
acct_0232,touch_0695,2026-08-06T18:26:00,developer_sponsorship,camp_018
acct_0233,touch_0696,2026-08-17T02:01:00,organic_direct,camp_003
acct_0233,touch_0697,2026-06-19T08:13:00,paid_search,camp_002
acct_0234,touch_0698,2026-08-21T09:40:00,organic_direct,camp_014
acct_0234,touch_0699,2026-08-11T22:25:00,paid_search,camp_018
acct_0234,touch_0700,2026-08-25T19:09:00,developer_sponsorship,camp_003
acct_0234,touch_0701,2026-07-27T02:32:00,paid_social,camp_005
acct_0235,touch_0702,2026-07-29T12:37:00,paid_search,camp_010
acct_0235,touch_0703,2026-09-15T13:46:00,paid_social,camp_002
acct_0235,touch_0704,2026-07-19T02:59:00,community_events,camp_004
acct_0235,touch_0705,2026-08-15T19:38:00,paid_search,camp_010
acct_0235,touch_0706,2026-09-11T23:42:00,paid_social,camp_004
acct_0236,touch_0707,2026-07-05T22:00:00,paid_social,camp_016
acct_0237,touch_0708,2026-08-23T16:50:00,developer_sponsorship,camp_006
acct_0237,touch_0709,2026-08-04T04:47:00,developer_sponsorship,camp_004
acct_0237,touch_0710,2026-06-21T10:51:00,community_events,camp_009
acct_0238,touch_0711,2026-06-26T08:45:00,organic_direct,camp_003
acct_0238,touch_0712,2026-08-20T14:32:00,developer_sponsorship,camp_002
acct_0238,touch_0713,2026-08-20T18:10:00,developer_sponsorship,camp_006
acct_0238,touch_0714,2026-07-20T03:57:00,organic_direct,camp_004
acct_0238,touch_0715,2026-07-17T23:32:00,paid_search,camp_002
acct_0239,touch_0716,2026-07-19T01:30:00,developer_sponsorship,camp_013
acct_0240,touch_0717,2026-07-10T01:35:00,community_events,camp_008
acct_0240,touch_0718,2026-07-29T07:26:00,developer_sponsorship,camp_009
acct_0241,touch_0719,2026-08-30T11:07:00,organic_direct,camp_002
acct_0242,touch_0720,2026-07-16T16:02:00,community_events,camp_003
acct_0242,touch_0721,2026-08-16T09:49:00,developer_sponsorship,camp_011
acct_0243,touch_0722,2026-08-27T14:00:00,developer_sponsorship,camp_007
acct_0244,touch_0723,2026-08-29T09:47:00,organic_direct,camp_008
acct_0244,touch_0724,2026-08-16T11:37:00,community_events,camp_007
acct_0244,touch_0725,2026-08-26T07:09:00,paid_search,camp_014
acct_0245,touch_0726,2026-07-17T17:22:00,paid_search,camp_011
acct_0246,touch_0727,2026-09-10T12:54:00,developer_sponsorship,camp_004
acct_0247,touch_0728,2026-08-24T07:26:00,community_events,camp_002
acct_0247,touch_0729,2026-07-06T22:17:00,paid_search,camp_002
acct_0248,touch_0730,2026-08-23T13:44:00,developer_sponsorship,camp_015
acct_0248,touch_0731,2026-06-28T18:06:00,organic_direct,camp_005
acct_0249,touch_0732,2026-06-27T18:36:00,paid_search,camp_014
acct_0249,touch_0733,2026-09-10T04:15:00,developer_sponsorship,camp_009
acct_0249,touch_0734,2026-07-28T12:44:00,developer_sponsorship,camp_011
acct_0249,touch_0735,2026-08-14T08:14:00,paid_search,camp_007
acct_0250,touch_0736,2026-08-31T03:09:00,paid_search,camp_006
acct_0250,touch_0737,2026-08-14T14:20:00,community_events,camp_004
acct_0251,touch_0738,2026-08-02T06:28:00,developer_sponsorship,camp_015
acct_0251,touch_0739,2026-07-21T03:05:00,paid_social,camp_010
acct_0251,touch_0740,2026-09-15T19:02:00,paid_social,camp_011
acct_0251,touch_0741,2026-07-06T02:45:00,paid_social,camp_012
acct_0251,touch_0742,2026-08-07T16:03:00,developer_sponsorship,camp_009
acct_0252,touch_0743,2026-06-21T12:54:00,community_events,camp_018
acct_0252,touch_0744,2026-08-27T07:06:00,community_events,camp_004
acct_0253,touch_0745,2026-07-03T00:03:00,paid_social,camp_005
acct_0253,touch_0746,2026-07-13T12:23:00,paid_search,camp_019
acct_0254,touch_0747,2026-07-21T02:01:00,paid_search,camp_007
acct_0254,touch_0748,2026-09-08T14:51:00,paid_social,camp_003
acct_0254,touch_0749,2026-07-30T03:02:00,community_events,camp_002
acct_0254,touch_0750,2026-07-09T18:27:00,community_events,camp_016
acct_0254,touch_0751,2026-06-21T12:43:00,community_events,camp_006
acct_0255,touch_0752,2026-07-15T05:17:00,developer_sponsorship,camp_015
acct_0255,touch_0753,2026-07-07T01:39:00,organic_direct,camp_020
acct_0255,touch_0754,2026-07-19T20:18:00,community_events,camp_014
acct_0256,touch_0755,2026-08-18T01:05:00,developer_sponsorship,camp_013
acct_0256,touch_0756,2026-07-05T13:12:00,organic_direct,camp_008
acct_0256,touch_0757,2026-09-06T17:50:00,paid_search,camp_013
acct_0256,touch_0758,2026-08-02T15:34:00,community_events,camp_012
acct_0256,touch_0759,2026-08-29T16:20:00,community_events,camp_009
acct_0257,touch_0760,2026-06-21T10:38:00,paid_social,camp_001
acct_0257,touch_0761,2026-07-23T01:51:00,community_events,camp_017
acct_0258,touch_0762,2026-08-31T07:10:00,paid_search,camp_008
acct_0258,touch_0763,2026-09-10T07:17:00,organic_direct,camp_002
acct_0258,touch_0764,2026-07-16T18:54:00,community_events,camp_012
acct_0259,touch_0765,2026-07-10T07:37:00,developer_sponsorship,camp_012
acct_0259,touch_0766,2026-09-01T00:45:00,developer_sponsorship,camp_019
acct_0260,touch_0767,2026-07-06T18:12:00,community_events,camp_018
acct_0260,touch_0768,2026-07-27T05:31:00,paid_search,camp_003
acct_0260,touch_0769,2026-06-25T07:38:00,paid_social,camp_001
acct_0260,touch_0770,2026-08-24T15:00:00,developer_sponsorship,camp_020
acct_0260,touch_0771,2026-07-13T04:21:00,paid_social,camp_011
acct_0261,touch_0772,2026-06-20T04:37:00,paid_social,camp_004
acct_0262,touch_0773,2026-08-03T02:23:00,community_events,camp_019
acct_0262,touch_0774,2026-06-30T10:19:00,developer_sponsorship,camp_005
acct_0262,touch_0775,2026-07-08T23:27:00,community_events,camp_011
acct_0262,touch_0776,2026-07-10T22:35:00,organic_direct,camp_012
acct_0262,touch_0777,2026-07-16T21:37:00,paid_social,camp_013
acct_0263,touch_0778,2026-09-14T09:08:00,paid_social,camp_001
acct_0263,touch_0779,2026-09-15T18:25:00,organic_direct,camp_002
acct_0263,touch_0780,2026-07-11T19:20:00,organic_direct,camp_008
acct_0264,touch_0781,2026-07-01T15:09:00,developer_sponsorship,camp_003
acct_0264,touch_0782,2026-07-18T11:20:00,paid_social,camp_003
acct_0264,touch_0783,2026-09-11T20:46:00,developer_sponsorship,camp_015
acct_0264,touch_0784,2026-06-19T08:13:00,paid_social,camp_003
acct_0264,touch_0785,2026-08-01T08:50:00,paid_search,camp_001
acct_0265,touch_0786,2026-08-06T14:46:00,community_events,camp_006
acct_0266,touch_0787,2026-08-20T12:22:00,organic_direct,camp_013
acct_0266,touch_0788,2026-06-30T15:50:00,organic_direct,camp_008
acct_0266,touch_0789,2026-07-08T14:04:00,paid_search,camp_010
acct_0266,touch_0790,2026-06-20T10:16:00,paid_search,camp_003
acct_0267,touch_0791,2026-07-09T12:10:00,paid_search,camp_018
acct_0267,touch_0792,2026-06-29T10:38:00,organic_direct,camp_016
acct_0267,touch_0793,2026-06-21T13:41:00,paid_social,camp_020
acct_0268,touch_0794,2026-07-08T01:06:00,developer_sponsorship,camp_007
acct_0268,touch_0795,2026-07-12T13:44:00,organic_direct,camp_018
acct_0268,touch_0796,2026-07-21T21:18:00,developer_sponsorship,camp_008
acct_0268,touch_0797,2026-06-30T01:25:00,organic_direct,camp_018
acct_0269,touch_0798,2026-07-07T01:23:00,paid_search,camp_014
acct_0269,touch_0799,2026-06-29T09:52:00,organic_direct,camp_016
acct_0269,touch_0800,2026-07-13T03:01:00,paid_social,camp_006
acct_0269,touch_0801,2026-09-07T09:05:00,community_events,camp_004
acct_0270,touch_0802,2026-08-07T15:31:00,developer_sponsorship,camp_003
acct_0270,touch_0803,2026-09-08T17:24:00,paid_social,camp_012
acct_0270,touch_0804,2026-08-05T11:11:00,community_events,camp_002
acct_0271,touch_0805,2026-08-13T14:16:00,paid_social,camp_009
acct_0271,touch_0806,2026-08-29T01:09:00,paid_search,camp_003
acct_0271,touch_0807,2026-09-11T11:51:00,organic_direct,camp_014
acct_0272,touch_0808,2026-07-17T17:03:00,community_events,camp_017
acct_0272,touch_0809,2026-08-10T17:43:00,community_events,camp_019
acct_0272,touch_0810,2026-07-18T15:19:00,paid_search,camp_013
acct_0272,touch_0811,2026-06-22T16:36:00,organic_direct,camp_019
acct_0272,touch_0812,2026-09-12T19:09:00,paid_search,camp_015
acct_0273,touch_0813,2026-07-09T06:51:00,paid_social,camp_005
acct_0273,touch_0814,2026-06-23T13:05:00,community_events,camp_007
acct_0274,touch_0815,2026-09-02T08:20:00,paid_search,camp_003
acct_0274,touch_0816,2026-08-06T17:25:00,organic_direct,camp_011
acct_0275,touch_0817,2026-08-23T14:58:00,paid_search,camp_020
acct_0275,touch_0818,2026-09-01T16:50:00,community_events,camp_004
acct_0275,touch_0819,2026-08-10T04:09:00,organic_direct,camp_019
acct_0276,touch_0820,2026-06-30T03:36:00,paid_search,camp_010
acct_0276,touch_0821,2026-08-25T11:56:00,community_events,camp_009
acct_0276,touch_0822,2026-08-06T20:31:00,organic_direct,camp_020
acct_0276,touch_0823,2026-08-17T01:11:00,developer_sponsorship,camp_013
acct_0276,touch_0824,2026-07-06T19:38:00,community_events,camp_002
acct_0277,touch_0825,2026-07-30T22:15:00,paid_search,camp_016
acct_0277,touch_0826,2026-07-22T11:01:00,developer_sponsorship,camp_010
acct_0277,touch_0827,2026-07-27T08:53:00,community_events,camp_004
acct_0277,touch_0828,2026-07-17T04:19:00,community_events,camp_011
acct_0278,touch_0829,2026-08-10T19:41:00,paid_search,camp_007
acct_0278,touch_0830,2026-08-13T06:58:00,community_events,camp_016
acct_0278,touch_0831,2026-08-23T11:52:00,paid_search,camp_017
acct_0279,touch_0832,2026-06-26T09:45:00,organic_direct,camp_013
acct_0279,touch_0833,2026-07-05T16:56:00,organic_direct,camp_001
acct_0280,touch_0834,2026-07-12T06:53:00,paid_search,camp_008
acct_0280,touch_0835,2026-06-22T14:03:00,developer_sponsorship,camp_007
acct_0281,touch_0836,2026-08-04T14:32:00,community_events,camp_004
acct_0281,touch_0837,2026-09-13T00:15:00,developer_sponsorship,camp_016
acct_0281,touch_0838,2026-09-02T14:11:00,community_events,camp_019
acct_0282,touch_0839,2026-08-01T11:10:00,developer_sponsorship,camp_003
acct_0282,touch_0840,2026-07-24T00:24:00,paid_search,camp_006
acct_0282,touch_0841,2026-08-30T06:54:00,paid_social,camp_008
acct_0282,touch_0842,2026-09-12T06:17:00,community_events,camp_017
acct_0282,touch_0843,2026-06-20T21:00:00,community_events,camp_005
acct_0283,touch_0844,2026-09-02T00:14:00,developer_sponsorship,camp_020
acct_0283,touch_0845,2026-07-27T22:45:00,developer_sponsorship,camp_014
acct_0284,touch_0846,2026-08-01T14:16:00,paid_social,camp_015
acct_0284,touch_0847,2026-07-26T21:33:00,organic_direct,camp_013
acct_0284,touch_0848,2026-08-31T03:00:00,organic_direct,camp_012
acct_0284,touch_0849,2026-08-28T20:38:00,organic_direct,camp_010
acct_0285,touch_0850,2026-09-13T03:30:00,paid_search,camp_011
acct_0285,touch_0851,2026-07-23T20:20:00,developer_sponsorship,camp_009
acct_0285,touch_0852,2026-09-09T22:57:00,developer_sponsorship,camp_007
acct_0286,touch_0853,2026-08-23T07:57:00,paid_search,camp_020
acct_0286,touch_0854,2026-08-08T21:20:00,paid_social,camp_001
acct_0287,touch_0855,2026-07-25T08:58:00,community_events,camp_013
acct_0287,touch_0856,2026-08-06T23:02:00,organic_direct,camp_019
acct_0287,touch_0857,2026-07-12T10:46:00,paid_social,camp_018
acct_0287,touch_0858,2026-09-07T15:58:00,developer_sponsorship,camp_017
acct_0288,touch_0859,2026-07-09T21:56:00,organic_direct,camp_006
acct_0288,touch_0860,2026-07-25T03:30:00,paid_social,camp_009
acct_0288,touch_0861,2026-08-28T05:43:00,developer_sponsorship,camp_003
acct_0289,touch_0862,2026-08-02T07:47:00,developer_sponsorship,camp_014
acct_0289,touch_0863,2026-07-30T11:16:00,organic_direct,camp_010
acct_0290,touch_0864,2026-07-03T15:03:00,organic_direct,camp_019
acct_0290,touch_0865,2026-09-05T02:30:00,paid_social,camp_017
acct_0290,touch_0866,2026-07-03T21:24:00,organic_direct,camp_010
acct_0290,touch_0867,2026-08-09T01:55:00,paid_social,camp_005
acct_0291,touch_0868,2026-07-31T13:36:00,community_events,camp_005
acct_0291,touch_0869,2026-07-28T22:11:00,paid_search,camp_016
acct_0292,touch_0870,2026-09-06T05:20:00,paid_search,camp_001
acct_0292,touch_0871,2026-08-14T08:13:00,paid_social,camp_019
acct_0292,touch_0872,2026-07-08T15:50:00,paid_search,camp_005
acct_0293,touch_0873,2026-08-12T20:27:00,community_events,camp_014
acct_0293,touch_0874,2026-08-18T12:00:00,paid_search,camp_018
acct_0293,touch_0875,2026-07-13T23:23:00,paid_search,camp_011
acct_0293,touch_0876,2026-08-24T06:01:00,paid_search,camp_008
acct_0293,touch_0877,2026-07-16T22:56:00,developer_sponsorship,camp_010
acct_0294,touch_0878,2026-07-01T12:32:00,organic_direct,camp_010
acct_0294,touch_0879,2026-07-09T02:52:00,paid_search,camp_010
acct_0295,touch_0880,2026-08-15T23:33:00,organic_direct,camp_017
acct_0295,touch_0881,2026-07-31T13:56:00,paid_social,camp_011
acct_0295,touch_0882,2026-08-19T11:48:00,paid_social,camp_006
acct_0296,touch_0883,2026-06-20T07:14:00,paid_social,camp_007
acct_0296,touch_0884,2026-06-20T18:32:00,paid_social,camp_004
acct_0296,touch_0885,2026-08-03T22:41:00,paid_search,camp_013
acct_0296,touch_0886,2026-09-07T08:49:00,organic_direct,camp_020
acct_0297,touch_0887,2026-09-02T01:42:00,paid_search,camp_001
acct_0298,touch_0888,2026-09-14T03:26:00,community_events,camp_013
acct_0299,touch_0889,2026-08-27T08:30:00,paid_social,camp_007
acct_0300,touch_0890,2026-07-26T13:42:00,paid_search,camp_017
acct_0301,touch_0891,2026-09-05T19:44:00,paid_social,camp_014
acct_0301,touch_0892,2026-07-01T16:46:00,organic_direct,camp_004
acct_0301,touch_0893,2026-07-24T03:50:00,paid_search,camp_016
acct_0302,touch_0894,2026-09-03T06:49:00,developer_sponsorship,camp_017
acct_0302,touch_0895,2026-07-13T11:45:00,community_events,camp_010
acct_0303,touch_0896,2026-06-23T17:31:00,paid_social,camp_016
acct_0303,touch_0897,2026-07-30T07:00:00,paid_search,camp_003
acct_0304,touch_0898,2026-08-30T21:31:00,paid_social,camp_003
acct_0305,touch_0899,2026-06-27T23:46:00,paid_search,camp_009
acct_0305,touch_0900,2026-09-08T07:29:00,developer_sponsorship,camp_009
acct_0305,touch_0901,2026-08-16T01:06:00,paid_social,camp_002
acct_0305,touch_0902,2026-07-25T11:51:00,developer_sponsorship,camp_014
acct_0305,touch_0903,2026-07-02T03:54:00,paid_search,camp_001
acct_0306,touch_0904,2026-09-10T20:10:00,developer_sponsorship,camp_012
acct_0306,touch_0905,2026-08-13T19:17:00,paid_search,camp_012
acct_0307,touch_0906,2026-07-11T03:25:00,community_events,camp_015
acct_0307,touch_0907,2026-07-22T12:44:00,community_events,camp_014
acct_0307,touch_0908,2026-09-09T05:07:00,paid_social,camp_002
acct_0308,touch_0909,2026-07-01T13:58:00,organic_direct,camp_016
acct_0308,touch_0910,2026-08-29T21:28:00,paid_social,camp_020
acct_0309,touch_0911,2026-08-02T19:01:00,paid_social,camp_016
acct_0309,touch_0912,2026-08-19T03:56:00,community_events,camp_015
acct_0309,touch_0913,2026-06-23T02:16:00,developer_sponsorship,camp_001
acct_0309,touch_0914,2026-09-12T16:49:00,organic_direct,camp_019
acct_0310,touch_0915,2026-09-11T10:33:00,organic_direct,camp_020
acct_0310,touch_0916,2026-06-30T13:42:00,paid_social,camp_016
acct_0311,touch_0917,2026-09-10T21:41:00,community_events,camp_005
acct_0311,touch_0918,2026-08-28T19:03:00,paid_search,camp_006
acct_0311,touch_0919,2026-08-21T15:54:00,community_events,camp_006
acct_0312,touch_0920,2026-08-19T10:15:00,developer_sponsorship,camp_009
acct_0313,touch_0921,2026-08-21T07:35:00,community_events,camp_013
acct_0314,touch_0922,2026-06-28T14:28:00,organic_direct,camp_015
acct_0314,touch_0923,2026-06-29T15:28:00,developer_sponsorship,camp_004
acct_0315,touch_0924,2026-09-09T00:06:00,community_events,camp_014
acct_0315,touch_0925,2026-06-22T17:35:00,paid_search,camp_003
acct_0315,touch_0926,2026-09-03T19:40:00,developer_sponsorship,camp_017
acct_0315,touch_0927,2026-08-28T06:41:00,community_events,camp_011
acct_0316,touch_0928,2026-06-24T07:54:00,community_events,camp_011
acct_0316,touch_0929,2026-08-28T19:38:00,community_events,camp_012
acct_0316,touch_0930,2026-08-14T03:06:00,paid_social,camp_001
acct_0317,touch_0931,2026-08-02T20:51:00,developer_sponsorship,camp_018
acct_0317,touch_0932,2026-08-23T11:44:00,paid_search,camp_002
acct_0317,touch_0933,2026-07-09T15:08:00,community_events,camp_004
acct_0318,touch_0934,2026-09-04T06:12:00,paid_search,camp_013
acct_0318,touch_0935,2026-07-15T14:52:00,paid_social,camp_011
acct_0318,touch_0936,2026-07-01T13:02:00,organic_direct,camp_004
acct_0319,touch_0937,2026-08-15T21:37:00,organic_direct,camp_005
acct_0319,touch_0938,2026-08-20T00:33:00,paid_search,camp_018
acct_0319,touch_0939,2026-08-12T18:30:00,organic_direct,camp_006
acct_0319,touch_0940,2026-09-14T18:11:00,paid_social,camp_004
acct_0320,touch_0941,2026-09-10T19:38:00,developer_sponsorship,camp_017
acct_0320,touch_0942,2026-08-06T13:38:00,paid_social,camp_009
acct_0320,touch_0943,2026-08-07T10:18:00,community_events,camp_005
acct_0320,touch_0944,2026-07-05T13:38:00,organic_direct,camp_010
acct_0321,touch_0945,2026-07-28T22:47:00,organic_direct,camp_007
acct_0321,touch_0946,2026-07-13T06:39:00,developer_sponsorship,camp_012
acct_0321,touch_0947,2026-09-12T04:45:00,paid_social,camp_017
acct_0321,touch_0948,2026-08-26T22:40:00,developer_sponsorship,camp_004
acct_0321,touch_0949,2026-08-02T17:30:00,organic_direct,camp_019
acct_0322,touch_0950,2026-09-12T23:57:00,organic_direct,camp_010
acct_0322,touch_0951,2026-08-11T00:33:00,paid_search,camp_001
acct_0322,touch_0952,2026-08-05T04:03:00,paid_search,camp_007
acct_0322,touch_0953,2026-07-22T05:18:00,developer_sponsorship,camp_005
acct_0323,touch_0954,2026-09-14T09:13:00,organic_direct,camp_002
acct_0324,touch_0955,2026-08-14T03:39:00,organic_direct,camp_008
acct_0324,touch_0956,2026-09-08T17:24:00,paid_social,camp_017
acct_0324,touch_0957,2026-09-15T09:44:00,paid_search,camp_013
acct_0325,touch_0958,2026-08-10T21:20:00,organic_direct,camp_002
acct_0325,touch_0959,2026-06-19T23:16:00,paid_social,camp_020
acct_0325,touch_0960,2026-08-13T07:58:00,developer_sponsorship,camp_019
acct_0325,touch_0961,2026-08-26T23:38:00,paid_social,camp_007
acct_0326,touch_0962,2026-08-14T05:43:00,paid_search,camp_006
acct_0326,touch_0963,2026-07-10T23:32:00,paid_search,camp_013
acct_0326,touch_0964,2026-06-23T13:17:00,organic_direct,camp_009
acct_0327,touch_0965,2026-07-08T18:54:00,developer_sponsorship,camp_001
acct_0327,touch_0966,2026-07-30T14:45:00,paid_social,camp_002
acct_0328,touch_0967,2026-07-29T19:03:00,organic_direct,camp_010
acct_0328,touch_0968,2026-08-19T18:35:00,developer_sponsorship,camp_003
acct_0329,touch_0969,2026-08-24T07:11:00,organic_direct,camp_003
acct_0329,touch_0970,2026-08-21T05:26:00,organic_direct,camp_018
acct_0329,touch_0971,2026-08-08T02:22:00,paid_social,camp_007
acct_0330,touch_0972,2026-07-30T11:18:00,paid_social,camp_020
acct_0330,touch_0973,2026-08-24T15:35:00,paid_search,camp_004
acct_0330,touch_0974,2026-09-11T11:28:00,paid_social,camp_020
acct_0331,touch_0975,2026-07-19T01:43:00,developer_sponsorship,camp_013
acct_0331,touch_0976,2026-07-02T12:16:00,organic_direct,camp_010
acct_0331,touch_0977,2026-06-21T16:52:00,developer_sponsorship,camp_017
acct_0331,touch_0978,2026-08-22T14:31:00,paid_search,camp_010
acct_0331,touch_0979,2026-09-09T06:20:00,organic_direct,camp_003
acct_0332,touch_0980,2026-07-09T17:34:00,paid_search,camp_003
acct_0333,touch_0981,2026-09-11T20:49:00,paid_social,camp_014
acct_0333,touch_0982,2026-07-01T06:34:00,community_events,camp_003
acct_0334,touch_0983,2026-06-21T14:45:00,developer_sponsorship,camp_002
acct_0334,touch_0984,2026-06-29T02:03:00,paid_social,camp_009
acct_0335,touch_0985,2026-06-27T18:52:00,paid_social,camp_009
acct_0335,touch_0986,2026-08-09T12:28:00,community_events,camp_014
acct_0335,touch_0987,2026-07-28T00:24:00,paid_search,camp_018
acct_0335,touch_0988,2026-06-18T20:46:00,organic_direct,camp_003
acct_0335,touch_0989,2026-08-31T01:44:00,paid_search,camp_012
acct_0336,touch_0990,2026-07-01T09:50:00,developer_sponsorship,camp_020
acct_0336,touch_0991,2026-06-29T09:48:00,community_events,camp_013
acct_0336,touch_0992,2026-08-07T21:01:00,community_events,camp_006
acct_0336,touch_0993,2026-08-25T07:08:00,community_events,camp_018
acct_0336,touch_0994,2026-07-25T20:09:00,developer_sponsorship,camp_012
acct_0337,touch_0995,2026-08-27T17:09:00,paid_search,camp_002
acct_0338,touch_0996,2026-08-30T19:25:00,organic_direct,camp_018
acct_0339,touch_0997,2026-07-27T06:47:00,developer_sponsorship,camp_007
acct_0340,touch_0998,2026-09-08T16:09:00,paid_social,camp_006
acct_0340,touch_0999,2026-07-16T19:53:00,developer_sponsorship,camp_007
acct_0340,touch_1000,2026-07-02T05:42:00,organic_direct,camp_002
acct_0340,touch_1001,2026-08-27T14:41:00,organic_direct,camp_003
acct_0341,touch_1002,2026-09-11T02:16:00,paid_search,camp_007
acct_0341,touch_1003,2026-08-31T15:21:00,developer_sponsorship,camp_005
acct_0341,touch_1004,2026-09-11T20:15:00,paid_search,camp_010
acct_0342,touch_1005,2026-06-26T06:20:00,community_events,camp_015
acct_0342,touch_1006,2026-07-30T19:42:00,developer_sponsorship,camp_019
acct_0342,touch_1007,2026-07-07T18:36:00,developer_sponsorship,camp_011
acct_0342,touch_1008,2026-08-11T05:00:00,developer_sponsorship,camp_008
acct_0342,touch_1009,2026-07-16T22:47:00,community_events,camp_009
acct_0343,touch_1010,2026-07-05T21:46:00,developer_sponsorship,camp_016
acct_0343,touch_1011,2026-08-16T14:22:00,developer_sponsorship,camp_016
acct_0343,touch_1012,2026-08-27T03:11:00,organic_direct,camp_003
acct_0344,touch_1013,2026-07-05T17:12:00,developer_sponsorship,camp_003
acct_0344,touch_1014,2026-06-27T00:54:00,organic_direct,camp_001
acct_0344,touch_1015,2026-08-31T18:25:00,organic_direct,camp_007
acct_0345,touch_1016,2026-08-27T08:34:00,organic_direct,camp_016
acct_0346,touch_1017,2026-08-03T12:14:00,organic_direct,camp_010
acct_0346,touch_1018,2026-07-05T14:32:00,organic_direct,camp_003
acct_0347,touch_1019,2026-08-03T16:00:00,paid_social,camp_020
acct_0347,touch_1020,2026-09-13T05:48:00,organic_direct,camp_005
acct_0347,touch_1021,2026-08-14T05:11:00,organic_direct,camp_019
acct_0347,touch_1022,2026-09-10T04:47:00,community_events,camp_012
acct_0348,touch_1023,2026-07-16T15:14:00,paid_search,camp_009
acct_0349,touch_1024,2026-07-17T01:42:00,paid_social,camp_017
acct_0349,touch_1025,2026-08-03T12:30:00,community_events,camp_002
acct_0349,touch_1026,2026-06-23T20:20:00,paid_search,camp_017
acct_0350,touch_1027,2026-07-21T18:34:00,organic_direct,camp_006
acct_0350,touch_1028,2026-08-05T20:24:00,developer_sponsorship,camp_019
acct_0350,touch_1029,2026-09-09T02:33:00,developer_sponsorship,camp_013
acct_0351,touch_1030,2026-08-23T12:22:00,developer_sponsorship,camp_016
acct_0351,touch_1031,2026-08-18T19:00:00,organic_direct,camp_005
acct_0352,touch_1032,2026-07-09T07:04:00,organic_direct,camp_009
acct_0352,touch_1033,2026-07-15T04:11:00,paid_social,camp_012
acct_0352,touch_1034,2026-09-03T22:52:00,paid_search,camp_008
acct_0352,touch_1035,2026-08-10T10:46:00,paid_search,camp_016
acct_0353,touch_1036,2026-08-18T06:37:00,paid_social,camp_014
acct_0353,touch_1037,2026-06-20T07:02:00,paid_social,camp_019
acct_0353,touch_1038,2026-09-01T05:08:00,organic_direct,camp_002
acct_0353,touch_1039,2026-08-30T04:03:00,paid_social,camp_009
acct_0354,touch_1040,2026-08-23T12:38:00,organic_direct,camp_001
acct_0354,touch_1041,2026-09-10T09:05:00,paid_social,camp_015
acct_0355,touch_1042,2026-08-17T15:10:00,paid_social,camp_014
acct_0355,touch_1043,2026-09-02T04:50:00,organic_direct,camp_006
acct_0355,touch_1044,2026-09-05T21:32:00,developer_sponsorship,camp_006
acct_0355,touch_1045,2026-09-13T10:59:00,community_events,camp_020
acct_0355,touch_1046,2026-09-01T02:14:00,community_events,camp_013
acct_0356,touch_1047,2026-07-01T00:12:00,organic_direct,camp_017
acct_0356,touch_1048,2026-09-13T13:52:00,paid_social,camp_020
acct_0357,touch_1049,2026-07-10T15:57:00,organic_direct,camp_020
acct_0358,touch_1050,2026-08-25T16:48:00,paid_search,camp_003
acct_0359,touch_1051,2026-09-10T04:57:00,organic_direct,camp_018
acct_0359,touch_1052,2026-06-18T21:41:00,community_events,camp_017
acct_0359,touch_1053,2026-08-10T11:55:00,paid_search,camp_017
acct_0359,touch_1054,2026-08-11T07:51:00,community_events,camp_013
acct_0360,touch_1055,2026-09-01T23:58:00,organic_direct,camp_004
acct_0360,touch_1056,2026-08-11T04:16:00,community_events,camp_008
acct_0360,touch_1057,2026-06-28T09:38:00,organic_direct,camp_014
acct_0361,touch_1058,2026-07-12T00:45:00,paid_search,camp_019
acct_0361,touch_1059,2026-08-23T03:33:00,paid_search,camp_013
acct_0361,touch_1060,2026-09-09T06:44:00,developer_sponsorship,camp_014
acct_0362,touch_1061,2026-07-01T04:27:00,organic_direct,camp_009
acct_0362,touch_1062,2026-07-21T17:27:00,organic_direct,camp_012
acct_0362,touch_1063,2026-09-04T08:43:00,community_events,camp_007
acct_0363,touch_1064,2026-08-27T17:30:00,paid_social,camp_012
acct_0363,touch_1065,2026-08-28T17:30:00,developer_sponsorship,camp_010
acct_0363,touch_1066,2026-08-30T11:49:00,community_events,camp_005
acct_0363,touch_1067,2026-09-10T03:47:00,paid_social,camp_015
acct_0364,touch_1068,2026-06-30T06:32:00,community_events,camp_011
acct_0364,touch_1069,2026-08-27T19:44:00,paid_search,camp_006
acct_0365,touch_1070,2026-09-07T00:51:00,paid_search,camp_005
acct_0365,touch_1071,2026-08-17T19:27:00,paid_search,camp_003
acct_0365,touch_1072,2026-07-21T07:23:00,paid_search,camp_020
acct_0365,touch_1073,2026-06-22T23:24:00,community_events,camp_020
acct_0366,touch_1074,2026-07-24T22:38:00,paid_search,camp_006
acct_0366,touch_1075,2026-09-07T15:28:00,paid_search,camp_007
acct_0366,touch_1076,2026-09-10T16:18:00,paid_social,camp_002
acct_0366,touch_1077,2026-09-02T16:33:00,paid_social,camp_020
acct_0366,touch_1078,2026-07-09T21:02:00,developer_sponsorship,camp_008
acct_0367,touch_1079,2026-07-08T02:17:00,community_events,camp_012
acct_0368,touch_1080,2026-08-08T18:12:00,organic_direct,camp_001
acct_0368,touch_1081,2026-06-26T02:35:00,developer_sponsorship,camp_018
acct_0368,touch_1082,2026-08-31T11:22:00,developer_sponsorship,camp_008
acct_0368,touch_1083,2026-09-03T06:29:00,community_events,camp_019
acct_0369,touch_1084,2026-07-21T05:26:00,organic_direct,camp_004
acct_0370,touch_1085,2026-06-27T16:18:00,developer_sponsorship,camp_004
acct_0370,touch_1086,2026-08-22T08:56:00,organic_direct,camp_019
acct_0370,touch_1087,2026-07-20T22:28:00,community_events,camp_019
acct_0370,touch_1088,2026-08-18T07:48:00,developer_sponsorship,camp_015
acct_0370,touch_1089,2026-09-13T14:57:00,organic_direct,camp_001
acct_0371,touch_1090,2026-07-02T08:04:00,community_events,camp_008
acct_0371,touch_1091,2026-09-12T22:14:00,developer_sponsorship,camp_014
acct_0371,touch_1092,2026-08-02T16:34:00,paid_search,camp_009
acct_0371,touch_1093,2026-07-19T09:05:00,community_events,camp_011
acct_0372,touch_1094,2026-08-27T05:30:00,developer_sponsorship,camp_012
acct_0373,touch_1095,2026-08-30T08:11:00,paid_social,camp_016
acct_0373,touch_1096,2026-07-13T07:47:00,paid_social,camp_009
acct_0374,touch_1097,2026-07-17T06:53:00,paid_social,camp_020
acct_0374,touch_1098,2026-08-02T04:49:00,paid_search,camp_004
acct_0375,touch_1099,2026-09-12T21:31:00,organic_direct,camp_001
acct_0376,touch_1100,2026-06-23T15:23:00,organic_direct,camp_011
acct_0376,touch_1101,2026-08-20T18:55:00,developer_sponsorship,camp_016
acct_0376,touch_1102,2026-07-11T16:17:00,community_events,camp_008
acct_0376,touch_1103,2026-08-30T04:03:00,organic_direct,camp_014
acct_0376,touch_1104,2026-08-18T17:02:00,organic_direct,camp_012
acct_0377,touch_1105,2026-09-13T05:29:00,paid_search,camp_017
acct_0377,touch_1106,2026-08-15T10:44:00,paid_search,camp_001
acct_0377,touch_1107,2026-09-12T06:24:00,organic_direct,camp_004
acct_0377,touch_1108,2026-07-29T11:39:00,developer_sponsorship,camp_006
acct_0378,touch_1109,2026-07-21T07:17:00,community_events,camp_020
acct_0378,touch_1110,2026-07-31T11:11:00,community_events,camp_014
acct_0378,touch_1111,2026-07-14T13:44:00,developer_sponsorship,camp_012
acct_0378,touch_1112,2026-08-08T08:28:00,paid_social,camp_019
acct_0378,touch_1113,2026-07-04T18:43:00,paid_social,camp_004
acct_0379,touch_1114,2026-07-18T17:27:00,community_events,camp_007
acct_0379,touch_1115,2026-07-06T23:09:00,community_events,camp_001
acct_0379,touch_1116,2026-07-10T13:31:00,paid_social,camp_017
acct_0380,touch_1117,2026-07-28T15:19:00,developer_sponsorship,camp_018
acct_0380,touch_1118,2026-08-29T01:25:00,paid_search,camp_006
acct_0380,touch_1119,2026-06-25T06:52:00,developer_sponsorship,camp_016
acct_0380,touch_1120,2026-09-06T03:28:00,developer_sponsorship,camp_009
acct_0380,touch_1121,2026-08-03T11:35:00,organic_direct,camp_009
acct_0381,touch_1122,2026-06-20T13:07:00,developer_sponsorship,camp_020
acct_0381,touch_1123,2026-07-13T18:36:00,organic_direct,camp_006
acct_0381,touch_1124,2026-07-24T11:20:00,organic_direct,camp_016
acct_0382,touch_1125,2026-06-28T12:39:00,developer_sponsorship,camp_015
acct_0382,touch_1126,2026-09-06T04:55:00,paid_social,camp_011
acct_0382,touch_1127,2026-08-10T20:39:00,organic_direct,camp_013
acct_0382,touch_1128,2026-06-27T02:10:00,developer_sponsorship,camp_008
acct_0383,touch_1129,2026-07-28T20:18:00,developer_sponsorship,camp_020
acct_0383,touch_1130,2026-09-08T12:17:00,community_events,camp_012
acct_0383,touch_1131,2026-09-01T16:28:00,community_events,camp_006
acct_0384,touch_1132,2026-06-20T04:46:00,paid_social,camp_009
acct_0384,touch_1133,2026-09-15T23:05:00,paid_social,camp_006
acct_0385,touch_1134,2026-07-01T03:04:00,community_events,camp_018
acct_0385,touch_1135,2026-06-24T00:49:00,community_events,camp_017
acct_0385,touch_1136,2026-06-28T03:16:00,organic_direct,camp_005
acct_0385,touch_1137,2026-06-28T20:59:00,community_events,camp_010
acct_0386,touch_1138,2026-07-19T23:18:00,community_events,camp_005
acct_0386,touch_1139,2026-07-04T16:53:00,paid_social,camp_001
acct_0387,touch_1140,2026-09-10T11:55:00,developer_sponsorship,camp_016
acct_0388,touch_1141,2026-08-26T08:35:00,community_events,camp_005
acct_0388,touch_1142,2026-09-15T17:11:00,organic_direct,camp_020
acct_0388,touch_1143,2026-08-15T20:47:00,organic_direct,camp_014
acct_0388,touch_1144,2026-08-24T20:40:00,organic_direct,camp_010
acct_0389,touch_1145,2026-08-18T17:14:00,paid_search,camp_015
acct_0389,touch_1146,2026-07-27T11:26:00,developer_sponsorship,camp_005
acct_0389,touch_1147,2026-07-26T00:00:00,organic_direct,camp_005
acct_0390,touch_1148,2026-07-24T15:34:00,paid_search,camp_016
acct_0390,touch_1149,2026-08-18T09:00:00,community_events,camp_010
acct_0390,touch_1150,2026-09-02T07:50:00,paid_search,camp_018
acct_0391,touch_1151,2026-07-12T13:56:00,organic_direct,camp_014
acct_0391,touch_1152,2026-08-07T07:10:00,community_events,camp_013
acct_0391,touch_1153,2026-07-16T08:05:00,community_events,camp_008
acct_0392,touch_1154,2026-09-04T22:43:00,developer_sponsorship,camp_010
acct_0392,touch_1155,2026-09-09T23:34:00,developer_sponsorship,camp_014
acct_0392,touch_1156,2026-07-12T02:11:00,paid_social,camp_010
acct_0392,touch_1157,2026-07-02T20:29:00,organic_direct,camp_015
acct_0392,touch_1158,2026-07-22T22:39:00,community_events,camp_007
acct_0393,touch_1159,2026-06-20T04:03:00,organic_direct,camp_001
acct_0393,touch_1160,2026-07-11T03:18:00,developer_sponsorship,camp_005
acct_0393,touch_1161,2026-08-13T23:00:00,paid_social,camp_003
acct_0394,touch_1162,2026-06-19T15:13:00,developer_sponsorship,camp_014
acct_0394,touch_1163,2026-07-27T15:23:00,community_events,camp_002
acct_0395,touch_1164,2026-06-28T04:03:00,developer_sponsorship,camp_013
acct_0395,touch_1165,2026-06-27T17:30:00,paid_social,camp_007
acct_0395,touch_1166,2026-07-20T12:53:00,paid_search,camp_004
acct_0396,touch_1167,2026-08-06T14:15:00,paid_search,camp_007
acct_0396,touch_1168,2026-08-15T23:49:00,paid_search,camp_017
acct_0397,touch_1169,2026-08-17T12:43:00,developer_sponsorship,camp_011
acct_0397,touch_1170,2026-07-08T20:46:00,paid_search,camp_018
acct_0398,touch_1171,2026-07-03T08:30:00,developer_sponsorship,camp_007
acct_0398,touch_1172,2026-08-03T01:55:00,paid_social,camp_004
acct_0398,touch_1173,2026-07-18T20:27:00,developer_sponsorship,camp_001
acct_0398,touch_1174,2026-07-09T08:37:00,paid_search,camp_013
acct_0398,touch_1175,2026-07-19T00:02:00,organic_direct,camp_016
acct_0399,touch_1176,2026-07-07T11:49:00,paid_search,camp_008
acct_0399,touch_1177,2026-07-08T15:05:00,organic_direct,camp_011
acct_0399,touch_1178,2026-09-06T01:03:00,developer_sponsorship,camp_005
acct_0399,touch_1179,2026-09-15T17:50:00,paid_search,camp_005
acct_0399,touch_1180,2026-08-19T07:20:00,organic_direct,camp_012
acct_0400,touch_1181,2026-07-12T00:44:00,community_events,camp_012
acct_0400,touch_1182,2026-07-05T08:57:00,paid_search,camp_016
acct_0400,touch_1183,2026-08-13T17:18:00,organic_direct,camp_016
acct_0400,touch_1184,2026-07-12T18:11:00,organic_direct,camp_012
acct_0401,touch_1185,2026-08-16T08:55:00,organic_direct,camp_018
acct_0401,touch_1186,2026-07-08T02:33:00,paid_social,camp_015
acct_0401,touch_1187,2026-07-25T08:34:00,developer_sponsorship,camp_015
acct_0402,touch_1188,2026-09-07T16:24:00,paid_social,camp_001
acct_0403,touch_1189,2026-08-03T19:15:00,developer_sponsorship,camp_003
acct_0403,touch_1190,2026-09-10T17:52:00,community_events,camp_007
acct_0403,touch_1191,2026-08-24T21:31:00,organic_direct,camp_005
acct_0403,touch_1192,2026-09-04T09:20:00,community_events,camp_011
acct_0403,touch_1193,2026-07-02T03:33:00,paid_search,camp_002
acct_0404,touch_1194,2026-07-10T01:12:00,paid_search,camp_016
acct_0404,touch_1195,2026-07-12T03:02:00,organic_direct,camp_013
acct_0405,touch_1196,2026-08-24T19:44:00,organic_direct,camp_009
acct_0405,touch_1197,2026-06-24T11:14:00,organic_direct,camp_003
acct_0405,touch_1198,2026-06-19T06:41:00,community_events,camp_003
acct_0405,touch_1199,2026-08-16T20:03:00,developer_sponsorship,camp_018
acct_0406,touch_1200,2026-08-04T22:03:00,organic_direct,camp_009
acct_0406,touch_1201,2026-08-24T01:46:00,paid_search,camp_010
acct_0406,touch_1202,2026-06-27T06:33:00,paid_search,camp_004
acct_0406,touch_1203,2026-07-17T17:24:00,paid_social,camp_007
acct_0407,touch_1204,2026-09-10T07:36:00,paid_social,camp_018
acct_0407,touch_1205,2026-08-28T13:47:00,paid_search,camp_019
acct_0407,touch_1206,2026-08-02T21:29:00,community_events,camp_004
acct_0407,touch_1207,2026-07-09T05:35:00,community_events,camp_017
acct_0407,touch_1208,2026-07-31T21:10:00,organic_direct,camp_020
acct_0408,touch_1209,2026-08-02T10:35:00,developer_sponsorship,camp_012
acct_0408,touch_1210,2026-08-09T20:27:00,developer_sponsorship,camp_020
acct_0408,touch_1211,2026-07-18T18:34:00,paid_social,camp_013
acct_0408,touch_1212,2026-08-27T23:16:00,developer_sponsorship,camp_015
acct_0409,touch_1213,2026-08-07T00:46:00,paid_search,camp_010
acct_0409,touch_1214,2026-09-02T00:33:00,paid_social,camp_010
acct_0409,touch_1215,2026-06-18T09:14:00,paid_social,camp_011
acct_0409,touch_1216,2026-06-20T22:52:00,developer_sponsorship,camp_018
acct_0410,touch_1217,2026-08-28T18:59:00,organic_direct,camp_005
acct_0410,touch_1218,2026-06-30T01:29:00,developer_sponsorship,camp_005
acct_0410,touch_1219,2026-07-05T08:23:00,organic_direct,camp_008
acct_0410,touch_1220,2026-07-17T08:51:00,developer_sponsorship,camp_003
acct_0410,touch_1221,2026-08-30T12:36:00,paid_social,camp_003
acct_0411,touch_1222,2026-08-18T05:31:00,organic_direct,camp_004
acct_0411,touch_1223,2026-09-02T20:19:00,paid_search,camp_019
acct_0411,touch_1224,2026-08-05T02:49:00,paid_search,camp_011
acct_0412,touch_1225,2026-08-12T13:59:00,paid_search,camp_008
acct_0412,touch_1226,2026-09-09T19:59:00,paid_search,camp_013
acct_0412,touch_1227,2026-06-24T09:33:00,paid_search,camp_011
acct_0413,touch_1228,2026-08-29T04:20:00,organic_direct,camp_008
acct_0413,touch_1229,2026-07-07T01:43:00,community_events,camp_015
acct_0413,touch_1230,2026-09-02T18:32:00,paid_search,camp_008
acct_0413,touch_1231,2026-08-12T09:50:00,community_events,camp_005
acct_0413,touch_1232,2026-07-04T10:05:00,community_events,camp_019
acct_0414,touch_1233,2026-08-27T12:16:00,paid_search,camp_013
acct_0415,touch_1234,2026-08-12T22:08:00,paid_social,camp_016
acct_0415,touch_1235,2026-08-28T06:31:00,community_events,camp_019
acct_0415,touch_1236,2026-07-13T17:39:00,organic_direct,camp_008
acct_0415,touch_1237,2026-07-19T02:17:00,community_events,camp_011
acct_0415,touch_1238,2026-09-13T18:05:00,paid_search,camp_014
acct_0416,touch_1239,2026-08-03T11:12:00,developer_sponsorship,camp_012
acct_0416,touch_1240,2026-09-02T20:01:00,developer_sponsorship,camp_006
acct_0416,touch_1241,2026-08-01T19:52:00,community_events,camp_020
acct_0416,touch_1242,2026-07-06T14:02:00,paid_social,camp_007
acct_0417,touch_1243,2026-07-07T23:54:00,paid_search,camp_004
acct_0417,touch_1244,2026-06-24T07:39:00,paid_social,camp_010
acct_0417,touch_1245,2026-06-19T10:44:00,paid_search,camp_010
acct_0418,touch_1246,2026-08-17T00:21:00,paid_social,camp_018
acct_0418,touch_1247,2026-07-15T06:34:00,organic_direct,camp_009
acct_0418,touch_1248,2026-08-27T15:39:00,paid_social,camp_001
acct_0418,touch_1249,2026-08-05T18:57:00,organic_direct,camp_002
acct_0419,touch_1250,2026-07-09T01:18:00,paid_social,camp_020
acct_0419,touch_1251,2026-07-22T01:29:00,paid_search,camp_003
acct_0419,touch_1252,2026-08-06T21:17:00,developer_sponsorship,camp_004
acct_0420,touch_1253,2026-07-25T20:24:00,paid_social,camp_013
acct_0421,touch_1254,2026-06-30T10:31:00,organic_direct,camp_018
acct_0421,touch_1255,2026-06-29T05:12:00,organic_direct,camp_015
acct_0421,touch_1256,2026-08-28T22:01:00,paid_search,camp_008
acct_0421,touch_1257,2026-08-24T09:21:00,community_events,camp_013
acct_0421,touch_1258,2026-07-08T00:22:00,developer_sponsorship,camp_012
acct_0422,touch_1259,2026-07-18T16:17:00,paid_search,camp_009
acct_0422,touch_1260,2026-08-06T00:35:00,developer_sponsorship,camp_008
acct_0422,touch_1261,2026-07-07T10:57:00,community_events,camp_005
acct_0423,touch_1262,2026-08-05T16:43:00,organic_direct,camp_008
acct_0424,touch_1263,2026-07-18T18:09:00,community_events,camp_010
acct_0424,touch_1264,2026-09-03T10:28:00,organic_direct,camp_005
acct_0424,touch_1265,2026-07-14T20:08:00,organic_direct,camp_018
acct_0424,touch_1266,2026-09-13T06:55:00,paid_social,camp_010
acct_0425,touch_1267,2026-07-05T13:58:00,paid_social,camp_019
acct_0425,touch_1268,2026-07-08T10:04:00,organic_direct,camp_018
acct_0425,touch_1269,2026-07-03T05:20:00,paid_social,camp_001
acct_0425,touch_1270,2026-07-28T13:26:00,developer_sponsorship,camp_015
acct_0425,touch_1271,2026-09-07T23:17:00,paid_social,camp_007
acct_0426,touch_1272,2026-07-04T05:01:00,organic_direct,camp_020
acct_0427,touch_1273,2026-09-03T18:39:00,paid_social,camp_020
acct_0427,touch_1274,2026-07-17T07:43:00,paid_search,camp_012
acct_0427,touch_1275,2026-06-28T22:49:00,community_events,camp_005
acct_0428,touch_1276,2026-09-03T15:45:00,developer_sponsorship,camp_006
acct_0428,touch_1277,2026-08-06T15:30:00,paid_social,camp_006
acct_0428,touch_1278,2026-07-12T07:02:00,community_events,camp_001
acct_0428,touch_1279,2026-07-22T13:14:00,paid_social,camp_007
acct_0428,touch_1280,2026-06-26T05:59:00,community_events,camp_020
acct_0429,touch_1281,2026-09-14T10:55:00,community_events,camp_008
acct_0429,touch_1282,2026-08-11T12:49:00,paid_search,camp_020
acct_0429,touch_1283,2026-08-05T23:20:00,community_events,camp_020
acct_0429,touch_1284,2026-08-30T19:34:00,organic_direct,camp_002
acct_0430,touch_1285,2026-07-01T14:29:00,paid_search,camp_008
acct_0430,touch_1286,2026-08-23T17:25:00,paid_search,camp_018
acct_0430,touch_1287,2026-08-06T16:48:00,paid_search,camp_007
acct_0430,touch_1288,2026-07-25T14:25:00,developer_sponsorship,camp_010
acct_0430,touch_1289,2026-08-16T05:27:00,developer_sponsorship,camp_020
acct_0431,touch_1290,2026-09-14T16:57:00,paid_social,camp_015
acct_0432,touch_1291,2026-06-29T23:32:00,paid_search,camp_006
acct_0432,touch_1292,2026-08-31T22:34:00,paid_social,camp_013
acct_0432,touch_1293,2026-08-09T10:28:00,paid_search,camp_006
acct_0432,touch_1294,2026-08-15T18:57:00,paid_social,camp_015
acct_0433,touch_1295,2026-07-20T10:44:00,paid_social,camp_004
acct_0434,touch_1296,2026-07-02T22:28:00,developer_sponsorship,camp_003
acct_0435,touch_1297,2026-08-06T23:50:00,organic_direct,camp_020
acct_0435,touch_1298,2026-07-08T12:35:00,community_events,camp_002
acct_0435,touch_1299,2026-07-09T10:36:00,paid_social,camp_006
acct_0435,touch_1300,2026-07-06T05:49:00,paid_search,camp_014
acct_0435,touch_1301,2026-07-27T09:46:00,community_events,camp_010
acct_0436,touch_1302,2026-07-03T04:12:00,paid_search,camp_020
acct_0436,touch_1303,2026-07-20T00:29:00,community_events,camp_016
acct_0437,touch_1304,2026-06-18T19:56:00,community_events,camp_008
acct_0437,touch_1305,2026-07-15T18:42:00,community_events,camp_015
acct_0437,touch_1306,2026-08-09T14:05:00,organic_direct,camp_020
acct_0437,touch_1307,2026-06-18T07:56:00,organic_direct,camp_009
acct_0437,touch_1308,2026-09-05T20:35:00,paid_social,camp_002
acct_0438,touch_1309,2026-07-06T01:41:00,developer_sponsorship,camp_002
acct_0438,touch_1310,2026-07-06T01:42:00,organic_direct,camp_020
acct_0439,touch_1311,2026-07-30T02:03:00,paid_search,camp_014
acct_0439,touch_1312,2026-07-10T05:43:00,developer_sponsorship,camp_020
acct_0439,touch_1313,2026-09-10T22:44:00,organic_direct,camp_019
acct_0440,touch_1314,2026-07-10T14:47:00,organic_direct,camp_012
acct_0440,touch_1315,2026-06-22T02:49:00,developer_sponsorship,camp_011
acct_0440,touch_1316,2026-08-04T12:52:00,paid_search,camp_014
acct_0440,touch_1317,2026-08-27T02:18:00,community_events,camp_005
acct_0440,touch_1318,2026-07-03T22:55:00,developer_sponsorship,camp_011
acct_0441,touch_1319,2026-08-09T16:13:00,paid_social,camp_020
acct_0441,touch_1320,2026-06-25T03:36:00,organic_direct,camp_003
acct_0441,touch_1321,2026-08-18T23:44:00,organic_direct,camp_010
acct_0441,touch_1322,2026-08-11T19:54:00,developer_sponsorship,camp_009
acct_0441,touch_1323,2026-08-24T18:39:00,developer_sponsorship,camp_005
acct_0442,touch_1324,2026-08-29T15:33:00,community_events,camp_016
acct_0442,touch_1325,2026-07-11T19:14:00,developer_sponsorship,camp_007
acct_0442,touch_1326,2026-06-18T03:01:00,community_events,camp_004
acct_0442,touch_1327,2026-07-14T19:26:00,community_events,camp_002
acct_0442,touch_1328,2026-07-30T11:35:00,paid_social,camp_001
acct_0443,touch_1329,2026-09-14T09:16:00,paid_search,camp_010
acct_0443,touch_1330,2026-07-26T16:35:00,developer_sponsorship,camp_001
acct_0444,touch_1331,2026-09-13T10:21:00,community_events,camp_019
acct_0445,touch_1332,2026-06-21T05:12:00,developer_sponsorship,camp_011
acct_0445,touch_1333,2026-09-12T15:58:00,community_events,camp_002
acct_0445,touch_1334,2026-09-08T04:30:00,paid_social,camp_015
acct_0445,touch_1335,2026-08-25T10:29:00,community_events,camp_002
acct_0445,touch_1336,2026-08-23T09:36:00,developer_sponsorship,camp_018
acct_0446,touch_1337,2026-06-20T06:36:00,developer_sponsorship,camp_012
acct_0446,touch_1338,2026-06-26T04:17:00,paid_search,camp_011
acct_0446,touch_1339,2026-08-05T20:34:00,paid_social,camp_019
acct_0446,touch_1340,2026-09-03T12:11:00,organic_direct,camp_004
acct_0446,touch_1341,2026-07-27T22:54:00,developer_sponsorship,camp_002
acct_0447,touch_1342,2026-08-09T02:31:00,paid_social,camp_012
acct_0447,touch_1343,2026-08-14T09:13:00,organic_direct,camp_010
acct_0447,touch_1344,2026-07-10T03:23:00,paid_search,camp_007
acct_0448,touch_1345,2026-08-13T16:01:00,community_events,camp_017
acct_0449,touch_1346,2026-07-12T10:59:00,community_events,camp_017
acct_0449,touch_1347,2026-07-27T10:09:00,paid_search,camp_017
acct_0450,touch_1348,2026-07-14T23:02:00,community_events,camp_013
acct_0450,touch_1349,2026-08-23T03:00:00,developer_sponsorship,camp_002
acct_0451,touch_1350,2026-06-29T10:29:00,paid_search,camp_004
acct_0451,touch_1351,2026-08-23T21:47:00,developer_sponsorship,camp_001
acct_0451,touch_1352,2026-08-30T09:40:00,paid_social,camp_011
acct_0451,touch_1353,2026-07-13T06:18:00,developer_sponsorship,camp_018
acct_0451,touch_1354,2026-07-28T14:42:00,paid_search,camp_009
acct_0452,touch_1355,2026-07-08T08:07:00,paid_search,camp_020
acct_0452,touch_1356,2026-08-28T16:06:00,paid_social,camp_018
acct_0453,touch_1357,2026-08-27T10:17:00,paid_social,camp_010
acct_0453,touch_1358,2026-08-30T07:10:00,paid_search,camp_010
acct_0453,touch_1359,2026-09-04T10:34:00,community_events,camp_002
acct_0454,touch_1360,2026-06-21T15:57:00,paid_search,camp_004
acct_0454,touch_1361,2026-08-06T01:05:00,community_events,camp_013
acct_0455,touch_1362,2026-09-02T18:40:00,community_events,camp_020
acct_0455,touch_1363,2026-08-02T09:21:00,paid_social,camp_018
acct_0456,touch_1364,2026-08-16T18:08:00,paid_search,camp_015
acct_0457,touch_1365,2026-08-15T09:43:00,community_events,camp_016
acct_0458,touch_1366,2026-07-16T04:55:00,organic_direct,camp_009
acct_0458,touch_1367,2026-08-03T12:11:00,developer_sponsorship,camp_011
acct_0459,touch_1368,2026-08-19T00:04:00,community_events,camp_004
acct_0459,touch_1369,2026-08-01T15:29:00,paid_social,camp_010
acct_0459,touch_1370,2026-08-01T19:36:00,paid_social,camp_017
acct_0459,touch_1371,2026-07-01T12:52:00,paid_search,camp_011
acct_0460,touch_1372,2026-09-09T02:50:00,developer_sponsorship,camp_018
acct_0460,touch_1373,2026-08-16T12:37:00,community_events,camp_008
acct_0460,touch_1374,2026-09-05T07:35:00,paid_social,camp_016
acct_0460,touch_1375,2026-08-06T02:21:00,paid_social,camp_019
acct_0460,touch_1376,2026-08-12T13:36:00,developer_sponsorship,camp_018
acct_0461,touch_1377,2026-07-10T21:42:00,paid_search,camp_019
acct_0461,touch_1378,2026-08-19T03:37:00,organic_direct,camp_015
acct_0462,touch_1379,2026-08-28T03:52:00,community_events,camp_006
acct_0462,touch_1380,2026-07-27T12:04:00,organic_direct,camp_004
acct_0462,touch_1381,2026-09-13T19:49:00,community_events,camp_011
acct_0463,touch_1382,2026-09-08T21:03:00,paid_search,camp_007
acct_0463,touch_1383,2026-07-05T18:57:00,paid_search,camp_005
acct_0463,touch_1384,2026-09-10T04:28:00,organic_direct,camp_010
acct_0463,touch_1385,2026-08-06T19:36:00,community_events,camp_007
acct_0464,touch_1386,2026-09-13T10:19:00,organic_direct,camp_010
acct_0464,touch_1387,2026-08-12T22:58:00,developer_sponsorship,camp_003
acct_0465,touch_1388,2026-06-19T19:32:00,community_events,camp_005
acct_0465,touch_1389,2026-07-25T01:23:00,organic_direct,camp_002
acct_0465,touch_1390,2026-06-18T22:35:00,developer_sponsorship,camp_004
acct_0465,touch_1391,2026-07-24T00:15:00,community_events,camp_019
acct_0465,touch_1392,2026-08-07T20:20:00,community_events,camp_013
acct_0466,touch_1393,2026-08-12T17:13:00,paid_social,camp_016
acct_0466,touch_1394,2026-07-05T06:35:00,community_events,camp_012
acct_0466,touch_1395,2026-08-10T04:18:00,paid_social,camp_005
acct_0466,touch_1396,2026-06-19T02:41:00,paid_search,camp_005
acct_0467,touch_1397,2026-09-10T13:08:00,paid_search,camp_005
acct_0467,touch_1398,2026-09-08T13:55:00,community_events,camp_020
acct_0467,touch_1399,2026-08-11T19:11:00,community_events,camp_017
acct_0467,touch_1400,2026-08-11T17:52:00,community_events,camp_013
acct_0468,touch_1401,2026-07-16T05:27:00,organic_direct,camp_001
acct_0468,touch_1402,2026-08-30T15:54:00,paid_social,camp_017
acct_0468,touch_1403,2026-07-22T13:59:00,organic_direct,camp_019
acct_0469,touch_1404,2026-06-22T01:36:00,community_events,camp_012
acct_0469,touch_1405,2026-07-02T18:30:00,paid_search,camp_005
acct_0469,touch_1406,2026-08-24T08:29:00,organic_direct,camp_003
acct_0470,touch_1407,2026-09-04T02:15:00,community_events,camp_003
acct_0470,touch_1408,2026-09-13T20:34:00,organic_direct,camp_010
acct_0470,touch_1409,2026-09-04T01:57:00,developer_sponsorship,camp_018
acct_0470,touch_1410,2026-06-19T15:29:00,organic_direct,camp_016
acct_0470,touch_1411,2026-08-30T23:21:00,community_events,camp_012
acct_0471,touch_1412,2026-07-25T05:02:00,organic_direct,camp_010
acct_0471,touch_1413,2026-08-29T08:03:00,community_events,camp_019
acct_0471,touch_1414,2026-07-09T18:03:00,developer_sponsorship,camp_020
acct_0472,touch_1415,2026-07-24T15:05:00,paid_social,camp_017
acct_0473,touch_1416,2026-07-23T08:08:00,organic_direct,camp_009
acct_0474,touch_1417,2026-07-20T00:47:00,paid_search,camp_020
acct_0474,touch_1418,2026-07-10T18:47:00,paid_social,camp_015
acct_0474,touch_1419,2026-08-04T05:16:00,paid_social,camp_016
acct_0475,touch_1420,2026-08-24T01:21:00,paid_search,camp_005
acct_0475,touch_1421,2026-09-02T04:53:00,community_events,camp_014
acct_0476,touch_1422,2026-07-18T21:28:00,paid_social,camp_007
acct_0476,touch_1423,2026-08-30T23:53:00,developer_sponsorship,camp_002
acct_0476,touch_1424,2026-09-08T08:48:00,paid_search,camp_002
acct_0476,touch_1425,2026-07-09T14:25:00,community_events,camp_010
acct_0477,touch_1426,2026-08-25T07:24:00,community_events,camp_016
acct_0477,touch_1427,2026-07-21T04:33:00,community_events,camp_001
acct_0477,touch_1428,2026-07-24T14:24:00,developer_sponsorship,camp_017
acct_0477,touch_1429,2026-09-13T01:06:00,organic_direct,camp_012
acct_0478,touch_1430,2026-09-04T20:54:00,developer_sponsorship,camp_011
acct_0478,touch_1431,2026-07-22T08:51:00,paid_search,camp_009
acct_0478,touch_1432,2026-09-09T18:25:00,community_events,camp_008
acct_0478,touch_1433,2026-09-12T18:49:00,paid_social,camp_017
acct_0479,touch_1434,2026-09-12T22:11:00,developer_sponsorship,camp_018
acct_0479,touch_1435,2026-06-19T21:00:00,paid_search,camp_001
acct_0479,touch_1436,2026-08-09T03:33:00,paid_search,camp_015
acct_0480,touch_1437,2026-07-16T23:18:00,developer_sponsorship,camp_007
acct_0480,touch_1438,2026-06-22T00:39:00,paid_search,camp_002
acct_0480,touch_1439,2026-09-02T21:57:00,paid_social,camp_020
acct_0481,touch_1440,2026-07-03T02:54:00,organic_direct,camp_005
acct_0482,touch_1441,2026-09-10T20:36:00,paid_social,camp_004
acct_0482,touch_1442,2026-09-15T05:16:00,developer_sponsorship,camp_015
acct_0482,touch_1443,2026-09-10T02:40:00,community_events,camp_009
acct_0482,touch_1444,2026-08-11T22:57:00,developer_sponsorship,camp_009
acct_0483,touch_1445,2026-06-27T08:49:00,paid_search,camp_013
acct_0483,touch_1446,2026-08-06T10:03:00,developer_sponsorship,camp_009
acct_0484,touch_1447,2026-08-13T02:31:00,paid_social,camp_020
acct_0484,touch_1448,2026-08-07T05:41:00,community_events,camp_004
acct_0485,touch_1449,2026-08-26T13:13:00,organic_direct,camp_004
acct_0485,touch_1450,2026-08-13T22:16:00,paid_search,camp_002
acct_0486,touch_1451,2026-06-27T18:46:00,developer_sponsorship,camp_015
acct_0487,touch_1452,2026-08-20T04:41:00,paid_search,camp_002
acct_0488,touch_1453,2026-07-22T04:44:00,developer_sponsorship,camp_013
acct_0488,touch_1454,2026-08-30T00:32:00,community_events,camp_016
acct_0488,touch_1455,2026-08-12T12:54:00,paid_search,camp_018
acct_0488,touch_1456,2026-07-16T00:24:00,community_events,camp_004
acct_0489,touch_1457,2026-08-25T11:21:00,developer_sponsorship,camp_013
acct_0489,touch_1458,2026-06-25T20:41:00,paid_search,camp_012
acct_0489,touch_1459,2026-08-25T10:05:00,community_events,camp_010
acct_0489,touch_1460,2026-09-08T06:11:00,organic_direct,camp_002
acct_0489,touch_1461,2026-08-06T21:12:00,developer_sponsorship,camp_013
acct_0490,touch_1462,2026-09-06T22:22:00,community_events,camp_003
acct_0491,touch_1463,2026-07-12T04:02:00,paid_social,camp_001
acct_0491,touch_1464,2026-09-01T07:31:00,community_events,camp_003
acct_0491,touch_1465,2026-08-26T20:19:00,community_events,camp_018
acct_0491,touch_1466,2026-08-14T00:02:00,developer_sponsorship,camp_002
acct_0492,touch_1467,2026-06-23T12:07:00,paid_social,camp_017
acct_0492,touch_1468,2026-08-15T21:55:00,organic_direct,camp_005
acct_0492,touch_1469,2026-08-31T07:59:00,paid_search,camp_002
acct_0493,touch_1470,2026-08-19T20:01:00,community_events,camp_020
acct_0493,touch_1471,2026-06-23T07:44:00,paid_social,camp_001
acct_0494,touch_1472,2026-09-06T01:57:00,developer_sponsorship,camp_004
acct_0494,touch_1473,2026-08-15T19:10:00,organic_direct,camp_003
acct_0495,touch_1474,2026-07-02T15:38:00,organic_direct,camp_008
acct_0496,touch_1475,2026-07-13T13:21:00,community_events,camp_011
acct_0497,touch_1476,2026-09-13T18:34:00,paid_social,camp_011
acct_0498,touch_1477,2026-06-23T18:11:00,developer_sponsorship,camp_003
acct_0498,touch_1478,2026-07-03T08:09:00,community_events,camp_006
acct_0499,touch_1479,2026-08-27T05:28:00,paid_social,camp_019
acct_0499,touch_1480,2026-06-23T04:06:00,organic_direct,camp_013
acct_0499,touch_1481,2026-07-08T00:56:00,community_events,camp_003
acct_0500,touch_1482,2026-06-18T05:59:00,paid_search,camp_019
acct_0501,touch_1483,2026-08-10T22:51:00,community_events,camp_005
acct_0501,touch_1484,2026-07-14T04:40:00,developer_sponsorship,camp_017
acct_0501,touch_1485,2026-08-14T13:15:00,paid_social,camp_020
acct_0502,touch_1486,2026-09-02T05:45:00,community_events,camp_020
acct_0503,touch_1487,2026-09-06T09:22:00,community_events,camp_001
acct_0504,touch_1488,2026-07-18T06:07:00,organic_direct,camp_004
acct_0504,touch_1489,2026-09-05T11:55:00,organic_direct,camp_017
acct_0504,touch_1490,2026-07-16T14:49:00,paid_social,camp_009
acct_0504,touch_1491,2026-06-24T06:07:00,paid_social,camp_016
acct_0504,touch_1492,2026-08-20T05:10:00,paid_search,camp_002
acct_0505,touch_1493,2026-07-24T06:27:00,developer_sponsorship,camp_011
acct_0505,touch_1494,2026-09-04T14:02:00,paid_search,camp_002
acct_0505,touch_1495,2026-08-25T05:10:00,paid_search,camp_016
acct_0506,touch_1496,2026-07-02T02:57:00,paid_social,camp_015
acct_0506,touch_1497,2026-09-01T18:20:00,community_events,camp_007
acct_0506,touch_1498,2026-09-12T10:14:00,paid_search,camp_011
acct_0506,touch_1499,2026-07-17T03:15:00,community_events,camp_007
acct_0506,touch_1500,2026-08-05T07:04:00,community_events,camp_019
acct_0507,touch_1501,2026-06-24T13:09:00,paid_social,camp_020
acct_0507,touch_1502,2026-08-15T05:24:00,developer_sponsorship,camp_005
acct_0507,touch_1503,2026-08-15T23:12:00,developer_sponsorship,camp_009
acct_0507,touch_1504,2026-07-13T10:08:00,paid_search,camp_019
acct_0508,touch_1505,2026-07-23T04:07:00,community_events,camp_015
acct_0509,touch_1506,2026-07-09T10:14:00,developer_sponsorship,camp_020
acct_0509,touch_1507,2026-07-08T20:39:00,paid_social,camp_019
acct_0509,touch_1508,2026-08-27T07:05:00,community_events,camp_017
acct_0509,touch_1509,2026-08-19T06:37:00,community_events,camp_015
acct_0510,touch_1510,2026-06-19T23:27:00,paid_social,camp_008
acct_0510,touch_1511,2026-07-29T13:37:00,paid_social,camp_019
acct_0510,touch_1512,2026-07-07T18:57:00,paid_search,camp_014
acct_0511,touch_1513,2026-06-23T15:46:00,organic_direct,camp_002
acct_0512,touch_1514,2026-08-24T12:30:00,paid_search,camp_015
acct_0512,touch_1515,2026-08-20T07:05:00,organic_direct,camp_001
acct_0512,touch_1516,2026-09-14T23:26:00,paid_social,camp_005
acct_0512,touch_1517,2026-08-02T09:15:00,paid_search,camp_001
acct_0513,touch_1518,2026-09-11T09:10:00,community_events,camp_019
acct_0513,touch_1519,2026-08-31T00:29:00,community_events,camp_005
acct_0513,touch_1520,2026-08-08T05:50:00,developer_sponsorship,camp_015
acct_0513,touch_1521,2026-09-07T00:55:00,paid_search,camp_013
acct_0514,touch_1522,2026-08-24T01:18:00,community_events,camp_009
acct_0514,touch_1523,2026-09-15T19:34:00,organic_direct,camp_007
acct_0514,touch_1524,2026-09-13T02:39:00,developer_sponsorship,camp_002
acct_0515,touch_1525,2026-09-12T11:56:00,paid_search,camp_004
acct_0515,touch_1526,2026-08-06T11:29:00,organic_direct,camp_002
acct_0515,touch_1527,2026-08-03T11:11:00,organic_direct,camp_003
acct_0515,touch_1528,2026-08-28T22:49:00,paid_social,camp_005
acct_0515,touch_1529,2026-07-30T07:34:00,paid_search,camp_016
acct_0516,touch_1530,2026-09-15T06:48:00,paid_social,camp_011
acct_0516,touch_1531,2026-08-02T08:32:00,community_events,camp_009
acct_0516,touch_1532,2026-06-24T02:23:00,developer_sponsorship,camp_015
acct_0516,touch_1533,2026-08-19T16:33:00,paid_search,camp_016
acct_0516,touch_1534,2026-08-25T21:52:00,organic_direct,camp_010
acct_0517,touch_1535,2026-09-05T11:51:00,paid_search,camp_007
acct_0517,touch_1536,2026-08-15T02:05:00,community_events,camp_006
acct_0517,touch_1537,2026-07-24T02:06:00,paid_social,camp_009
acct_0517,touch_1538,2026-07-02T22:09:00,community_events,camp_005
acct_0518,touch_1539,2026-08-23T20:01:00,developer_sponsorship,camp_014
acct_0518,touch_1540,2026-09-13T17:59:00,paid_social,camp_016
acct_0519,touch_1541,2026-08-10T14:47:00,paid_search,camp_010
acct_0519,touch_1542,2026-07-12T02:01:00,paid_social,camp_017
acct_0519,touch_1543,2026-09-08T10:26:00,organic_direct,camp_011
acct_0520,touch_1544,2026-08-19T18:42:00,organic_direct,camp_018
acct_0520,touch_1545,2026-08-13T14:19:00,organic_direct,camp_005
acct_0520,touch_1546,2026-07-27T05:50:00,developer_sponsorship,camp_008
acct_0521,touch_1547,2026-08-04T09:49:00,paid_search,camp_005
acct_0521,touch_1548,2026-08-02T09:29:00,paid_social,camp_020
acct_0521,touch_1549,2026-07-08T22:34:00,developer_sponsorship,camp_006
acct_0521,touch_1550,2026-07-10T22:44:00,paid_social,camp_006
acct_0522,touch_1551,2026-07-02T01:20:00,organic_direct,camp_005
acct_0522,touch_1552,2026-08-13T08:23:00,paid_social,camp_007
acct_0523,touch_1553,2026-06-22T21:20:00,developer_sponsorship,camp_005
acct_0523,touch_1554,2026-08-04T14:34:00,paid_social,camp_018
acct_0523,touch_1555,2026-07-26T03:58:00,paid_search,camp_013
acct_0523,touch_1556,2026-08-20T04:29:00,developer_sponsorship,camp_005
acct_0523,touch_1557,2026-06-18T23:34:00,organic_direct,camp_011
acct_0524,touch_1558,2026-08-17T09:48:00,organic_direct,camp_005
acct_0524,touch_1559,2026-08-29T23:58:00,community_events,camp_011
acct_0524,touch_1560,2026-09-14T03:46:00,community_events,camp_002
acct_0525,touch_1561,2026-09-12T17:07:00,developer_sponsorship,camp_001
acct_0525,touch_1562,2026-08-08T19:53:00,paid_social,camp_015
acct_0526,touch_1563,2026-06-29T10:03:00,organic_direct,camp_007
acct_0526,touch_1564,2026-08-31T16:14:00,developer_sponsorship,camp_007
acct_0526,touch_1565,2026-06-20T02:34:00,community_events,camp_003
acct_0527,touch_1566,2026-08-07T06:31:00,developer_sponsorship,camp_020
acct_0527,touch_1567,2026-09-03T16:03:00,developer_sponsorship,camp_013
acct_0527,touch_1568,2026-07-06T22:54:00,community_events,camp_012
acct_0527,touch_1569,2026-08-06T11:00:00,developer_sponsorship,camp_012
acct_0527,touch_1570,2026-08-01T09:28:00,organic_direct,camp_003
acct_0528,touch_1571,2026-08-13T23:26:00,community_events,camp_010
acct_0528,touch_1572,2026-07-08T23:57:00,community_events,camp_014
acct_0529,touch_1573,2026-09-01T19:05:00,paid_social,camp_007
acct_0529,touch_1574,2026-07-26T15:55:00,organic_direct,camp_011
acct_0530,touch_1575,2026-09-01T12:05:00,paid_search,camp_014
acct_0531,touch_1576,2026-08-10T05:35:00,community_events,camp_019
acct_0531,touch_1577,2026-07-05T06:11:00,community_events,camp_010
acct_0531,touch_1578,2026-08-27T15:02:00,developer_sponsorship,camp_019
acct_0532,touch_1579,2026-08-20T17:47:00,community_events,camp_008
acct_0532,touch_1580,2026-06-21T00:09:00,developer_sponsorship,camp_010
acct_0532,touch_1581,2026-09-07T20:30:00,paid_search,camp_010
acct_0533,touch_1582,2026-07-10T15:58:00,paid_social,camp_001
acct_0533,touch_1583,2026-07-03T08:31:00,paid_search,camp_020
acct_0533,touch_1584,2026-08-03T18:30:00,organic_direct,camp_014
acct_0533,touch_1585,2026-07-21T20:43:00,community_events,camp_004
acct_0534,touch_1586,2026-08-22T23:36:00,paid_search,camp_009
acct_0534,touch_1587,2026-07-08T18:03:00,paid_social,camp_011
acct_0534,touch_1588,2026-08-16T22:08:00,developer_sponsorship,camp_006
acct_0535,touch_1589,2026-07-22T11:26:00,developer_sponsorship,camp_002
acct_0536,touch_1590,2026-07-25T16:40:00,paid_search,camp_017
acct_0536,touch_1591,2026-07-12T20:11:00,paid_search,camp_020
acct_0536,touch_1592,2026-07-09T17:20:00,developer_sponsorship,camp_010
acct_0537,touch_1593,2026-09-13T22:44:00,developer_sponsorship,camp_004
acct_0537,touch_1594,2026-08-25T18:22:00,paid_social,camp_001
acct_0537,touch_1595,2026-07-05T16:18:00,developer_sponsorship,camp_016
acct_0538,touch_1596,2026-07-31T05:06:00,paid_social,camp_005
acct_0538,touch_1597,2026-08-21T07:53:00,paid_social,camp_018
acct_0538,touch_1598,2026-09-04T22:53:00,organic_direct,camp_018
acct_0538,touch_1599,2026-08-27T22:48:00,paid_search,camp_014
acct_0539,touch_1600,2026-06-27T03:52:00,paid_social,camp_001
acct_0539,touch_1601,2026-08-18T11:19:00,developer_sponsorship,camp_005
acct_0539,touch_1602,2026-08-13T19:33:00,developer_sponsorship,camp_006
acct_0539,touch_1603,2026-07-26T00:47:00,paid_search,camp_008
acct_0540,touch_1604,2026-09-14T04:44:00,paid_social,camp_010
acct_0540,touch_1605,2026-07-04T06:08:00,paid_search,camp_014
acct_0541,touch_1606,2026-06-27T00:49:00,community_events,camp_014
acct_0542,touch_1607,2026-07-13T03:02:00,organic_direct,camp_019
acct_0543,touch_1608,2026-08-17T03:58:00,developer_sponsorship,camp_002
acct_0544,touch_1609,2026-07-26T21:00:00,paid_search,camp_004
acct_0545,touch_1610,2026-07-14T18:57:00,paid_social,camp_006
acct_0545,touch_1611,2026-09-11T11:01:00,paid_search,camp_005
acct_0545,touch_1612,2026-07-23T18:22:00,developer_sponsorship,camp_006
acct_0545,touch_1613,2026-08-21T23:39:00,paid_social,camp_017
acct_0545,touch_1614,2026-08-29T02:06:00,organic_direct,camp_001
acct_0546,touch_1615,2026-07-15T22:12:00,developer_sponsorship,camp_006
acct_0546,touch_1616,2026-08-25T00:46:00,paid_search,camp_007
acct_0546,touch_1617,2026-08-21T22:30:00,developer_sponsorship,camp_019
acct_0546,touch_1618,2026-07-11T14:43:00,paid_search,camp_006
acct_0546,touch_1619,2026-08-02T12:27:00,paid_social,camp_017
acct_0547,touch_1620,2026-08-09T03:48:00,developer_sponsorship,camp_004
acct_0547,touch_1621,2026-08-16T03:33:00,paid_social,camp_016
acct_0548,touch_1622,2026-07-24T17:46:00,paid_search,camp_003
acct_0548,touch_1623,2026-07-29T15:07:00,community_events,camp_010
acct_0548,touch_1624,2026-08-15T19:47:00,developer_sponsorship,camp_015
acct_0549,touch_1625,2026-08-27T13:18:00,community_events,camp_007
acct_0549,touch_1626,2026-06-26T15:43:00,developer_sponsorship,camp_006
acct_0550,touch_1627,2026-09-12T15:43:00,paid_search,camp_013
acct_0551,touch_1628,2026-08-23T21:43:00,paid_search,camp_004
acct_0551,touch_1629,2026-07-06T12:25:00,organic_direct,camp_004
acct_0551,touch_1630,2026-07-09T02:23:00,paid_social,camp_011
acct_0551,touch_1631,2026-07-13T19:54:00,community_events,camp_004
acct_0552,touch_1632,2026-08-11T23:31:00,developer_sponsorship,camp_019
acct_0552,touch_1633,2026-09-01T08:48:00,community_events,camp_012
acct_0553,touch_1634,2026-09-11T19:25:00,community_events,camp_017
acct_0553,touch_1635,2026-07-23T04:49:00,community_events,camp_004
acct_0553,touch_1636,2026-07-03T08:31:00,community_events,camp_008
acct_0553,touch_1637,2026-09-06T04:01:00,paid_search,camp_002
acct_0554,touch_1638,2026-08-20T21:01:00,paid_social,camp_013
acct_0555,touch_1639,2026-09-12T10:09:00,developer_sponsorship,camp_020
acct_0555,touch_1640,2026-09-05T03:48:00,paid_search,camp_017
acct_0555,touch_1641,2026-08-20T14:12:00,developer_sponsorship,camp_016
acct_0555,touch_1642,2026-08-19T16:16:00,organic_direct,camp_011
acct_0555,touch_1643,2026-08-26T17:01:00,paid_search,camp_014
acct_0556,touch_1644,2026-08-06T14:20:00,community_events,camp_015
acct_0557,touch_1645,2026-06-22T01:11:00,organic_direct,camp_010
acct_0557,touch_1646,2026-07-09T15:27:00,paid_social,camp_010
acct_0557,touch_1647,2026-08-06T15:48:00,paid_search,camp_019
acct_0557,touch_1648,2026-09-12T15:42:00,organic_direct,camp_018
acct_0558,touch_1649,2026-08-17T15:35:00,paid_social,camp_017
acct_0558,touch_1650,2026-06-25T12:16:00,community_events,camp_019
acct_0558,touch_1651,2026-08-05T19:43:00,developer_sponsorship,camp_010
acct_0558,touch_1652,2026-07-29T01:01:00,organic_direct,camp_002
acct_0558,touch_1653,2026-07-04T11:22:00,organic_direct,camp_001
acct_0559,touch_1654,2026-08-05T03:27:00,developer_sponsorship,camp_012
acct_0559,touch_1655,2026-08-09T11:03:00,paid_social,camp_008
acct_0559,touch_1656,2026-07-18T20:19:00,organic_direct,camp_003
acct_0560,touch_1657,2026-07-27T03:21:00,paid_social,camp_001
acct_0561,touch_1658,2026-07-29T01:29:00,community_events,camp_019
acct_0561,touch_1659,2026-08-22T13:17:00,paid_search,camp_016
acct_0561,touch_1660,2026-09-01T00:20:00,community_events,camp_019
acct_0561,touch_1661,2026-08-06T10:36:00,paid_search,camp_016
acct_0561,touch_1662,2026-06-30T22:43:00,paid_social,camp_011
acct_0562,touch_1663,2026-08-21T21:21:00,paid_social,camp_020
acct_0562,touch_1664,2026-07-26T11:27:00,paid_social,camp_016
acct_0562,touch_1665,2026-09-07T02:53:00,organic_direct,camp_007
acct_0562,touch_1666,2026-07-24T08:03:00,developer_sponsorship,camp_019
acct_0563,touch_1667,2026-07-16T19:47:00,paid_search,camp_019
acct_0563,touch_1668,2026-06-30T18:21:00,developer_sponsorship,camp_003
acct_0563,touch_1669,2026-08-29T16:30:00,community_events,camp_007
acct_0563,touch_1670,2026-08-01T02:41:00,developer_sponsorship,camp_017
acct_0564,touch_1671,2026-08-12T21:34:00,developer_sponsorship,camp_007
acct_0564,touch_1672,2026-08-10T12:16:00,organic_direct,camp_017
acct_0564,touch_1673,2026-08-15T21:48:00,organic_direct,camp_006
acct_0565,touch_1674,2026-09-06T22:33:00,paid_social,camp_019
acct_0566,touch_1675,2026-07-15T21:52:00,community_events,camp_009
acct_0566,touch_1676,2026-09-07T17:51:00,organic_direct,camp_014
acct_0566,touch_1677,2026-08-29T23:40:00,paid_search,camp_017
acct_0566,touch_1678,2026-07-13T11:29:00,paid_social,camp_008
acct_0567,touch_1679,2026-09-13T09:54:00,community_events,camp_014
acct_0567,touch_1680,2026-07-28T02:40:00,paid_social,camp_014
acct_0568,touch_1681,2026-07-24T20:10:00,developer_sponsorship,camp_020
acct_0568,touch_1682,2026-07-18T12:15:00,paid_search,camp_005
acct_0568,touch_1683,2026-07-12T00:15:00,developer_sponsorship,camp_015
acct_0569,touch_1684,2026-08-28T13:27:00,paid_search,camp_007
acct_0569,touch_1685,2026-07-08T08:08:00,paid_search,camp_009
acct_0569,touch_1686,2026-07-23T21:35:00,paid_social,camp_002
acct_0569,touch_1687,2026-08-19T00:03:00,paid_search,camp_011
acct_0570,touch_1688,2026-07-26T02:57:00,community_events,camp_012
acct_0570,touch_1689,2026-09-11T21:56:00,paid_search,camp_013
acct_0570,touch_1690,2026-07-05T07:07:00,organic_direct,camp_017
acct_0570,touch_1691,2026-07-03T16:42:00,organic_direct,camp_017
acct_0570,touch_1692,2026-07-20T15:56:00,paid_search,camp_008
acct_0571,touch_1693,2026-07-03T10:21:00,organic_direct,camp_013
acct_0571,touch_1694,2026-07-18T13:13:00,paid_social,camp_004
acct_0571,touch_1695,2026-07-10T06:17:00,community_events,camp_014
acct_0571,touch_1696,2026-07-20T18:03:00,community_events,camp_018
acct_0571,touch_1697,2026-08-04T22:07:00,developer_sponsorship,camp_018
acct_0572,touch_1698,2026-08-17T21:15:00,developer_sponsorship,camp_005
acct_0572,touch_1699,2026-08-03T15:45:00,developer_sponsorship,camp_010
acct_0572,touch_1700,2026-06-20T20:57:00,organic_direct,camp_002
acct_0572,touch_1701,2026-09-10T01:44:00,paid_social,camp_009
acct_0573,touch_1702,2026-08-06T09:40:00,developer_sponsorship,camp_004
acct_0573,touch_1703,2026-08-25T07:54:00,community_events,camp_013
acct_0573,touch_1704,2026-06-19T12:59:00,developer_sponsorship,camp_010
acct_0573,touch_1705,2026-06-29T07:19:00,paid_social,camp_006
acct_0573,touch_1706,2026-08-13T20:20:00,community_events,camp_002
acct_0574,touch_1707,2026-06-28T15:30:00,community_events,camp_011
acct_0574,touch_1708,2026-08-11T03:52:00,paid_social,camp_009
acct_0574,touch_1709,2026-08-21T02:22:00,community_events,camp_020
acct_0575,touch_1710,2026-07-29T14:44:00,paid_search,camp_002
acct_0575,touch_1711,2026-09-08T20:11:00,community_events,camp_005
acct_0575,touch_1712,2026-06-18T12:12:00,developer_sponsorship,camp_011
acct_0575,touch_1713,2026-08-30T02:07:00,paid_social,camp_008
acct_0575,touch_1714,2026-08-23T22:49:00,paid_social,camp_020
acct_0576,touch_1715,2026-07-28T14:30:00,paid_social,camp_009
acct_0576,touch_1716,2026-07-10T21:37:00,developer_sponsorship,camp_010
acct_0576,touch_1717,2026-07-13T02:26:00,developer_sponsorship,camp_006
acct_0576,touch_1718,2026-08-07T12:53:00,organic_direct,camp_008
acct_0577,touch_1719,2026-06-20T17:41:00,organic_direct,camp_008
acct_0578,touch_1720,2026-08-16T06:16:00,paid_social,camp_002
acct_0579,touch_1721,2026-09-05T13:38:00,developer_sponsorship,camp_005
acct_0579,touch_1722,2026-06-29T11:10:00,organic_direct,camp_004
acct_0579,touch_1723,2026-06-19T22:33:00,community_events,camp_015
acct_0579,touch_1724,2026-09-12T15:07:00,paid_social,camp_007
acct_0580,touch_1725,2026-07-22T09:47:00,community_events,camp_013
acct_0580,touch_1726,2026-07-04T13:54:00,paid_social,camp_020
acct_0581,touch_1727,2026-07-24T23:43:00,paid_social,camp_014
acct_0581,touch_1728,2026-07-11T13:50:00,paid_social,camp_001
acct_0582,touch_1729,2026-07-21T07:39:00,community_events,camp_008
acct_0582,touch_1730,2026-08-04T18:43:00,community_events,camp_003
acct_0582,touch_1731,2026-06-19T15:08:00,developer_sponsorship,camp_013
acct_0583,touch_1732,2026-08-06T22:27:00,organic_direct,camp_009
acct_0583,touch_1733,2026-06-27T03:35:00,paid_search,camp_002
acct_0584,touch_1734,2026-07-18T15:58:00,developer_sponsorship,camp_020
acct_0584,touch_1735,2026-09-11T19:45:00,paid_search,camp_001
acct_0584,touch_1736,2026-07-20T16:39:00,community_events,camp_010
acct_0585,touch_1737,2026-09-11T11:08:00,organic_direct,camp_002
acct_0585,touch_1738,2026-08-31T05:16:00,paid_social,camp_017
acct_0585,touch_1739,2026-08-20T10:56:00,community_events,camp_005
acct_0585,touch_1740,2026-06-29T10:45:00,organic_direct,camp_014
acct_0586,touch_1741,2026-07-21T03:20:00,paid_search,camp_005
acct_0586,touch_1742,2026-08-20T08:47:00,developer_sponsorship,camp_014
acct_0587,touch_1743,2026-07-21T19:53:00,developer_sponsorship,camp_017
acct_0587,touch_1744,2026-07-28T13:57:00,paid_social,camp_011
acct_0587,touch_1745,2026-08-19T04:35:00,community_events,camp_002
acct_0588,touch_1746,2026-07-07T01:14:00,paid_social,camp_002
acct_0588,touch_1747,2026-08-17T08:10:00,community_events,camp_014
acct_0589,touch_1748,2026-08-20T01:28:00,developer_sponsorship,camp_018
acct_0590,touch_1749,2026-08-15T15:07:00,paid_social,camp_004
acct_0590,touch_1750,2026-08-01T02:13:00,developer_sponsorship,camp_006
acct_0590,touch_1751,2026-07-09T23:32:00,developer_sponsorship,camp_019
acct_0590,touch_1752,2026-09-10T18:13:00,organic_direct,camp_001
acct_0591,touch_1753,2026-08-30T05:26:00,paid_search,camp_008
acct_0591,touch_1754,2026-08-20T21:06:00,developer_sponsorship,camp_001
acct_0591,touch_1755,2026-07-24T21:43:00,paid_search,camp_013
acct_0591,touch_1756,2026-08-04T18:59:00,paid_search,camp_011
acct_0591,touch_1757,2026-07-07T00:05:00,community_events,camp_016
acct_0592,touch_1758,2026-09-06T08:38:00,paid_search,camp_011
acct_0592,touch_1759,2026-06-23T20:39:00,community_events,camp_011
acct_0592,touch_1760,2026-08-29T04:13:00,paid_search,camp_010
acct_0592,touch_1761,2026-07-29T01:47:00,paid_search,camp_018
acct_0593,touch_1762,2026-08-05T02:25:00,developer_sponsorship,camp_006
acct_0593,touch_1763,2026-07-18T12:05:00,paid_search,camp_007
acct_0593,touch_1764,2026-07-08T12:49:00,community_events,camp_010
acct_0593,touch_1765,2026-09-08T20:09:00,paid_search,camp_010
acct_0593,touch_1766,2026-08-19T13:47:00,developer_sponsorship,camp_020
acct_0594,touch_1767,2026-08-02T21:06:00,developer_sponsorship,camp_017
acct_0594,touch_1768,2026-07-13T15:28:00,community_events,camp_016
acct_0595,touch_1769,2026-08-29T19:27:00,paid_search,camp_014
acct_0595,touch_1770,2026-08-04T19:11:00,community_events,camp_014
acct_0595,touch_1771,2026-06-29T01:32:00,developer_sponsorship,camp_015
acct_0596,touch_1772,2026-09-08T21:45:00,paid_social,camp_016
acct_0596,touch_1773,2026-08-24T20:41:00,organic_direct,camp_003
acct_0597,touch_1774,2026-08-16T13:05:00,community_events,camp_010
acct_0597,touch_1775,2026-07-07T04:43:00,developer_sponsorship,camp_008
acct_0597,touch_1776,2026-08-23T13:18:00,organic_direct,camp_002
acct_0598,touch_1777,2026-06-27T01:32:00,paid_search,camp_017
acct_0598,touch_1778,2026-08-11T13:06:00,community_events,camp_019
acct_0598,touch_1779,2026-07-20T11:16:00,organic_direct,camp_003
acct_0598,touch_1780,2026-08-21T00:07:00,community_events,camp_006
acct_0598,touch_1781,2026-07-11T12:02:00,paid_search,camp_014
acct_0599,touch_1782,2026-07-28T18:46:00,community_events,camp_015
acct_0599,touch_1783,2026-09-05T08:21:00,paid_social,camp_007
acct_0599,touch_1784,2026-07-11T02:47:00,organic_direct,camp_009
acct_0600,touch_1785,2026-08-12T17:01:00,paid_search,camp_013
acct_0601,touch_1786,2026-06-19T05:41:00,community_events,camp_015
acct_0602,touch_1787,2026-09-10T23:38:00,community_events,camp_010
acct_0602,touch_1788,2026-09-05T19:23:00,community_events,camp_010
acct_0602,touch_1789,2026-06-29T04:08:00,paid_search,camp_007
acct_0602,touch_1790,2026-07-02T00:44:00,paid_social,camp_001
acct_0603,touch_1791,2026-08-18T20:09:00,paid_social,camp_014
acct_0603,touch_1792,2026-09-06T17:12:00,paid_search,camp_010
acct_0604,touch_1793,2026-07-06T15:27:00,paid_search,camp_004
acct_0604,touch_1794,2026-07-09T04:47:00,community_events,camp_016
acct_0604,touch_1795,2026-08-17T00:55:00,community_events,camp_019
acct_0604,touch_1796,2026-07-19T06:18:00,organic_direct,camp_013
acct_0605,touch_1797,2026-07-30T00:06:00,community_events,camp_014
acct_0606,touch_1798,2026-08-31T19:46:00,organic_direct,camp_010
acct_0606,touch_1799,2026-06-22T15:25:00,community_events,camp_017
acct_0606,touch_1800,2026-09-01T23:39:00,community_events,camp_008
acct_0606,touch_1801,2026-06-25T16:01:00,community_events,camp_019
acct_0607,touch_1802,2026-08-27T02:17:00,community_events,camp_016
acct_0607,touch_1803,2026-07-02T15:39:00,developer_sponsorship,camp_015
acct_0607,touch_1804,2026-09-15T13:01:00,paid_social,camp_010
acct_0608,touch_1805,2026-08-17T11:28:00,paid_social,camp_017
acct_0608,touch_1806,2026-07-16T18:58:00,developer_sponsorship,camp_020
acct_0609,touch_1807,2026-07-04T09:46:00,community_events,camp_014
acct_0609,touch_1808,2026-09-12T20:47:00,developer_sponsorship,camp_016
acct_0609,touch_1809,2026-07-08T19:13:00,developer_sponsorship,camp_003
acct_0609,touch_1810,2026-09-11T15:08:00,paid_social,camp_007
acct_0610,touch_1811,2026-09-03T15:06:00,community_events,camp_016
acct_0610,touch_1812,2026-07-26T07:13:00,organic_direct,camp_002
acct_0611,touch_1813,2026-08-02T08:22:00,paid_social,camp_006
acct_0612,touch_1814,2026-06-22T02:21:00,community_events,camp_004
acct_0612,touch_1815,2026-09-05T07:07:00,organic_direct,camp_008
acct_0612,touch_1816,2026-08-19T08:21:00,developer_sponsorship,camp_002
acct_0612,touch_1817,2026-08-28T08:57:00,paid_social,camp_017
acct_0612,touch_1818,2026-09-03T21:06:00,paid_search,camp_015
acct_0613,touch_1819,2026-07-02T03:50:00,organic_direct,camp_020
acct_0613,touch_1820,2026-07-01T17:02:00,organic_direct,camp_004
acct_0613,touch_1821,2026-07-09T20:07:00,paid_social,camp_012
acct_0613,touch_1822,2026-07-08T23:18:00,community_events,camp_017
acct_0614,touch_1823,2026-06-30T04:41:00,developer_sponsorship,camp_011
acct_0614,touch_1824,2026-07-05T03:54:00,paid_social,camp_015
acct_0614,touch_1825,2026-08-10T00:15:00,community_events,camp_011
acct_0614,touch_1826,2026-07-24T16:10:00,paid_search,camp_009
acct_0615,touch_1827,2026-08-10T11:40:00,paid_social,camp_005
acct_0615,touch_1828,2026-08-24T13:50:00,paid_social,camp_005
acct_0615,touch_1829,2026-08-11T13:58:00,community_events,camp_015
acct_0616,touch_1830,2026-09-13T11:01:00,community_events,camp_005
acct_0616,touch_1831,2026-06-19T22:51:00,organic_direct,camp_003
acct_0616,touch_1832,2026-06-28T10:20:00,community_events,camp_006
acct_0616,touch_1833,2026-08-12T01:25:00,paid_search,camp_005
acct_0616,touch_1834,2026-08-30T01:40:00,organic_direct,camp_010
acct_0617,touch_1835,2026-08-08T21:44:00,organic_direct,camp_010
acct_0617,touch_1836,2026-07-28T11:00:00,developer_sponsorship,camp_017
acct_0617,touch_1837,2026-09-04T04:44:00,community_events,camp_015
acct_0617,touch_1838,2026-09-08T06:56:00,organic_direct,camp_020
acct_0618,touch_1839,2026-09-09T14:44:00,developer_sponsorship,camp_013
acct_0618,touch_1840,2026-07-13T09:05:00,paid_search,camp_018
acct_0618,touch_1841,2026-07-30T12:46:00,paid_social,camp_017
acct_0618,touch_1842,2026-08-26T09:13:00,paid_search,camp_017
acct_0618,touch_1843,2026-08-27T09:33:00,developer_sponsorship,camp_006
acct_0619,touch_1844,2026-06-21T17:37:00,developer_sponsorship,camp_008
acct_0620,touch_1845,2026-08-11T16:07:00,paid_search,camp_012
acct_0620,touch_1846,2026-07-21T20:32:00,developer_sponsorship,camp_004
acct_0620,touch_1847,2026-06-24T20:07:00,community_events,camp_010
acct_0621,touch_1848,2026-06-18T14:21:00,paid_social,camp_019
acct_0621,touch_1849,2026-08-29T22:57:00,organic_direct,camp_020
acct_0621,touch_1850,2026-07-17T11:19:00,developer_sponsorship,camp_019
acct_0621,touch_1851,2026-09-12T04:45:00,community_events,camp_017
acct_0621,touch_1852,2026-07-19T03:20:00,organic_direct,camp_019
acct_0622,touch_1853,2026-08-03T14:06:00,paid_social,camp_014
acct_0622,touch_1854,2026-08-09T02:05:00,paid_search,camp_014
acct_0623,touch_1855,2026-08-17T06:28:00,paid_search,camp_012
acct_0623,touch_1856,2026-09-12T16:25:00,organic_direct,camp_018
acct_0624,touch_1857,2026-08-07T08:37:00,community_events,camp_014
acct_0624,touch_1858,2026-08-13T22:59:00,community_events,camp_014
acct_0624,touch_1859,2026-07-08T04:32:00,paid_social,camp_016
acct_0624,touch_1860,2026-08-15T04:45:00,organic_direct,camp_017
acct_0624,touch_1861,2026-07-03T22:13:00,community_events,camp_016
acct_0625,touch_1862,2026-07-08T17:23:00,paid_search,camp_020
acct_0626,touch_1863,2026-07-02T03:23:00,organic_direct,camp_010
acct_0626,touch_1864,2026-06-23T16:09:00,paid_search,camp_012
acct_0626,touch_1865,2026-07-27T11:19:00,developer_sponsorship,camp_016
acct_0626,touch_1866,2026-06-21T04:09:00,organic_direct,camp_014
acct_0627,touch_1867,2026-07-27T09:13:00,paid_social,camp_016
acct_0628,touch_1868,2026-07-03T17:22:00,paid_search,camp_002
acct_0629,touch_1869,2026-08-18T18:19:00,organic_direct,camp_015
acct_0629,touch_1870,2026-07-31T12:30:00,organic_direct,camp_005
acct_0629,touch_1871,2026-07-05T16:40:00,community_events,camp_015
acct_0629,touch_1872,2026-09-11T14:09:00,developer_sponsorship,camp_003
acct_0630,touch_1873,2026-09-11T19:26:00,community_events,camp_008
acct_0630,touch_1874,2026-08-07T10:34:00,paid_search,camp_015
acct_0630,touch_1875,2026-07-23T20:05:00,paid_social,camp_001
acct_0630,touch_1876,2026-08-30T20:50:00,developer_sponsorship,camp_018
acct_0630,touch_1877,2026-09-08T03:41:00,organic_direct,camp_003
acct_0631,touch_1878,2026-09-05T17:36:00,paid_search,camp_019
acct_0631,touch_1879,2026-08-23T06:48:00,community_events,camp_017
acct_0632,touch_1880,2026-07-03T21:59:00,organic_direct,camp_006
acct_0633,touch_1881,2026-07-23T06:15:00,organic_direct,camp_015
acct_0634,touch_1882,2026-08-25T19:20:00,community_events,camp_019
acct_0635,touch_1883,2026-08-19T00:21:00,community_events,camp_006
acct_0636,touch_1884,2026-06-21T16:20:00,community_events,camp_009
acct_0636,touch_1885,2026-06-29T03:06:00,organic_direct,camp_006
acct_0636,touch_1886,2026-07-24T04:11:00,developer_sponsorship,camp_003
acct_0636,touch_1887,2026-07-07T09:26:00,paid_social,camp_002
acct_0637,touch_1888,2026-07-29T05:01:00,paid_search,camp_010
acct_0637,touch_1889,2026-08-06T03:20:00,paid_social,camp_014
acct_0637,touch_1890,2026-07-29T08:24:00,paid_search,camp_002
acct_0637,touch_1891,2026-07-13T07:48:00,organic_direct,camp_019
acct_0637,touch_1892,2026-07-18T15:32:00,organic_direct,camp_013
acct_0638,touch_1893,2026-07-22T01:20:00,community_events,camp_018
acct_0639,touch_1894,2026-06-26T15:01:00,community_events,camp_008
acct_0639,touch_1895,2026-06-20T08:35:00,organic_direct,camp_004
acct_0639,touch_1896,2026-07-19T17:41:00,paid_social,camp_010
acct_0639,touch_1897,2026-08-29T13:28:00,paid_search,camp_017
acct_0640,touch_1898,2026-07-06T11:34:00,paid_social,camp_008
acct_0640,touch_1899,2026-08-25T13:58:00,organic_direct,camp_015
acct_0641,touch_1900,2026-06-18T14:53:00,organic_direct,camp_010
acct_0642,touch_1901,2026-06-18T01:59:00,community_events,camp_009
acct_0642,touch_1902,2026-09-02T08:53:00,community_events,camp_012
acct_0643,touch_1903,2026-08-31T16:18:00,paid_search,camp_006
acct_0643,touch_1904,2026-08-25T18:04:00,developer_sponsorship,camp_003
acct_0644,touch_1905,2026-09-15T03:53:00,paid_social,camp_018
acct_0644,touch_1906,2026-07-23T13:13:00,organic_direct,camp_017
acct_0644,touch_1907,2026-07-28T21:21:00,developer_sponsorship,camp_015
acct_0644,touch_1908,2026-07-22T07:42:00,developer_sponsorship,camp_011
acct_0645,touch_1909,2026-08-15T19:21:00,paid_search,camp_005
acct_0645,touch_1910,2026-09-08T00:38:00,community_events,camp_001
acct_0646,touch_1911,2026-09-12T05:26:00,organic_direct,camp_016
acct_0647,touch_1912,2026-08-25T02:50:00,paid_search,camp_018
acct_0647,touch_1913,2026-06-21T21:28:00,paid_search,camp_012
acct_0647,touch_1914,2026-08-05T19:22:00,community_events,camp_006
acct_0647,touch_1915,2026-09-15T00:07:00,community_events,camp_012
acct_0648,touch_1916,2026-08-13T00:14:00,paid_search,camp_009
acct_0648,touch_1917,2026-09-13T22:22:00,paid_social,camp_003
acct_0649,touch_1918,2026-09-06T09:51:00,paid_social,camp_008
acct_0649,touch_1919,2026-08-20T11:02:00,developer_sponsorship,camp_016
acct_0649,touch_1920,2026-09-03T06:00:00,paid_social,camp_013
acct_0649,touch_1921,2026-07-02T08:36:00,organic_direct,camp_016
acct_0649,touch_1922,2026-07-09T17:12:00,organic_direct,camp_020
acct_0650,touch_1923,2026-07-10T02:37:00,paid_social,camp_003
acct_0650,touch_1924,2026-07-04T08:59:00,organic_direct,camp_008
acct_0650,touch_1925,2026-08-23T23:50:00,developer_sponsorship,camp_007
acct_0650,touch_1926,2026-09-12T00:44:00,organic_direct,camp_020
acct_0650,touch_1927,2026-07-20T21:35:00,community_events,camp_001
acct_0651,touch_1928,2026-09-08T21:41:00,paid_search,camp_011
acct_0651,touch_1929,2026-08-12T13:17:00,paid_search,camp_017
acct_0651,touch_1930,2026-08-16T15:23:00,organic_direct,camp_002
acct_0651,touch_1931,2026-07-16T01:17:00,community_events,camp_018
acct_0652,touch_1932,2026-07-28T00:25:00,paid_social,camp_011
acct_0652,touch_1933,2026-06-28T18:51:00,paid_search,camp_008
acct_0652,touch_1934,2026-09-14T13:04:00,paid_social,camp_007
acct_0652,touch_1935,2026-07-09T10:19:00,paid_search,camp_004
acct_0653,touch_1936,2026-08-18T13:51:00,paid_search,camp_019
acct_0654,touch_1937,2026-07-20T07:06:00,community_events,camp_008
acct_0654,touch_1938,2026-07-31T01:52:00,developer_sponsorship,camp_017
acct_0654,touch_1939,2026-07-18T02:49:00,organic_direct,camp_020
acct_0655,touch_1940,2026-06-30T20:28:00,organic_direct,camp_004
acct_0655,touch_1941,2026-06-28T01:58:00,paid_search,camp_013
acct_0655,touch_1942,2026-07-28T22:04:00,paid_social,camp_002
acct_0655,touch_1943,2026-08-13T01:19:00,organic_direct,camp_014
acct_0656,touch_1944,2026-07-01T21:03:00,organic_direct,camp_002
acct_0657,touch_1945,2026-08-05T12:06:00,organic_direct,camp_014
acct_0657,touch_1946,2026-07-17T19:50:00,organic_direct,camp_001
acct_0657,touch_1947,2026-08-15T12:29:00,community_events,camp_020
acct_0658,touch_1948,2026-06-30T10:41:00,paid_search,camp_015
acct_0658,touch_1949,2026-08-23T10:37:00,paid_social,camp_004
acct_0658,touch_1950,2026-07-01T00:38:00,paid_search,camp_019
acct_0658,touch_1951,2026-07-12T18:08:00,organic_direct,camp_009
acct_0658,touch_1952,2026-08-02T13:30:00,organic_direct,camp_015
acct_0659,touch_1953,2026-07-19T04:51:00,paid_search,camp_002
acct_0659,touch_1954,2026-07-04T09:37:00,community_events,camp_017
acct_0660,touch_1955,2026-07-27T18:56:00,organic_direct,camp_005
acct_0660,touch_1956,2026-07-06T15:19:00,organic_direct,camp_011
acct_0660,touch_1957,2026-07-25T11:00:00,organic_direct,camp_019
acct_0661,touch_1958,2026-06-25T07:32:00,organic_direct,camp_002
acct_0661,touch_1959,2026-08-11T11:12:00,paid_social,camp_007
acct_0662,touch_1960,2026-07-31T06:42:00,community_events,camp_015
acct_0663,touch_1961,2026-09-14T10:54:00,organic_direct,camp_019
acct_0663,touch_1962,2026-07-30T19:19:00,community_events,camp_011
acct_0663,touch_1963,2026-07-08T03:29:00,paid_search,camp_016
acct_0663,touch_1964,2026-07-16T00:40:00,paid_social,camp_008
acct_0663,touch_1965,2026-08-16T19:13:00,paid_social,camp_016
acct_0664,touch_1966,2026-08-05T06:25:00,paid_social,camp_001
acct_0664,touch_1967,2026-08-03T00:04:00,developer_sponsorship,camp_001
acct_0664,touch_1968,2026-08-28T03:09:00,developer_sponsorship,camp_015
acct_0665,touch_1969,2026-09-06T18:58:00,developer_sponsorship,camp_002
acct_0665,touch_1970,2026-06-21T06:12:00,developer_sponsorship,camp_006
acct_0666,touch_1971,2026-07-21T23:11:00,developer_sponsorship,camp_018
acct_0666,touch_1972,2026-07-19T05:12:00,paid_search,camp_006
acct_0667,touch_1973,2026-06-30T00:53:00,paid_social,camp_013
acct_0667,touch_1974,2026-09-09T03:21:00,paid_social,camp_010
acct_0667,touch_1975,2026-08-15T07:23:00,developer_sponsorship,camp_006
acct_0668,touch_1976,2026-09-05T13:56:00,paid_search,camp_004
acct_0668,touch_1977,2026-07-06T04:50:00,paid_social,camp_007
acct_0668,touch_1978,2026-08-25T12:44:00,developer_sponsorship,camp_011
acct_0668,touch_1979,2026-09-02T13:40:00,paid_social,camp_002
acct_0668,touch_1980,2026-09-04T18:12:00,organic_direct,camp_010
acct_0669,touch_1981,2026-07-29T07:03:00,developer_sponsorship,camp_005
acct_0669,touch_1982,2026-08-22T18:56:00,community_events,camp_007
acct_0670,touch_1983,2026-08-17T21:39:00,paid_search,camp_006
acct_0671,touch_1984,2026-08-06T20:48:00,organic_direct,camp_012
acct_0671,touch_1985,2026-08-20T16:29:00,paid_social,camp_011
acct_0671,touch_1986,2026-08-04T16:44:00,community_events,camp_016
acct_0671,touch_1987,2026-08-17T08:37:00,community_events,camp_019
acct_0671,touch_1988,2026-09-09T01:13:00,paid_social,camp_007
acct_0672,touch_1989,2026-07-18T12:13:00,developer_sponsorship,camp_014
acct_0672,touch_1990,2026-08-05T18:10:00,developer_sponsorship,camp_009
acct_0672,touch_1991,2026-08-27T02:08:00,paid_search,camp_010
acct_0672,touch_1992,2026-08-13T16:22:00,paid_social,camp_019
acct_0673,touch_1993,2026-08-16T16:39:00,developer_sponsorship,camp_014
acct_0674,touch_1994,2026-08-16T13:26:00,developer_sponsorship,camp_016
acct_0674,touch_1995,2026-07-28T08:24:00,paid_search,camp_006
acct_0674,touch_1996,2026-08-13T07:16:00,paid_search,camp_012
acct_0674,touch_1997,2026-06-28T09:53:00,organic_direct,camp_017
acct_0675,touch_1998,2026-09-08T02:50:00,developer_sponsorship,camp_008
acct_0675,touch_1999,2026-06-30T03:04:00,developer_sponsorship,camp_002
acct_0675,touch_2000,2026-08-26T06:21:00,paid_social,camp_011
acct_0675,touch_2001,2026-07-20T09:47:00,developer_sponsorship,camp_007
acct_0675,touch_2002,2026-09-03T04:54:00,organic_direct,camp_009
acct_0676,touch_2003,2026-07-26T09:52:00,developer_sponsorship,camp_013
acct_0677,touch_2004,2026-08-31T20:00:00,community_events,camp_017
acct_0677,touch_2005,2026-07-07T12:14:00,paid_social,camp_007
acct_0677,touch_2006,2026-08-17T07:33:00,organic_direct,camp_018
acct_0677,touch_2007,2026-08-16T23:52:00,community_events,camp_011
acct_0678,touch_2008,2026-07-28T06:27:00,community_events,camp_007
acct_0679,touch_2009,2026-08-14T17:01:00,developer_sponsorship,camp_005
acct_0679,touch_2010,2026-08-30T04:19:00,paid_search,camp_016
acct_0679,touch_2011,2026-09-10T11:21:00,paid_social,camp_014
acct_0679,touch_2012,2026-08-11T21:48:00,community_events,camp_018
acct_0680,touch_2013,2026-07-29T18:01:00,organic_direct,camp_002
acct_0680,touch_2014,2026-07-05T04:21:00,organic_direct,camp_020
acct_0680,touch_2015,2026-09-03T18:55:00,community_events,camp_013
acct_0681,touch_2016,2026-08-07T02:34:00,community_events,camp_007
acct_0681,touch_2017,2026-08-17T03:21:00,organic_direct,camp_015
acct_0682,touch_2018,2026-06-29T05:06:00,organic_direct,camp_006
acct_0682,touch_2019,2026-06-22T22:38:00,community_events,camp_001
acct_0682,touch_2020,2026-07-11T06:04:00,community_events,camp_010
acct_0683,touch_2021,2026-07-17T09:42:00,organic_direct,camp_003
acct_0683,touch_2022,2026-08-15T01:23:00,organic_direct,camp_001
acct_0684,touch_2023,2026-07-29T13:25:00,paid_social,camp_004
acct_0684,touch_2024,2026-07-04T17:26:00,community_events,camp_003
acct_0685,touch_2025,2026-07-14T04:55:00,paid_social,camp_010
acct_0685,touch_2026,2026-08-12T22:42:00,community_events,camp_006
acct_0685,touch_2027,2026-09-03T18:19:00,organic_direct,camp_007
acct_0685,touch_2028,2026-08-21T22:43:00,community_events,camp_009
acct_0686,touch_2029,2026-06-18T04:28:00,paid_search,camp_013
acct_0686,touch_2030,2026-09-03T07:33:00,developer_sponsorship,camp_019
acct_0687,touch_2031,2026-08-15T14:36:00,paid_search,camp_003
acct_0687,touch_2032,2026-07-24T20:56:00,community_events,camp_012
acct_0687,touch_2033,2026-09-15T22:50:00,developer_sponsorship,camp_013
acct_0687,touch_2034,2026-09-04T05:26:00,paid_social,camp_006
acct_0688,touch_2035,2026-08-12T14:24:00,paid_social,camp_019
acct_0688,touch_2036,2026-06-30T12:44:00,paid_search,camp_008
acct_0688,touch_2037,2026-07-08T08:56:00,organic_direct,camp_010
acct_0688,touch_2038,2026-09-11T02:44:00,paid_social,camp_016
acct_0688,touch_2039,2026-08-09T17:07:00,developer_sponsorship,camp_003
acct_0689,touch_2040,2026-08-21T10:26:00,community_events,camp_006
acct_0690,touch_2041,2026-07-14T16:02:00,community_events,camp_001
acct_0690,touch_2042,2026-06-27T20:44:00,community_events,camp_013
acct_0690,touch_2043,2026-07-31T23:25:00,paid_social,camp_013
acct_0691,touch_2044,2026-06-19T08:07:00,paid_social,camp_011
acct_0692,touch_2045,2026-08-19T14:04:00,paid_search,camp_018
acct_0692,touch_2046,2026-09-10T07:45:00,community_events,camp_005
acct_0692,touch_2047,2026-08-17T08:53:00,paid_social,camp_006
acct_0692,touch_2048,2026-06-20T19:06:00,paid_social,camp_010
acct_0693,touch_2049,2026-08-25T23:25:00,paid_social,camp_003
acct_0694,touch_2050,2026-09-12T08:09:00,community_events,camp_012
acct_0695,touch_2051,2026-07-15T22:02:00,organic_direct,camp_007
acct_0695,touch_2052,2026-08-13T22:03:00,organic_direct,camp_004
acct_0696,touch_2053,2026-09-14T09:28:00,paid_search,camp_020
acct_0696,touch_2054,2026-06-18T01:49:00,community_events,camp_007
acct_0696,touch_2055,2026-07-19T11:58:00,paid_social,camp_007
acct_0696,touch_2056,2026-06-29T00:26:00,paid_search,camp_001
acct_0697,touch_2057,2026-07-12T21:42:00,paid_search,camp_008
acct_0697,touch_2058,2026-06-30T21:10:00,paid_social,camp_002
acct_0697,touch_2059,2026-08-10T16:06:00,developer_sponsorship,camp_011
acct_0698,touch_2060,2026-09-06T06:39:00,paid_social,camp_018
acct_0698,touch_2061,2026-08-07T13:07:00,paid_social,camp_007
acct_0698,touch_2062,2026-07-01T11:20:00,paid_social,camp_001
acct_0698,touch_2063,2026-08-08T20:20:00,paid_search,camp_013
acct_0698,touch_2064,2026-07-15T14:14:00,paid_search,camp_009
acct_0699,touch_2065,2026-08-04T01:04:00,paid_social,camp_014
acct_0699,touch_2066,2026-07-26T19:31:00,paid_search,camp_018
acct_0699,touch_2067,2026-08-29T05:16:00,paid_search,camp_020
acct_0699,touch_2068,2026-07-29T20:44:00,community_events,camp_005
acct_0699,touch_2069,2026-07-30T05:40:00,developer_sponsorship,camp_016
acct_0700,touch_2070,2026-07-30T00:38:00,organic_direct,camp_015
acct_0701,touch_2071,2026-08-22T20:47:00,paid_social,camp_017
acct_0701,touch_2072,2026-09-01T22:00:00,paid_social,camp_001
acct_0701,touch_2073,2026-09-04T03:19:00,paid_social,camp_014
acct_0701,touch_2074,2026-07-19T19:05:00,paid_search,camp_005
acct_0702,touch_2075,2026-08-20T09:12:00,paid_social,camp_013
acct_0702,touch_2076,2026-07-14T20:02:00,paid_social,camp_020
acct_0702,touch_2077,2026-08-13T23:56:00,developer_sponsorship,camp_005
acct_0703,touch_2078,2026-07-28T20:50:00,paid_search,camp_017
acct_0703,touch_2079,2026-08-10T20:52:00,developer_sponsorship,camp_001
acct_0703,touch_2080,2026-07-17T23:21:00,developer_sponsorship,camp_008
acct_0704,touch_2081,2026-08-26T01:58:00,paid_social,camp_008
acct_0704,touch_2082,2026-09-03T12:33:00,developer_sponsorship,camp_006
acct_0705,touch_2083,2026-09-06T00:04:00,community_events,camp_003
acct_0705,touch_2084,2026-07-12T01:40:00,paid_social,camp_007
acct_0705,touch_2085,2026-07-04T02:11:00,organic_direct,camp_018
acct_0705,touch_2086,2026-07-14T07:32:00,paid_search,camp_014
acct_0706,touch_2087,2026-07-27T05:46:00,paid_social,camp_008
acct_0706,touch_2088,2026-08-11T05:38:00,paid_social,camp_010
acct_0706,touch_2089,2026-07-24T18:28:00,paid_social,camp_009
acct_0706,touch_2090,2026-08-18T02:23:00,community_events,camp_013
acct_0707,touch_2091,2026-08-17T14:27:00,organic_direct,camp_020
acct_0707,touch_2092,2026-08-12T04:52:00,community_events,camp_001
acct_0708,touch_2093,2026-08-11T02:48:00,developer_sponsorship,camp_020
acct_0708,touch_2094,2026-08-25T04:35:00,paid_social,camp_009
acct_0708,touch_2095,2026-08-05T14:19:00,community_events,camp_010
acct_0708,touch_2096,2026-08-05T17:38:00,community_events,camp_003
acct_0709,touch_2097,2026-07-05T22:30:00,paid_social,camp_005
acct_0709,touch_2098,2026-07-12T00:00:00,organic_direct,camp_012
acct_0709,touch_2099,2026-08-19T12:59:00,community_events,camp_013
acct_0710,touch_2100,2026-08-06T15:19:00,organic_direct,camp_003
acct_0710,touch_2101,2026-08-09T01:58:00,paid_search,camp_013
acct_0710,touch_2102,2026-08-29T05:12:00,community_events,camp_009
acct_0711,touch_2103,2026-08-22T22:31:00,developer_sponsorship,camp_002
acct_0711,touch_2104,2026-09-09T12:59:00,community_events,camp_008
acct_0711,touch_2105,2026-07-19T15:02:00,developer_sponsorship,camp_001
acct_0712,touch_2106,2026-07-21T19:29:00,paid_social,camp_009
acct_0712,touch_2107,2026-07-19T19:37:00,paid_social,camp_001
acct_0713,touch_2108,2026-06-29T20:45:00,community_events,camp_013
acct_0714,touch_2109,2026-06-28T16:58:00,paid_social,camp_014
acct_0714,touch_2110,2026-07-09T13:16:00,developer_sponsorship,camp_017
acct_0714,touch_2111,2026-08-25T21:56:00,community_events,camp_019
acct_0714,touch_2112,2026-07-27T23:26:00,paid_search,camp_004
acct_0714,touch_2113,2026-09-07T18:49:00,developer_sponsorship,camp_005
acct_0715,touch_2114,2026-07-14T23:25:00,developer_sponsorship,camp_001
acct_0715,touch_2115,2026-07-09T15:00:00,paid_search,camp_003
acct_0715,touch_2116,2026-09-15T13:33:00,community_events,camp_010
acct_0716,touch_2117,2026-07-09T05:23:00,paid_social,camp_005
acct_0716,touch_2118,2026-07-13T15:11:00,organic_direct,camp_004
acct_0716,touch_2119,2026-08-14T18:52:00,paid_social,camp_006
acct_0716,touch_2120,2026-07-13T01:47:00,paid_social,camp_007
acct_0717,touch_2121,2026-08-09T14:40:00,organic_direct,camp_004
acct_0717,touch_2122,2026-09-07T05:05:00,developer_sponsorship,camp_003
acct_0717,touch_2123,2026-08-05T03:17:00,paid_search,camp_011
acct_0718,touch_2124,2026-08-31T07:30:00,community_events,camp_004
acct_0719,touch_2125,2026-06-25T08:48:00,paid_search,camp_019
acct_0720,touch_2126,2026-06-30T06:33:00,paid_search,camp_013
acct_0721,touch_2127,2026-08-23T08:59:00,community_events,camp_016
acct_0721,touch_2128,2026-07-31T19:27:00,developer_sponsorship,camp_012
acct_0721,touch_2129,2026-09-13T10:20:00,paid_social,camp_012
acct_0721,touch_2130,2026-09-11T12:24:00,organic_direct,camp_002
acct_0721,touch_2131,2026-08-02T10:51:00,paid_search,camp_001
acct_0722,touch_2132,2026-09-15T12:46:00,paid_social,camp_001
acct_0722,touch_2133,2026-09-03T03:55:00,organic_direct,camp_009
acct_0722,touch_2134,2026-09-15T07:23:00,community_events,camp_020
acct_0722,touch_2135,2026-09-13T21:55:00,community_events,camp_017
acct_0723,touch_2136,2026-09-10T06:00:00,developer_sponsorship,camp_001
acct_0723,touch_2137,2026-09-07T11:55:00,paid_search,camp_011
acct_0723,touch_2138,2026-09-12T14:14:00,organic_direct,camp_016
acct_0723,touch_2139,2026-08-08T23:39:00,paid_search,camp_012
acct_0724,touch_2140,2026-08-17T21:54:00,paid_search,camp_013
acct_0724,touch_2141,2026-07-25T19:12:00,paid_social,camp_017
acct_0724,touch_2142,2026-08-30T22:32:00,paid_search,camp_005
acct_0724,touch_2143,2026-08-20T02:19:00,organic_direct,camp_015
acct_0725,touch_2144,2026-08-14T03:30:00,organic_direct,camp_008
acct_0725,touch_2145,2026-07-19T06:10:00,paid_search,camp_004
acct_0726,touch_2146,2026-06-21T05:59:00,developer_sponsorship,camp_013
acct_0726,touch_2147,2026-07-23T07:46:00,developer_sponsorship,camp_016
acct_0726,touch_2148,2026-09-11T03:42:00,paid_social,camp_018
acct_0726,touch_2149,2026-09-07T23:31:00,paid_search,camp_011
acct_0727,touch_2150,2026-08-30T19:04:00,developer_sponsorship,camp_013
acct_0727,touch_2151,2026-08-05T20:41:00,organic_direct,camp_014
acct_0728,touch_2152,2026-07-16T08:07:00,developer_sponsorship,camp_003
acct_0728,touch_2153,2026-07-02T02:21:00,organic_direct,camp_007
acct_0729,touch_2154,2026-08-30T11:08:00,developer_sponsorship,camp_013
acct_0730,touch_2155,2026-06-18T09:03:00,organic_direct,camp_018
acct_0730,touch_2156,2026-07-12T12:27:00,developer_sponsorship,camp_012
acct_0730,touch_2157,2026-09-12T04:33:00,organic_direct,camp_019
acct_0730,touch_2158,2026-07-16T03:25:00,paid_search,camp_018
acct_0730,touch_2159,2026-08-15T10:09:00,developer_sponsorship,camp_008
acct_0731,touch_2160,2026-09-13T14:09:00,organic_direct,camp_010
acct_0731,touch_2161,2026-07-06T23:42:00,paid_search,camp_020
acct_0731,touch_2162,2026-07-28T09:32:00,paid_search,camp_009
acct_0731,touch_2163,2026-08-30T15:40:00,paid_social,camp_016
acct_0732,touch_2164,2026-08-05T01:51:00,developer_sponsorship,camp_005
acct_0732,touch_2165,2026-07-14T23:59:00,paid_social,camp_002
acct_0732,touch_2166,2026-07-10T15:46:00,community_events,camp_010
acct_0733,touch_2167,2026-06-20T17:25:00,developer_sponsorship,camp_014
acct_0733,touch_2168,2026-09-12T15:22:00,community_events,camp_013
acct_0734,touch_2169,2026-08-24T23:18:00,developer_sponsorship,camp_007
acct_0735,touch_2170,2026-08-07T03:08:00,developer_sponsorship,camp_019
acct_0735,touch_2171,2026-06-24T22:19:00,community_events,camp_006
acct_0735,touch_2172,2026-08-30T04:28:00,community_events,camp_010
acct_0735,touch_2173,2026-07-06T06:13:00,paid_social,camp_001
acct_0735,touch_2174,2026-08-03T23:54:00,organic_direct,camp_004
acct_0736,touch_2175,2026-08-05T13:43:00,paid_social,camp_002
acct_0736,touch_2176,2026-06-30T11:30:00,paid_social,camp_002
acct_0737,touch_2177,2026-08-22T20:21:00,organic_direct,camp_014
acct_0738,touch_2178,2026-09-06T23:25:00,paid_social,camp_002
acct_0738,touch_2179,2026-07-03T07:25:00,community_events,camp_010
acct_0739,touch_2180,2026-07-10T20:47:00,community_events,camp_003
acct_0739,touch_2181,2026-08-16T20:24:00,developer_sponsorship,camp_015
acct_0739,touch_2182,2026-08-04T00:07:00,paid_search,camp_003
acct_0739,touch_2183,2026-07-03T15:41:00,organic_direct,camp_008
acct_0739,touch_2184,2026-06-20T18:36:00,organic_direct,camp_016
acct_0740,touch_2185,2026-09-14T23:06:00,organic_direct,camp_006
acct_0740,touch_2186,2026-08-06T15:41:00,community_events,camp_010
acct_0740,touch_2187,2026-08-30T04:06:00,developer_sponsorship,camp_003
acct_0741,touch_2188,2026-07-11T12:52:00,paid_search,camp_013
acct_0741,touch_2189,2026-08-28T17:50:00,organic_direct,camp_016
acct_0741,touch_2190,2026-06-26T16:53:00,organic_direct,camp_018
acct_0741,touch_2191,2026-09-09T03:48:00,paid_social,camp_004
acct_0741,touch_2192,2026-07-11T19:44:00,paid_social,camp_001
acct_0742,touch_2193,2026-08-14T10:07:00,paid_search,camp_005
acct_0742,touch_2194,2026-08-30T06:41:00,paid_social,camp_003
acct_0742,touch_2195,2026-08-28T08:54:00,paid_search,camp_003
acct_0742,touch_2196,2026-07-03T16:19:00,developer_sponsorship,camp_018
acct_0742,touch_2197,2026-07-09T13:42:00,paid_search,camp_008
acct_0743,touch_2198,2026-06-23T16:57:00,developer_sponsorship,camp_018
acct_0743,touch_2199,2026-08-13T04:36:00,community_events,camp_011
acct_0743,touch_2200,2026-08-23T11:38:00,organic_direct,camp_017
acct_0744,touch_2201,2026-09-14T03:42:00,paid_search,camp_008
acct_0744,touch_2202,2026-06-22T06:09:00,developer_sponsorship,camp_007
acct_0745,touch_2203,2026-09-03T17:13:00,organic_direct,camp_012
acct_0745,touch_2204,2026-07-23T04:46:00,organic_direct,camp_014
acct_0746,touch_2205,2026-08-27T08:16:00,community_events,camp_006
acct_0747,touch_2206,2026-08-15T02:16:00,community_events,camp_005
acct_0747,touch_2207,2026-08-25T06:04:00,developer_sponsorship,camp_007
acct_0747,touch_2208,2026-08-04T18:42:00,organic_direct,camp_020
acct_0747,touch_2209,2026-07-08T13:52:00,paid_social,camp_011
acct_0748,touch_2210,2026-08-05T00:38:00,paid_social,camp_003
acct_0748,touch_2211,2026-07-22T03:34:00,paid_search,camp_018
acct_0748,touch_2212,2026-08-09T02:21:00,paid_search,camp_012
acct_0748,touch_2213,2026-07-30T08:09:00,paid_social,camp_009
acct_0749,touch_2214,2026-06-30T12:14:00,community_events,camp_004
acct_0750,touch_2215,2026-07-10T16:46:00,developer_sponsorship,camp_019
acct_0751,touch_2216,2026-06-30T16:22:00,organic_direct,camp_010
acct_0751,touch_2217,2026-08-27T08:38:00,paid_search,camp_002
acct_0751,touch_2218,2026-07-09T10:48:00,community_events,camp_006
acct_0751,touch_2219,2026-08-01T23:43:00,organic_direct,camp_018
acct_0752,touch_2220,2026-08-08T15:37:00,paid_social,camp_009
acct_0752,touch_2221,2026-06-19T21:32:00,paid_social,camp_005
acct_0752,touch_2222,2026-07-06T12:36:00,developer_sponsorship,camp_002
acct_0752,touch_2223,2026-09-07T11:45:00,paid_social,camp_020
acct_0752,touch_2224,2026-08-10T22:29:00,paid_social,camp_015
acct_0753,touch_2225,2026-08-16T16:18:00,developer_sponsorship,camp_014
acct_0753,touch_2226,2026-08-23T22:56:00,paid_social,camp_010
acct_0753,touch_2227,2026-09-07T02:19:00,community_events,camp_011
acct_0754,touch_2228,2026-09-07T02:04:00,paid_social,camp_003
acct_0755,touch_2229,2026-08-30T01:05:00,developer_sponsorship,camp_018
acct_0755,touch_2230,2026-08-20T00:27:00,organic_direct,camp_005
acct_0756,touch_2231,2026-08-20T16:43:00,organic_direct,camp_004
acct_0756,touch_2232,2026-08-08T00:39:00,paid_social,camp_001
acct_0756,touch_2233,2026-08-11T22:34:00,developer_sponsorship,camp_008
acct_0756,touch_2234,2026-09-10T16:43:00,organic_direct,camp_002
acct_0757,touch_2235,2026-08-14T05:43:00,organic_direct,camp_008
acct_0757,touch_2236,2026-07-10T02:23:00,paid_social,camp_017
acct_0757,touch_2237,2026-08-02T01:27:00,community_events,camp_013
acct_0757,touch_2238,2026-07-09T11:07:00,developer_sponsorship,camp_008
acct_0757,touch_2239,2026-08-26T03:18:00,developer_sponsorship,camp_016
acct_0758,touch_2240,2026-07-21T06:00:00,organic_direct,camp_013
acct_0758,touch_2241,2026-07-15T09:59:00,organic_direct,camp_002
acct_0758,touch_2242,2026-08-16T19:54:00,community_events,camp_002
acct_0759,touch_2243,2026-06-18T19:29:00,developer_sponsorship,camp_010
acct_0759,touch_2244,2026-08-02T03:00:00,developer_sponsorship,camp_006
acct_0759,touch_2245,2026-08-08T11:00:00,paid_search,camp_014
acct_0760,touch_2246,2026-07-13T02:33:00,organic_direct,camp_005
acct_0760,touch_2247,2026-08-09T03:58:00,community_events,camp_001
acct_0760,touch_2248,2026-07-07T21:16:00,paid_social,camp_016
acct_0760,touch_2249,2026-08-07T11:19:00,developer_sponsorship,camp_014
acct_0761,touch_2250,2026-08-25T08:06:00,community_events,camp_015
acct_0761,touch_2251,2026-07-08T04:22:00,community_events,camp_001
acct_0762,touch_2252,2026-07-13T03:12:00,developer_sponsorship,camp_002
acct_0762,touch_2253,2026-07-05T12:26:00,developer_sponsorship,camp_002
acct_0762,touch_2254,2026-07-08T21:12:00,community_events,camp_009
acct_0763,touch_2255,2026-08-10T15:35:00,community_events,camp_005
acct_0764,touch_2256,2026-08-08T16:46:00,community_events,camp_005
acct_0764,touch_2257,2026-07-02T03:50:00,paid_search,camp_005
acct_0764,touch_2258,2026-07-07T11:32:00,paid_search,camp_008
acct_0765,touch_2259,2026-09-12T10:27:00,organic_direct,camp_001
acct_0766,touch_2260,2026-08-18T09:18:00,community_events,camp_003
acct_0766,touch_2261,2026-08-11T07:39:00,paid_social,camp_017
acct_0766,touch_2262,2026-07-11T07:17:00,paid_search,camp_009
acct_0766,touch_2263,2026-09-15T07:42:00,community_events,camp_007
acct_0767,touch_2264,2026-07-01T22:46:00,organic_direct,camp_020
acct_0767,touch_2265,2026-07-11T06:54:00,organic_direct,camp_005
acct_0767,touch_2266,2026-07-17T03:08:00,community_events,camp_002
acct_0767,touch_2267,2026-07-23T06:59:00,paid_social,camp_014
acct_0768,touch_2268,2026-09-04T06:05:00,paid_search,camp_013
acct_0769,touch_2269,2026-08-24T09:44:00,paid_social,camp_008
acct_0769,touch_2270,2026-07-31T13:30:00,paid_search,camp_017
acct_0769,touch_2271,2026-08-11T20:03:00,developer_sponsorship,camp_004
acct_0769,touch_2272,2026-07-22T11:17:00,developer_sponsorship,camp_014
acct_0770,touch_2273,2026-07-28T01:11:00,paid_search,camp_001
acct_0770,touch_2274,2026-06-24T21:47:00,developer_sponsorship,camp_007
acct_0771,touch_2275,2026-08-17T08:58:00,organic_direct,camp_004
acct_0771,touch_2276,2026-08-12T05:16:00,community_events,camp_012
acct_0771,touch_2277,2026-07-30T09:07:00,paid_search,camp_001
acct_0772,touch_2278,2026-07-04T10:23:00,developer_sponsorship,camp_019
acct_0772,touch_2279,2026-08-24T19:23:00,paid_social,camp_009
acct_0772,touch_2280,2026-07-14T18:24:00,paid_search,camp_004
acct_0772,touch_2281,2026-07-04T20:47:00,organic_direct,camp_004
acct_0772,touch_2282,2026-06-23T18:58:00,paid_social,camp_007
acct_0773,touch_2283,2026-06-30T02:34:00,organic_direct,camp_011
acct_0773,touch_2284,2026-07-26T23:30:00,paid_social,camp_018
acct_0773,touch_2285,2026-07-07T01:08:00,paid_social,camp_014
acct_0773,touch_2286,2026-08-27T22:16:00,organic_direct,camp_012
acct_0774,touch_2287,2026-08-14T20:45:00,paid_search,camp_014
acct_0774,touch_2288,2026-06-26T15:26:00,organic_direct,camp_017
acct_0774,touch_2289,2026-06-20T05:38:00,developer_sponsorship,camp_005
acct_0775,touch_2290,2026-06-23T18:03:00,paid_social,camp_013
acct_0775,touch_2291,2026-08-20T21:34:00,organic_direct,camp_003
acct_0775,touch_2292,2026-07-09T14:48:00,organic_direct,camp_013
acct_0776,touch_2293,2026-08-06T12:38:00,developer_sponsorship,camp_007
acct_0776,touch_2294,2026-07-11T00:10:00,organic_direct,camp_007
acct_0776,touch_2295,2026-09-01T22:00:00,organic_direct,camp_015
acct_0776,touch_2296,2026-08-21T22:46:00,organic_direct,camp_009
acct_0776,touch_2297,2026-07-26T07:18:00,developer_sponsorship,camp_018
acct_0777,touch_2298,2026-07-09T07:02:00,organic_direct,camp_008
acct_0778,touch_2299,2026-06-23T20:09:00,developer_sponsorship,camp_005
acct_0778,touch_2300,2026-07-22T01:41:00,paid_social,camp_007
acct_0778,touch_2301,2026-08-25T03:00:00,developer_sponsorship,camp_020
acct_0779,touch_2302,2026-07-29T02:45:00,organic_direct,camp_009
acct_0779,touch_2303,2026-07-05T13:57:00,organic_direct,camp_010
acct_0779,touch_2304,2026-07-29T01:40:00,paid_search,camp_012
acct_0780,touch_2305,2026-07-23T05:16:00,paid_search,camp_018
acct_0780,touch_2306,2026-09-10T18:06:00,community_events,camp_009
acct_0781,touch_2307,2026-08-27T06:52:00,community_events,camp_008
acct_0781,touch_2308,2026-07-29T08:13:00,organic_direct,camp_013
acct_0781,touch_2309,2026-07-07T14:14:00,community_events,camp_012
acct_0781,touch_2310,2026-07-06T15:05:00,community_events,camp_006
acct_0781,touch_2311,2026-08-15T05:52:00,paid_social,camp_007
acct_0782,touch_2312,2026-08-19T23:11:00,developer_sponsorship,camp_001
acct_0782,touch_2313,2026-07-27T05:56:00,paid_social,camp_013
acct_0782,touch_2314,2026-09-13T19:12:00,paid_search,camp_005
acct_0782,touch_2315,2026-06-27T13:15:00,community_events,camp_013
acct_0782,touch_2316,2026-06-30T23:33:00,paid_social,camp_001
acct_0783,touch_2317,2026-06-30T12:24:00,paid_search,camp_004
acct_0783,touch_2318,2026-06-19T20:59:00,paid_search,camp_005
acct_0783,touch_2319,2026-07-19T02:17:00,paid_social,camp_020
acct_0783,touch_2320,2026-06-19T00:50:00,paid_search,camp_018
acct_0783,touch_2321,2026-07-31T22:05:00,paid_social,camp_005
acct_0784,touch_2322,2026-08-29T14:52:00,paid_social,camp_010
acct_0784,touch_2323,2026-07-30T15:09:00,paid_social,camp_002
acct_0784,touch_2324,2026-08-26T22:17:00,organic_direct,camp_004
acct_0784,touch_2325,2026-06-20T01:06:00,organic_direct,camp_010
acct_0785,touch_2326,2026-08-22T13:09:00,paid_search,camp_008
acct_0786,touch_2327,2026-07-17T13:24:00,paid_social,camp_012
acct_0787,touch_2328,2026-07-16T21:24:00,paid_search,camp_016
acct_0787,touch_2329,2026-07-09T03:14:00,paid_search,camp_010
acct_0787,touch_2330,2026-08-02T02:39:00,developer_sponsorship,camp_004
acct_0788,touch_2331,2026-06-28T01:38:00,paid_social,camp_006
acct_0788,touch_2332,2026-08-11T16:21:00,organic_direct,camp_006
acct_0788,touch_2333,2026-09-12T13:09:00,developer_sponsorship,camp_020
acct_0789,touch_2334,2026-08-01T03:17:00,community_events,camp_012
acct_0789,touch_2335,2026-07-21T22:51:00,paid_search,camp_001
acct_0789,touch_2336,2026-07-07T20:09:00,developer_sponsorship,camp_005
acct_0790,touch_2337,2026-08-14T23:50:00,community_events,camp_003
acct_0790,touch_2338,2026-07-02T18:27:00,developer_sponsorship,camp_005
acct_0790,touch_2339,2026-06-29T10:08:00,paid_social,camp_013
acct_0790,touch_2340,2026-08-02T10:31:00,community_events,camp_016
acct_0791,touch_2341,2026-09-03T20:21:00,paid_social,camp_008
acct_0791,touch_2342,2026-08-06T13:35:00,community_events,camp_018
acct_0791,touch_2343,2026-08-25T15:34:00,organic_direct,camp_008
acct_0791,touch_2344,2026-08-06T02:37:00,community_events,camp_017
acct_0792,touch_2345,2026-09-14T23:14:00,paid_search,camp_008
acct_0792,touch_2346,2026-08-03T00:13:00,paid_search,camp_012
acct_0792,touch_2347,2026-08-28T15:08:00,paid_search,camp_002
acct_0792,touch_2348,2026-08-01T11:54:00,paid_social,camp_010
acct_0792,touch_2349,2026-08-15T04:53:00,organic_direct,camp_014
acct_0793,touch_2350,2026-07-14T07:03:00,paid_social,camp_004
acct_0793,touch_2351,2026-09-15T22:09:00,community_events,camp_001
acct_0794,touch_2352,2026-08-04T01:44:00,paid_search,camp_019
acct_0794,touch_2353,2026-06-27T15:53:00,organic_direct,camp_006
acct_0794,touch_2354,2026-06-21T04:23:00,paid_social,camp_003
acct_0794,touch_2355,2026-07-19T02:00:00,organic_direct,camp_014
acct_0795,touch_2356,2026-07-11T15:47:00,paid_social,camp_017
acct_0795,touch_2357,2026-09-15T09:30:00,community_events,camp_011
acct_0796,touch_2358,2026-09-08T22:00:00,developer_sponsorship,camp_004
acct_0796,touch_2359,2026-07-07T01:56:00,paid_search,camp_020
acct_0796,touch_2360,2026-07-10T16:10:00,paid_search,camp_013
acct_0796,touch_2361,2026-08-11T21:56:00,community_events,camp_018
acct_0797,touch_2362,2026-08-30T16:19:00,paid_social,camp_014
acct_0797,touch_2363,2026-07-08T08:05:00,organic_direct,camp_013
acct_0797,touch_2364,2026-07-04T23:13:00,community_events,camp_020
acct_0798,touch_2365,2026-07-16T12:11:00,organic_direct,camp_020
acct_0799,touch_2366,2026-09-14T14:30:00,developer_sponsorship,camp_013
acct_0800,touch_2367,2026-07-09T01:51:00,developer_sponsorship,camp_014
acct_0800,touch_2368,2026-07-12T08:06:00,paid_search,camp_003
acct_0800,touch_2369,2026-08-03T19:49:00,developer_sponsorship,camp_001
acct_0800,touch_2370,2026-07-18T09:10:00,organic_direct,camp_004
acct_0801,touch_2371,2026-07-15T19:00:00,developer_sponsorship,camp_007
acct_0802,touch_2372,2026-07-13T20:59:00,paid_search,camp_008
acct_0802,touch_2373,2026-07-22T02:36:00,organic_direct,camp_002
acct_0802,touch_2374,2026-08-29T15:02:00,paid_search,camp_011
acct_0802,touch_2375,2026-06-29T09:00:00,developer_sponsorship,camp_010
acct_0802,touch_2376,2026-08-07T16:12:00,developer_sponsorship,camp_013
acct_0803,touch_2377,2026-07-04T22:43:00,paid_search,camp_011
acct_0803,touch_2378,2026-08-09T23:32:00,paid_search,camp_017
acct_0803,touch_2379,2026-07-07T00:37:00,community_events,camp_016
acct_0804,touch_2380,2026-06-22T09:10:00,paid_social,camp_015
acct_0804,touch_2381,2026-06-28T20:05:00,paid_social,camp_007
acct_0804,touch_2382,2026-09-13T20:09:00,paid_social,camp_017
acct_0804,touch_2383,2026-08-23T23:38:00,organic_direct,camp_011
acct_0804,touch_2384,2026-08-14T04:21:00,developer_sponsorship,camp_012
acct_0805,touch_2385,2026-08-12T01:57:00,community_events,camp_008
acct_0805,touch_2386,2026-07-14T19:38:00,paid_search,camp_005
acct_0805,touch_2387,2026-08-29T20:31:00,paid_search,camp_001
acct_0805,touch_2388,2026-07-06T09:35:00,paid_search,camp_016
acct_0805,touch_2389,2026-06-30T14:20:00,paid_social,camp_010
acct_0806,touch_2390,2026-06-26T08:36:00,developer_sponsorship,camp_012
acct_0806,touch_2391,2026-06-29T02:11:00,community_events,camp_009
acct_0807,touch_2392,2026-07-20T14:41:00,paid_social,camp_004
acct_0807,touch_2393,2026-08-29T15:02:00,developer_sponsorship,camp_010
acct_0807,touch_2394,2026-08-08T13:54:00,organic_direct,camp_005
acct_0807,touch_2395,2026-08-13T11:32:00,organic_direct,camp_011
acct_0808,touch_2396,2026-06-28T21:26:00,organic_direct,camp_015
acct_0808,touch_2397,2026-07-21T21:02:00,organic_direct,camp_002
acct_0808,touch_2398,2026-07-19T22:52:00,organic_direct,camp_001
acct_0809,touch_2399,2026-07-01T09:24:00,paid_social,camp_019
acct_0809,touch_2400,2026-08-08T02:14:00,community_events,camp_015
acct_0810,touch_2401,2026-08-01T14:29:00,organic_direct,camp_015
acct_0811,touch_2402,2026-06-28T05:46:00,paid_search,camp_013
acct_0812,touch_2403,2026-07-13T12:21:00,paid_search,camp_011
acct_0812,touch_2404,2026-07-31T19:31:00,paid_social,camp_016
acct_0812,touch_2405,2026-07-02T08:29:00,paid_search,camp_018
acct_0812,touch_2406,2026-07-07T15:09:00,paid_social,camp_011
acct_0813,touch_2407,2026-06-22T19:49:00,community_events,camp_002
acct_0813,touch_2408,2026-08-03T13:30:00,paid_social,camp_002
acct_0813,touch_2409,2026-07-15T00:48:00,community_events,camp_009
acct_0813,touch_2410,2026-07-20T20:11:00,paid_search,camp_005
acct_0813,touch_2411,2026-06-26T08:25:00,paid_search,camp_010
acct_0814,touch_2412,2026-08-10T16:13:00,developer_sponsorship,camp_006
acct_0814,touch_2413,2026-06-24T02:57:00,community_events,camp_011
acct_0814,touch_2414,2026-07-26T05:12:00,developer_sponsorship,camp_014
acct_0814,touch_2415,2026-08-18T15:34:00,paid_social,camp_014
acct_0815,touch_2416,2026-09-14T18:24:00,paid_search,camp_018
acct_0815,touch_2417,2026-09-02T06:04:00,organic_direct,camp_020
acct_0815,touch_2418,2026-07-06T10:42:00,developer_sponsorship,camp_001
acct_0816,touch_2419,2026-08-15T04:31:00,developer_sponsorship,camp_004
acct_0816,touch_2420,2026-09-12T13:16:00,organic_direct,camp_001
acct_0817,touch_2421,2026-07-04T20:28:00,organic_direct,camp_004
acct_0817,touch_2422,2026-06-22T06:47:00,paid_social,camp_014
acct_0817,touch_2423,2026-09-15T17:49:00,paid_social,camp_020
acct_0817,touch_2424,2026-08-05T06:22:00,paid_social,camp_007
acct_0818,touch_2425,2026-06-19T11:52:00,developer_sponsorship,camp_001
acct_0818,touch_2426,2026-07-26T09:32:00,paid_search,camp_016
acct_0818,touch_2427,2026-09-09T14:26:00,community_events,camp_012
acct_0818,touch_2428,2026-08-02T17:27:00,organic_direct,camp_011
acct_0818,touch_2429,2026-07-02T05:29:00,community_events,camp_012
acct_0819,touch_2430,2026-08-27T19:10:00,organic_direct,camp_014
acct_0819,touch_2431,2026-08-05T09:54:00,community_events,camp_010
acct_0820,touch_2432,2026-06-30T02:51:00,paid_search,camp_003
acct_0820,touch_2433,2026-09-09T00:39:00,community_events,camp_004
acct_0820,touch_2434,2026-08-20T23:48:00,organic_direct,camp_018
acct_0820,touch_2435,2026-06-30T20:28:00,organic_direct,camp_019
acct_0820,touch_2436,2026-06-22T21:18:00,community_events,camp_007
acct_0821,touch_2437,2026-08-15T17:24:00,paid_search,camp_007
acct_0821,touch_2438,2026-08-17T03:22:00,community_events,camp_014
acct_0822,touch_2439,2026-06-18T11:50:00,paid_social,camp_017
acct_0822,touch_2440,2026-07-24T08:56:00,developer_sponsorship,camp_010
acct_0822,touch_2441,2026-08-10T21:15:00,paid_search,camp_014
acct_0822,touch_2442,2026-06-22T00:01:00,paid_social,camp_012
acct_0823,touch_2443,2026-09-02T10:21:00,paid_social,camp_019
acct_0823,touch_2444,2026-08-12T07:35:00,community_events,camp_007
acct_0823,touch_2445,2026-09-04T20:25:00,paid_search,camp_019
acct_0823,touch_2446,2026-08-11T04:40:00,community_events,camp_006
acct_0823,touch_2447,2026-08-08T10:33:00,paid_social,camp_014
acct_0824,touch_2448,2026-06-30T22:51:00,paid_social,camp_017
acct_0824,touch_2449,2026-07-03T20:36:00,community_events,camp_009
acct_0825,touch_2450,2026-07-08T10:13:00,paid_search,camp_003
acct_0825,touch_2451,2026-06-21T13:00:00,organic_direct,camp_005
acct_0825,touch_2452,2026-06-21T19:45:00,organic_direct,camp_003
acct_0825,touch_2453,2026-08-30T12:01:00,paid_social,camp_015
acct_0825,touch_2454,2026-09-07T20:49:00,developer_sponsorship,camp_006
acct_0826,touch_2455,2026-09-09T07:19:00,paid_social,camp_018
acct_0826,touch_2456,2026-07-19T23:49:00,community_events,camp_009
acct_0827,touch_2457,2026-07-23T02:59:00,paid_social,camp_001
acct_0828,touch_2458,2026-07-01T03:29:00,organic_direct,camp_004
acct_0828,touch_2459,2026-07-01T04:18:00,developer_sponsorship,camp_006
acct_0828,touch_2460,2026-06-29T02:31:00,developer_sponsorship,camp_007
acct_0828,touch_2461,2026-08-07T03:31:00,paid_search,camp_014
acct_0828,touch_2462,2026-06-27T15:40:00,paid_search,camp_007
acct_0829,touch_2463,2026-08-05T10:40:00,community_events,camp_006
acct_0829,touch_2464,2026-07-11T09:00:00,paid_social,camp_019
acct_0829,touch_2465,2026-09-06T19:54:00,paid_search,camp_004
acct_0829,touch_2466,2026-07-31T11:30:00,organic_direct,camp_020
acct_0830,touch_2467,2026-06-18T05:33:00,developer_sponsorship,camp_004
acct_0830,touch_2468,2026-07-12T19:01:00,organic_direct,camp_001
acct_0830,touch_2469,2026-08-23T16:48:00,paid_social,camp_007
acct_0830,touch_2470,2026-08-03T03:57:00,paid_social,camp_001
acct_0830,touch_2471,2026-07-29T04:14:00,paid_search,camp_005
acct_0831,touch_2472,2026-07-23T15:12:00,paid_search,camp_012
acct_0831,touch_2473,2026-08-27T20:18:00,community_events,camp_016
acct_0831,touch_2474,2026-08-12T16:25:00,paid_social,camp_009
acct_0832,touch_2475,2026-07-13T21:54:00,developer_sponsorship,camp_013
acct_0832,touch_2476,2026-07-01T18:50:00,organic_direct,camp_010
acct_0833,touch_2477,2026-07-14T23:31:00,community_events,camp_015
acct_0833,touch_2478,2026-08-11T19:47:00,developer_sponsorship,camp_011
acct_0834,touch_2479,2026-07-01T19:24:00,community_events,camp_007
acct_0834,touch_2480,2026-08-29T11:23:00,paid_search,camp_015
acct_0834,touch_2481,2026-07-09T01:32:00,developer_sponsorship,camp_019
acct_0834,touch_2482,2026-08-09T09:38:00,organic_direct,camp_012
acct_0834,touch_2483,2026-08-07T00:07:00,paid_social,camp_011
acct_0835,touch_2484,2026-07-11T11:15:00,paid_search,camp_007
acct_0835,touch_2485,2026-09-10T11:23:00,paid_social,camp_011
acct_0835,touch_2486,2026-07-03T00:20:00,paid_search,camp_011
acct_0835,touch_2487,2026-07-15T14:36:00,developer_sponsorship,camp_008
acct_0836,touch_2488,2026-06-26T12:18:00,organic_direct,camp_007
acct_0836,touch_2489,2026-08-24T06:06:00,organic_direct,camp_009
acct_0836,touch_2490,2026-09-03T21:04:00,organic_direct,camp_014
acct_0836,touch_2491,2026-09-13T13:20:00,developer_sponsorship,camp_007
acct_0836,touch_2492,2026-07-13T01:51:00,community_events,camp_016
acct_0837,touch_2493,2026-07-23T13:07:00,paid_search,camp_015
acct_0838,touch_2494,2026-09-02T10:37:00,community_events,camp_008
acct_0838,touch_2495,2026-08-30T00:18:00,paid_search,camp_019
acct_0839,touch_2496,2026-08-16T09:08:00,community_events,camp_002
acct_0840,touch_2497,2026-08-24T01:21:00,paid_search,camp_003
acct_0840,touch_2498,2026-08-17T03:53:00,community_events,camp_010
acct_0840,touch_2499,2026-07-23T10:48:00,developer_sponsorship,camp_013
acct_0840,touch_2500,2026-06-28T17:49:00,developer_sponsorship,camp_016
acct_0840,touch_2501,2026-09-04T01:25:00,developer_sponsorship,camp_015
acct_0841,touch_2502,2026-09-08T03:53:00,developer_sponsorship,camp_020
acct_0841,touch_2503,2026-07-01T00:14:00,paid_search,camp_001
acct_0841,touch_2504,2026-07-05T03:20:00,community_events,camp_008
acct_0841,touch_2505,2026-07-09T02:12:00,developer_sponsorship,camp_018
acct_0842,touch_2506,2026-09-14T01:16:00,paid_search,camp_004
acct_0843,touch_2507,2026-07-26T02:16:00,developer_sponsorship,camp_020
acct_0844,touch_2508,2026-07-22T22:10:00,paid_social,camp_019
acct_0844,touch_2509,2026-08-15T03:08:00,developer_sponsorship,camp_005
acct_0844,touch_2510,2026-08-31T13:40:00,community_events,camp_004
acct_0844,touch_2511,2026-08-23T16:15:00,organic_direct,camp_016
acct_0845,touch_2512,2026-07-23T10:49:00,community_events,camp_008
acct_0845,touch_2513,2026-06-29T08:49:00,developer_sponsorship,camp_003
acct_0845,touch_2514,2026-08-02T17:53:00,paid_social,camp_007
acct_0845,touch_2515,2026-09-14T02:04:00,community_events,camp_002
acct_0846,touch_2516,2026-06-19T21:13:00,community_events,camp_013
acct_0846,touch_2517,2026-07-12T15:06:00,developer_sponsorship,camp_007
acct_0847,touch_2518,2026-08-24T16:54:00,developer_sponsorship,camp_010
acct_0847,touch_2519,2026-08-15T20:09:00,organic_direct,camp_004
acct_0847,touch_2520,2026-07-04T07:58:00,developer_sponsorship,camp_013
acct_0847,touch_2521,2026-08-14T19:32:00,paid_social,camp_013
acct_0847,touch_2522,2026-07-12T02:17:00,community_events,camp_006
acct_0848,touch_2523,2026-08-30T20:06:00,paid_social,camp_015
acct_0848,touch_2524,2026-07-01T23:07:00,paid_social,camp_001
acct_0848,touch_2525,2026-08-15T05:17:00,paid_search,camp_016
acct_0849,touch_2526,2026-08-14T11:16:00,paid_search,camp_018
acct_0849,touch_2527,2026-06-28T11:27:00,paid_social,camp_005
acct_0849,touch_2528,2026-08-07T16:27:00,organic_direct,camp_011
acct_0849,touch_2529,2026-06-24T14:17:00,developer_sponsorship,camp_004
acct_0849,touch_2530,2026-06-24T20:24:00,community_events,camp_007
acct_0850,touch_2531,2026-07-12T12:11:00,organic_direct,camp_009
acct_0850,touch_2532,2026-08-24T19:31:00,organic_direct,camp_014
acct_0850,touch_2533,2026-07-01T21:03:00,paid_social,camp_004
acct_0851,touch_2534,2026-07-02T01:57:00,paid_search,camp_019
acct_0851,touch_2535,2026-07-22T07:04:00,organic_direct,camp_004
acct_0852,touch_2536,2026-07-16T19:44:00,community_events,camp_013
acct_0852,touch_2537,2026-08-07T03:14:00,developer_sponsorship,camp_016
acct_0852,touch_2538,2026-07-14T05:50:00,paid_social,camp_012
acct_0853,touch_2539,2026-09-02T09:46:00,paid_search,camp_004
acct_0853,touch_2540,2026-07-11T16:58:00,organic_direct,camp_016
acct_0853,touch_2541,2026-07-27T22:15:00,paid_social,camp_011
acct_0854,touch_2542,2026-07-09T05:21:00,community_events,camp_005
acct_0855,touch_2543,2026-09-11T15:27:00,developer_sponsorship,camp_001
acct_0856,touch_2544,2026-07-21T02:10:00,paid_search,camp_020
acct_0856,touch_2545,2026-08-02T15:37:00,paid_search,camp_016
acct_0857,touch_2546,2026-08-17T03:02:00,paid_search,camp_019
acct_0857,touch_2547,2026-09-13T09:53:00,paid_social,camp_017
acct_0858,touch_2548,2026-07-09T04:49:00,paid_search,camp_004
acct_0858,touch_2549,2026-07-26T23:21:00,community_events,camp_016
acct_0858,touch_2550,2026-08-01T17:16:00,community_events,camp_009
acct_0858,touch_2551,2026-08-03T14:00:00,developer_sponsorship,camp_010
acct_0858,touch_2552,2026-07-30T16:49:00,organic_direct,camp_016
acct_0859,touch_2553,2026-07-22T21:33:00,paid_search,camp_005
acct_0860,touch_2554,2026-07-16T21:09:00,developer_sponsorship,camp_016
acct_0860,touch_2555,2026-06-21T07:36:00,community_events,camp_012
acct_0860,touch_2556,2026-07-14T23:05:00,paid_social,camp_013
acct_0860,touch_2557,2026-09-07T03:17:00,organic_direct,camp_015
acct_0861,touch_2558,2026-07-10T08:58:00,developer_sponsorship,camp_011
acct_0861,touch_2559,2026-08-07T18:26:00,developer_sponsorship,camp_010
acct_0861,touch_2560,2026-07-12T01:37:00,organic_direct,camp_011
acct_0861,touch_2561,2026-09-04T03:27:00,community_events,camp_019
acct_0861,touch_2562,2026-08-01T09:07:00,paid_search,camp_016
acct_0862,touch_2563,2026-08-16T21:09:00,organic_direct,camp_010
acct_0862,touch_2564,2026-09-05T17:42:00,paid_social,camp_010
acct_0863,touch_2565,2026-07-24T02:51:00,developer_sponsorship,camp_001
acct_0863,touch_2566,2026-08-15T01:13:00,developer_sponsorship,camp_019
acct_0863,touch_2567,2026-07-03T01:31:00,developer_sponsorship,camp_001
acct_0863,touch_2568,2026-08-12T11:42:00,paid_search,camp_002
acct_0864,touch_2569,2026-07-05T11:56:00,developer_sponsorship,camp_017
acct_0864,touch_2570,2026-09-11T17:09:00,paid_search,camp_009
acct_0864,touch_2571,2026-07-06T23:12:00,community_events,camp_019
acct_0865,touch_2572,2026-07-25T07:02:00,community_events,camp_012
acct_0866,touch_2573,2026-09-12T20:24:00,community_events,camp_013
acct_0866,touch_2574,2026-06-30T08:58:00,developer_sponsorship,camp_020
acct_0867,touch_2575,2026-07-10T18:27:00,developer_sponsorship,camp_019
acct_0867,touch_2576,2026-07-05T21:49:00,paid_social,camp_009
acct_0867,touch_2577,2026-07-05T13:35:00,paid_social,camp_010
acct_0868,touch_2578,2026-06-28T09:36:00,community_events,camp_018
acct_0868,touch_2579,2026-07-11T12:50:00,community_events,camp_004
acct_0868,touch_2580,2026-07-05T16:28:00,developer_sponsorship,camp_017
acct_0869,touch_2581,2026-08-16T11:27:00,community_events,camp_014
acct_0869,touch_2582,2026-08-09T14:01:00,organic_direct,camp_001
acct_0869,touch_2583,2026-08-10T02:48:00,paid_social,camp_020
acct_0870,touch_2584,2026-07-19T18:32:00,developer_sponsorship,camp_005
acct_0870,touch_2585,2026-09-05T17:57:00,organic_direct,camp_010
acct_0870,touch_2586,2026-06-24T12:08:00,community_events,camp_001
acct_0871,touch_2587,2026-08-23T14:53:00,paid_search,camp_003
acct_0871,touch_2588,2026-06-25T08:53:00,paid_search,camp_011
acct_0871,touch_2589,2026-09-02T03:52:00,developer_sponsorship,camp_019
acct_0871,touch_2590,2026-08-18T22:21:00,paid_search,camp_004
acct_0872,touch_2591,2026-09-12T16:47:00,paid_search,camp_007
acct_0872,touch_2592,2026-08-23T04:35:00,community_events,camp_005
acct_0872,touch_2593,2026-07-16T21:40:00,paid_social,camp_010
acct_0872,touch_2594,2026-09-06T09:46:00,paid_search,camp_016
acct_0872,touch_2595,2026-09-05T22:12:00,paid_search,camp_003
acct_0873,touch_2596,2026-07-07T19:56:00,paid_search,camp_017
acct_0874,touch_2597,2026-07-19T06:06:00,community_events,camp_001
acct_0875,touch_2598,2026-08-13T12:03:00,paid_search,camp_010
acct_0875,touch_2599,2026-08-08T15:11:00,paid_social,camp_018
acct_0875,touch_2600,2026-07-21T19:43:00,community_events,camp_020
acct_0875,touch_2601,2026-07-03T13:09:00,paid_search,camp_006
acct_0875,touch_2602,2026-07-06T23:42:00,paid_social,camp_006
acct_0876,touch_2603,2026-09-15T17:12:00,community_events,camp_016
acct_0876,touch_2604,2026-07-25T09:42:00,paid_search,camp_019
acct_0876,touch_2605,2026-08-20T11:42:00,developer_sponsorship,camp_013
acct_0876,touch_2606,2026-08-06T22:51:00,paid_search,camp_015
acct_0876,touch_2607,2026-08-10T13:09:00,paid_search,camp_010
acct_0877,touch_2608,2026-07-03T18:24:00,paid_search,camp_019
acct_0877,touch_2609,2026-07-26T01:41:00,organic_direct,camp_015
acct_0877,touch_2610,2026-06-23T11:08:00,community_events,camp_015
acct_0877,touch_2611,2026-07-23T00:10:00,developer_sponsorship,camp_017
acct_0878,touch_2612,2026-07-14T11:57:00,organic_direct,camp_013
acct_0878,touch_2613,2026-08-22T02:11:00,paid_social,camp_012
acct_0878,touch_2614,2026-09-09T23:36:00,developer_sponsorship,camp_015
acct_0878,touch_2615,2026-07-05T08:50:00,developer_sponsorship,camp_013
acct_0878,touch_2616,2026-06-26T20:30:00,community_events,camp_016
acct_0879,touch_2617,2026-09-10T05:36:00,organic_direct,camp_017
acct_0879,touch_2618,2026-07-21T04:44:00,developer_sponsorship,camp_019
acct_0879,touch_2619,2026-08-31T11:37:00,organic_direct,camp_013
acct_0879,touch_2620,2026-06-26T01:01:00,paid_social,camp_008
acct_0879,touch_2621,2026-06-30T21:06:00,community_events,camp_016
acct_0880,touch_2622,2026-07-17T23:50:00,paid_social,camp_004
acct_0880,touch_2623,2026-07-10T23:57:00,community_events,camp_014
acct_0880,touch_2624,2026-06-26T01:39:00,developer_sponsorship,camp_004
acct_0881,touch_2625,2026-06-27T14:48:00,developer_sponsorship,camp_020
acct_0882,touch_2626,2026-07-10T10:06:00,community_events,camp_013
acct_0883,touch_2627,2026-09-07T18:35:00,paid_social,camp_007
acct_0883,touch_2628,2026-07-20T15:28:00,developer_sponsorship,camp_008
acct_0884,touch_2629,2026-07-08T13:52:00,organic_direct,camp_007
acct_0884,touch_2630,2026-06-29T18:01:00,paid_search,camp_007
acct_0885,touch_2631,2026-07-05T00:23:00,community_events,camp_019
acct_0886,touch_2632,2026-06-27T10:11:00,organic_direct,camp_016
acct_0886,touch_2633,2026-07-12T06:36:00,community_events,camp_017
acct_0886,touch_2634,2026-08-02T11:39:00,organic_direct,camp_005
acct_0886,touch_2635,2026-06-26T14:27:00,community_events,camp_003
acct_0886,touch_2636,2026-08-29T02:08:00,organic_direct,camp_010
acct_0887,touch_2637,2026-07-03T15:14:00,paid_search,camp_020
acct_0888,touch_2638,2026-07-30T00:14:00,developer_sponsorship,camp_009
acct_0888,touch_2639,2026-08-06T22:22:00,paid_search,camp_006
acct_0888,touch_2640,2026-07-24T02:34:00,organic_direct,camp_008
acct_0888,touch_2641,2026-08-23T19:32:00,developer_sponsorship,camp_013
acct_0888,touch_2642,2026-09-05T01:34:00,paid_search,camp_019
acct_0889,touch_2643,2026-07-21T20:01:00,paid_search,camp_011
acct_0889,touch_2644,2026-08-10T08:12:00,developer_sponsorship,camp_002
acct_0889,touch_2645,2026-07-05T06:35:00,developer_sponsorship,camp_002
acct_0889,touch_2646,2026-07-18T15:04:00,organic_direct,camp_020
acct_0890,touch_2647,2026-08-01T02:26:00,organic_direct,camp_020
acct_0891,touch_2648,2026-08-27T15:08:00,developer_sponsorship,camp_002
acct_0892,touch_2649,2026-06-22T15:32:00,paid_social,camp_012
acct_0893,touch_2650,2026-08-18T09:50:00,paid_social,camp_001
acct_0893,touch_2651,2026-06-25T00:49:00,paid_social,camp_018
acct_0893,touch_2652,2026-09-03T12:43:00,paid_search,camp_018
acct_0893,touch_2653,2026-08-18T01:24:00,community_events,camp_005
acct_0894,touch_2654,2026-09-15T13:35:00,paid_social,camp_004
acct_0894,touch_2655,2026-08-13T03:57:00,organic_direct,camp_012
acct_0894,touch_2656,2026-08-02T06:21:00,community_events,camp_002
acct_0894,touch_2657,2026-07-18T07:05:00,organic_direct,camp_001
acct_0895,touch_2658,2026-08-09T23:48:00,organic_direct,camp_019
acct_0895,touch_2659,2026-06-23T00:55:00,paid_social,camp_002
acct_0896,touch_2660,2026-06-25T04:28:00,paid_social,camp_010
acct_0897,touch_2661,2026-07-28T11:38:00,paid_social,camp_010
acct_0898,touch_2662,2026-09-03T12:30:00,paid_search,camp_003
acct_0898,touch_2663,2026-06-27T08:34:00,paid_social,camp_016
acct_0899,touch_2664,2026-07-16T14:45:00,developer_sponsorship,camp_012
acct_0899,touch_2665,2026-08-27T09:55:00,paid_social,camp_017
acct_0899,touch_2666,2026-07-22T10:44:00,organic_direct,camp_017
acct_0900,touch_2667,2026-06-24T11:57:00,community_events,camp_020
acct_0901,touch_2668,2026-07-23T02:13:00,paid_social,camp_017
acct_0901,touch_2669,2026-07-17T09:47:00,organic_direct,camp_007
acct_0901,touch_2670,2026-07-03T11:46:00,paid_social,camp_002
acct_0901,touch_2671,2026-07-18T22:28:00,community_events,camp_004
acct_0902,touch_2672,2026-08-20T01:17:00,developer_sponsorship,camp_019
acct_0903,touch_2673,2026-07-26T02:03:00,developer_sponsorship,camp_020
acct_0903,touch_2674,2026-08-06T15:01:00,community_events,camp_013
acct_0903,touch_2675,2026-08-13T01:14:00,paid_social,camp_013
acct_0903,touch_2676,2026-07-11T21:27:00,organic_direct,camp_002
acct_0904,touch_2677,2026-06-22T17:48:00,developer_sponsorship,camp_001
acct_0904,touch_2678,2026-09-03T10:59:00,developer_sponsorship,camp_019
acct_0904,touch_2679,2026-07-15T00:21:00,organic_direct,camp_014
acct_0905,touch_2680,2026-06-25T03:35:00,community_events,camp_010
acct_0905,touch_2681,2026-08-25T14:27:00,organic_direct,camp_019
acct_0905,touch_2682,2026-08-23T08:10:00,community_events,camp_015
acct_0905,touch_2683,2026-07-18T04:58:00,paid_search,camp_009
acct_0906,touch_2684,2026-06-28T07:49:00,organic_direct,camp_010
acct_0906,touch_2685,2026-07-31T18:25:00,paid_search,camp_020
acct_0906,touch_2686,2026-07-23T11:17:00,developer_sponsorship,camp_020
acct_0907,touch_2687,2026-07-03T09:36:00,developer_sponsorship,camp_009
acct_0908,touch_2688,2026-08-13T14:01:00,community_events,camp_001
acct_0908,touch_2689,2026-08-16T01:22:00,community_events,camp_018
acct_0909,touch_2690,2026-08-09T01:37:00,paid_search,camp_009
acct_0909,touch_2691,2026-09-04T17:20:00,paid_search,camp_015
acct_0910,touch_2692,2026-07-21T08:16:00,community_events,camp_005
acct_0910,touch_2693,2026-07-17T20:11:00,paid_social,camp_020
acct_0911,touch_2694,2026-07-17T03:41:00,paid_search,camp_006
acct_0912,touch_2695,2026-08-13T18:20:00,paid_search,camp_018
acct_0912,touch_2696,2026-07-17T01:45:00,developer_sponsorship,camp_009
acct_0912,touch_2697,2026-06-20T21:54:00,developer_sponsorship,camp_018
acct_0912,touch_2698,2026-06-23T19:15:00,developer_sponsorship,camp_004
acct_0912,touch_2699,2026-06-27T16:28:00,paid_search,camp_017
acct_0913,touch_2700,2026-07-18T06:20:00,organic_direct,camp_012
acct_0914,touch_2701,2026-06-27T20:27:00,developer_sponsorship,camp_005
acct_0914,touch_2702,2026-06-21T10:38:00,developer_sponsorship,camp_011
acct_0914,touch_2703,2026-08-09T20:23:00,community_events,camp_010
acct_0914,touch_2704,2026-09-05T00:10:00,developer_sponsorship,camp_002
acct_0915,touch_2705,2026-07-07T18:01:00,paid_search,camp_020
acct_0915,touch_2706,2026-07-15T10:32:00,organic_direct,camp_019
acct_0915,touch_2707,2026-08-01T06:24:00,organic_direct,camp_002
acct_0916,touch_2708,2026-08-05T20:05:00,paid_search,camp_008
acct_0916,touch_2709,2026-08-29T16:36:00,organic_direct,camp_014
acct_0917,touch_2710,2026-07-03T16:51:00,paid_search,camp_020
acct_0917,touch_2711,2026-08-17T21:33:00,organic_direct,camp_015
acct_0917,touch_2712,2026-07-28T08:12:00,organic_direct,camp_010
acct_0917,touch_2713,2026-07-19T10:15:00,developer_sponsorship,camp_008
acct_0917,touch_2714,2026-08-15T10:47:00,paid_search,camp_008
acct_0918,touch_2715,2026-08-09T11:05:00,developer_sponsorship,camp_018
acct_0918,touch_2716,2026-08-21T02:58:00,developer_sponsorship,camp_016
acct_0918,touch_2717,2026-09-03T07:28:00,community_events,camp_008
acct_0918,touch_2718,2026-08-29T04:59:00,organic_direct,camp_008
acct_0919,touch_2719,2026-09-12T18:42:00,paid_social,camp_020
acct_0919,touch_2720,2026-07-21T09:21:00,developer_sponsorship,camp_004
acct_0919,touch_2721,2026-06-28T13:26:00,organic_direct,camp_005
acct_0919,touch_2722,2026-08-30T15:40:00,paid_social,camp_006
acct_0920,touch_2723,2026-06-19T05:07:00,community_events,camp_009
acct_0920,touch_2724,2026-08-27T22:59:00,community_events,camp_004
acct_0920,touch_2725,2026-07-04T01:53:00,community_events,camp_001
acct_0920,touch_2726,2026-09-14T05:04:00,paid_social,camp_017
acct_0921,touch_2727,2026-08-06T13:22:00,paid_social,camp_013
acct_0921,touch_2728,2026-09-15T17:15:00,developer_sponsorship,camp_004
acct_0921,touch_2729,2026-07-31T10:37:00,organic_direct,camp_020
acct_0921,touch_2730,2026-07-01T23:02:00,paid_search,camp_012
acct_0921,touch_2731,2026-08-14T13:40:00,community_events,camp_014
acct_0922,touch_2732,2026-08-18T22:08:00,paid_social,camp_019
acct_0922,touch_2733,2026-08-22T02:09:00,paid_search,camp_019
acct_0922,touch_2734,2026-09-01T11:43:00,community_events,camp_013
acct_0923,touch_2735,2026-08-13T05:32:00,organic_direct,camp_009
acct_0923,touch_2736,2026-06-30T07:19:00,community_events,camp_011
acct_0923,touch_2737,2026-06-24T18:33:00,organic_direct,camp_019
acct_0924,touch_2738,2026-08-11T09:20:00,community_events,camp_011
acct_0924,touch_2739,2026-07-10T04:02:00,paid_social,camp_014
acct_0924,touch_2740,2026-08-23T08:36:00,organic_direct,camp_011
acct_0924,touch_2741,2026-06-30T11:18:00,paid_social,camp_004
acct_0924,touch_2742,2026-07-24T08:31:00,community_events,camp_008
acct_0925,touch_2743,2026-07-24T08:38:00,paid_search,camp_008
acct_0925,touch_2744,2026-09-11T08:09:00,paid_search,camp_007
acct_0926,touch_2745,2026-08-22T05:01:00,organic_direct,camp_002
acct_0926,touch_2746,2026-08-26T17:51:00,paid_social,camp_001
acct_0926,touch_2747,2026-08-19T00:23:00,paid_social,camp_010
acct_0926,touch_2748,2026-08-30T13:46:00,community_events,camp_017
acct_0926,touch_2749,2026-07-04T14:18:00,paid_search,camp_004
acct_0927,touch_2750,2026-08-12T15:16:00,paid_search,camp_005
acct_0927,touch_2751,2026-07-23T23:42:00,paid_search,camp_012
acct_0927,touch_2752,2026-06-28T23:50:00,paid_social,camp_003
acct_0927,touch_2753,2026-07-29T05:32:00,developer_sponsorship,camp_009
acct_0928,touch_2754,2026-09-06T23:32:00,paid_search,camp_011
acct_0928,touch_2755,2026-06-22T13:06:00,organic_direct,camp_011
acct_0928,touch_2756,2026-07-12T17:42:00,paid_search,camp_001
acct_0928,touch_2757,2026-07-19T04:37:00,community_events,camp_008
acct_0929,touch_2758,2026-07-21T15:09:00,community_events,camp_006
acct_0929,touch_2759,2026-08-20T09:08:00,paid_social,camp_003
acct_0930,touch_2760,2026-07-15T00:27:00,paid_search,camp_016
acct_0930,touch_2761,2026-08-28T19:13:00,paid_social,camp_002
acct_0930,touch_2762,2026-08-10T22:16:00,organic_direct,camp_013
acct_0930,touch_2763,2026-09-06T18:15:00,developer_sponsorship,camp_016
acct_0930,touch_2764,2026-08-24T21:11:00,developer_sponsorship,camp_008
acct_0931,touch_2765,2026-09-11T15:31:00,community_events,camp_020
acct_0931,touch_2766,2026-08-02T17:30:00,developer_sponsorship,camp_004
acct_0931,touch_2767,2026-07-16T03:56:00,developer_sponsorship,camp_014
acct_0932,touch_2768,2026-07-29T07:42:00,community_events,camp_004
acct_0932,touch_2769,2026-07-10T14:20:00,paid_search,camp_012
acct_0932,touch_2770,2026-09-15T12:45:00,paid_social,camp_016
acct_0932,touch_2771,2026-08-19T19:26:00,paid_social,camp_001
acct_0933,touch_2772,2026-07-22T16:13:00,community_events,camp_002
acct_0933,touch_2773,2026-08-28T10:16:00,developer_sponsorship,camp_014
acct_0933,touch_2774,2026-08-07T14:27:00,community_events,camp_009
acct_0934,touch_2775,2026-07-22T15:46:00,paid_social,camp_011
acct_0935,touch_2776,2026-07-27T14:26:00,paid_social,camp_019
acct_0936,touch_2777,2026-08-25T06:49:00,paid_search,camp_020
acct_0936,touch_2778,2026-09-04T10:08:00,organic_direct,camp_018
acct_0937,touch_2779,2026-06-20T12:05:00,developer_sponsorship,camp_012
acct_0938,touch_2780,2026-06-26T20:03:00,organic_direct,camp_007
acct_0938,touch_2781,2026-08-03T17:12:00,paid_social,camp_018
acct_0938,touch_2782,2026-08-07T22:14:00,developer_sponsorship,camp_006
acct_0938,touch_2783,2026-08-04T10:26:00,paid_social,camp_018
acct_0938,touch_2784,2026-07-19T00:02:00,paid_search,camp_017
acct_0939,touch_2785,2026-08-21T12:50:00,community_events,camp_002
acct_0940,touch_2786,2026-07-24T09:01:00,paid_social,camp_008
acct_0940,touch_2787,2026-06-22T08:47:00,paid_search,camp_013
acct_0941,touch_2788,2026-07-04T23:56:00,developer_sponsorship,camp_003
acct_0941,touch_2789,2026-06-27T02:32:00,community_events,camp_001
acct_0941,touch_2790,2026-06-19T23:53:00,organic_direct,camp_020
acct_0941,touch_2791,2026-07-07T03:47:00,organic_direct,camp_013
acct_0942,touch_2792,2026-09-03T09:50:00,developer_sponsorship,camp_014
acct_0942,touch_2793,2026-08-22T23:01:00,developer_sponsorship,camp_009
acct_0943,touch_2794,2026-07-13T03:16:00,organic_direct,camp_016
acct_0943,touch_2795,2026-08-05T09:27:00,paid_search,camp_008
acct_0943,touch_2796,2026-08-09T17:17:00,community_events,camp_010
acct_0943,touch_2797,2026-09-15T17:32:00,paid_social,camp_013
acct_0944,touch_2798,2026-08-20T23:25:00,developer_sponsorship,camp_018
acct_0945,touch_2799,2026-08-14T07:36:00,paid_search,camp_013
acct_0946,touch_2800,2026-08-14T11:30:00,organic_direct,camp_004
acct_0946,touch_2801,2026-09-08T09:21:00,paid_social,camp_003
acct_0947,touch_2802,2026-08-28T05:13:00,community_events,camp_019
acct_0948,touch_2803,2026-06-28T04:25:00,organic_direct,camp_016
acct_0948,touch_2804,2026-08-23T23:53:00,organic_direct,camp_008
acct_0949,touch_2805,2026-08-20T08:26:00,developer_sponsorship,camp_011
acct_0950,touch_2806,2026-06-22T10:44:00,organic_direct,camp_020
acct_0950,touch_2807,2026-08-09T00:17:00,paid_social,camp_018
acct_0951,touch_2808,2026-08-26T15:20:00,paid_social,camp_011
acct_0951,touch_2809,2026-08-16T22:30:00,organic_direct,camp_018
acct_0951,touch_2810,2026-06-28T03:27:00,paid_search,camp_013
acct_0951,touch_2811,2026-07-04T00:10:00,organic_direct,camp_004
acct_0952,touch_2812,2026-07-13T14:55:00,paid_search,camp_002
acct_0952,touch_2813,2026-08-11T15:10:00,organic_direct,camp_016
acct_0953,touch_2814,2026-08-27T13:25:00,paid_search,camp_010
acct_0953,touch_2815,2026-07-03T13:18:00,developer_sponsorship,camp_017
acct_0954,touch_2816,2026-09-04T11:36:00,paid_social,camp_005
acct_0954,touch_2817,2026-07-25T16:43:00,paid_social,camp_020
acct_0954,touch_2818,2026-08-04T16:38:00,developer_sponsorship,camp_016
acct_0955,touch_2819,2026-07-14T10:59:00,paid_social,camp_006
acct_0955,touch_2820,2026-08-24T22:53:00,community_events,camp_001
acct_0955,touch_2821,2026-07-28T13:11:00,paid_social,camp_016
acct_0955,touch_2822,2026-06-26T00:19:00,paid_social,camp_007
acct_0956,touch_2823,2026-08-25T14:21:00,paid_search,camp_002
acct_0957,touch_2824,2026-08-16T19:10:00,paid_search,camp_012
acct_0957,touch_2825,2026-09-07T17:56:00,paid_social,camp_012
acct_0957,touch_2826,2026-09-06T00:59:00,paid_social,camp_009
acct_0957,touch_2827,2026-07-24T13:37:00,developer_sponsorship,camp_012
acct_0957,touch_2828,2026-09-05T12:59:00,developer_sponsorship,camp_018
acct_0958,touch_2829,2026-09-08T21:12:00,paid_search,camp_019
acct_0958,touch_2830,2026-07-07T03:46:00,paid_social,camp_009
acct_0958,touch_2831,2026-07-10T08:36:00,paid_search,camp_005
acct_0958,touch_2832,2026-08-23T18:41:00,community_events,camp_011
acct_0958,touch_2833,2026-08-30T18:38:00,developer_sponsorship,camp_020
acct_0959,touch_2834,2026-07-14T05:00:00,paid_social,camp_007
acct_0959,touch_2835,2026-06-29T19:09:00,paid_social,camp_006
acct_0959,touch_2836,2026-08-17T00:20:00,paid_search,camp_002
acct_0959,touch_2837,2026-07-05T16:51:00,community_events,camp_014
acct_0960,touch_2838,2026-07-29T09:32:00,paid_search,camp_008
acct_0960,touch_2839,2026-08-28T12:24:00,community_events,camp_016
acct_0960,touch_2840,2026-08-02T09:53:00,organic_direct,camp_011
acct_0960,touch_2841,2026-08-24T02:56:00,organic_direct,camp_007
acct_0961,touch_2842,2026-09-07T08:45:00,paid_social,camp_014
acct_0961,touch_2843,2026-08-28T14:31:00,developer_sponsorship,camp_004
acct_0962,touch_2844,2026-08-12T20:22:00,paid_social,camp_001
acct_0962,touch_2845,2026-08-03T14:49:00,developer_sponsorship,camp_014
acct_0962,touch_2846,2026-07-15T19:35:00,paid_social,camp_013
acct_0962,touch_2847,2026-08-04T05:59:00,paid_search,camp_007
acct_0962,touch_2848,2026-08-13T11:33:00,paid_social,camp_001
acct_0963,touch_2849,2026-07-27T10:06:00,developer_sponsorship,camp_009
acct_0963,touch_2850,2026-08-21T00:38:00,developer_sponsorship,camp_002
acct_0963,touch_2851,2026-09-08T08:41:00,community_events,camp_013
acct_0963,touch_2852,2026-06-23T22:45:00,developer_sponsorship,camp_009
acct_0963,touch_2853,2026-09-06T01:36:00,paid_search,camp_016
acct_0964,touch_2854,2026-09-06T14:31:00,paid_social,camp_016
acct_0964,touch_2855,2026-09-08T17:51:00,paid_search,camp_002
acct_0964,touch_2856,2026-08-04T00:39:00,paid_social,camp_006
acct_0964,touch_2857,2026-07-04T02:26:00,paid_search,camp_002
acct_0964,touch_2858,2026-08-13T20:45:00,paid_search,camp_011
acct_0965,touch_2859,2026-08-26T08:54:00,paid_social,camp_020
acct_0966,touch_2860,2026-07-30T21:54:00,developer_sponsorship,camp_006
acct_0967,touch_2861,2026-08-03T16:00:00,community_events,camp_014
acct_0967,touch_2862,2026-09-11T21:03:00,paid_search,camp_007
acct_0967,touch_2863,2026-08-21T04:46:00,developer_sponsorship,camp_003
acct_0967,touch_2864,2026-07-10T14:02:00,developer_sponsorship,camp_020
acct_0967,touch_2865,2026-07-13T22:32:00,community_events,camp_006
acct_0968,touch_2866,2026-07-27T08:35:00,developer_sponsorship,camp_004
acct_0969,touch_2867,2026-08-16T18:53:00,paid_search,camp_019
acct_0969,touch_2868,2026-08-16T02:07:00,paid_search,camp_006
acct_0969,touch_2869,2026-06-29T05:20:00,organic_direct,camp_001
acct_0970,touch_2870,2026-06-19T06:40:00,developer_sponsorship,camp_015
acct_0970,touch_2871,2026-06-28T23:15:00,developer_sponsorship,camp_007
acct_0971,touch_2872,2026-07-27T01:24:00,developer_sponsorship,camp_006
acct_0971,touch_2873,2026-07-23T04:36:00,developer_sponsorship,camp_014
acct_0972,touch_2874,2026-07-12T08:56:00,paid_social,camp_006
acct_0972,touch_2875,2026-07-25T08:44:00,community_events,camp_009
acct_0973,touch_2876,2026-08-19T11:37:00,developer_sponsorship,camp_012
acct_0974,touch_2877,2026-08-14T20:43:00,paid_social,camp_002
acct_0974,touch_2878,2026-08-31T12:09:00,organic_direct,camp_019
acct_0974,touch_2879,2026-07-14T22:27:00,developer_sponsorship,camp_010
acct_0974,touch_2880,2026-07-14T10:44:00,organic_direct,camp_018
acct_0974,touch_2881,2026-07-22T02:32:00,paid_social,camp_009
acct_0975,touch_2882,2026-08-16T08:02:00,paid_search,camp_017
acct_0975,touch_2883,2026-09-10T20:11:00,community_events,camp_005
acct_0976,touch_2884,2026-09-01T10:23:00,organic_direct,camp_013
acct_0976,touch_2885,2026-09-10T18:57:00,paid_search,camp_011
acct_0976,touch_2886,2026-09-15T03:40:00,developer_sponsorship,camp_001
acct_0976,touch_2887,2026-07-08T13:30:00,developer_sponsorship,camp_011
acct_0977,touch_2888,2026-07-11T11:19:00,paid_social,camp_015
acct_0978,touch_2889,2026-07-11T00:28:00,organic_direct,camp_015
acct_0978,touch_2890,2026-09-01T18:44:00,community_events,camp_013
acct_0978,touch_2891,2026-08-17T07:16:00,developer_sponsorship,camp_020
acct_0978,touch_2892,2026-07-31T15:43:00,community_events,camp_010
acct_0978,touch_2893,2026-06-23T07:48:00,organic_direct,camp_004
acct_0979,touch_2894,2026-08-11T08:36:00,community_events,camp_019
acct_0979,touch_2895,2026-06-21T05:32:00,paid_social,camp_010
acct_0979,touch_2896,2026-09-02T22:33:00,paid_social,camp_019
acct_0979,touch_2897,2026-07-05T04:42:00,developer_sponsorship,camp_002
acct_0980,touch_2898,2026-07-27T04:51:00,developer_sponsorship,camp_015
acct_0981,touch_2899,2026-07-09T14:00:00,paid_social,camp_007
acct_0981,touch_2900,2026-07-10T09:19:00,paid_search,camp_006
acct_0981,touch_2901,2026-07-18T06:27:00,paid_search,camp_008
acct_0981,touch_2902,2026-07-07T21:35:00,developer_sponsorship,camp_001
acct_0982,touch_2903,2026-07-08T11:06:00,community_events,camp_018
acct_0982,touch_2904,2026-09-13T12:44:00,paid_social,camp_016
acct_0982,touch_2905,2026-09-11T12:53:00,community_events,camp_008
acct_0982,touch_2906,2026-06-30T12:08:00,developer_sponsorship,camp_005
acct_0983,touch_2907,2026-07-29T09:52:00,community_events,camp_020
acct_0983,touch_2908,2026-08-07T17:04:00,developer_sponsorship,camp_016
acct_0983,touch_2909,2026-09-11T23:37:00,paid_search,camp_008
acct_0983,touch_2910,2026-09-03T05:49:00,paid_social,camp_012
acct_0984,touch_2911,2026-07-31T16:52:00,paid_search,camp_020
acct_0984,touch_2912,2026-09-02T12:58:00,paid_search,camp_008
acct_0984,touch_2913,2026-07-05T15:12:00,paid_search,camp_007
acct_0985,touch_2914,2026-08-12T02:21:00,community_events,camp_006
acct_0985,touch_2915,2026-08-11T04:18:00,developer_sponsorship,camp_013
acct_0985,touch_2916,2026-09-12T15:02:00,developer_sponsorship,camp_014
acct_0986,touch_2917,2026-07-08T12:43:00,organic_direct,camp_004
acct_0986,touch_2918,2026-08-16T02:22:00,paid_search,camp_013
acct_0987,touch_2919,2026-07-08T10:08:00,organic_direct,camp_017
acct_0988,touch_2920,2026-09-13T14:00:00,community_events,camp_013
acct_0988,touch_2921,2026-08-11T01:19:00,community_events,camp_009
acct_0988,touch_2922,2026-09-07T03:38:00,community_events,camp_017
acct_0988,touch_2923,2026-08-04T15:45:00,developer_sponsorship,camp_018
acct_0989,touch_2924,2026-07-02T05:27:00,organic_direct,camp_013
acct_0989,touch_2925,2026-09-12T02:09:00,paid_search,camp_011
acct_0989,touch_2926,2026-09-01T08:12:00,organic_direct,camp_020
acct_0990,touch_2927,2026-08-12T01:29:00,developer_sponsorship,camp_002
acct_0990,touch_2928,2026-07-03T15:29:00,developer_sponsorship,camp_002
acct_0990,touch_2929,2026-09-02T21:23:00,developer_sponsorship,camp_014
acct_0990,touch_2930,2026-07-31T21:18:00,paid_search,camp_018
acct_0991,touch_2931,2026-07-10T09:22:00,community_events,camp_001
acct_0991,touch_2932,2026-08-14T10:19:00,paid_search,camp_020
acct_0991,touch_2933,2026-07-02T11:46:00,paid_search,camp_018
acct_0992,touch_2934,2026-07-19T05:05:00,organic_direct,camp_004
acct_0992,touch_2935,2026-07-04T23:09:00,community_events,camp_014
acct_0992,touch_2936,2026-07-23T11:29:00,organic_direct,camp_008
acct_0992,touch_2937,2026-08-24T18:29:00,paid_search,camp_003
acct_0993,touch_2938,2026-08-04T01:09:00,organic_direct,camp_004
acct_0993,touch_2939,2026-08-05T16:46:00,paid_search,camp_011
acct_0993,touch_2940,2026-09-07T23:19:00,community_events,camp_013
acct_0994,touch_2941,2026-07-11T23:16:00,paid_search,camp_014
acct_0995,touch_2942,2026-07-12T18:16:00,developer_sponsorship,camp_020
acct_0996,touch_2943,2026-08-26T07:44:00,paid_search,camp_012
acct_0996,touch_2944,2026-08-30T15:13:00,community_events,camp_009
acct_0996,touch_2945,2026-09-14T05:17:00,organic_direct,camp_002
acct_0996,touch_2946,2026-09-03T12:58:00,paid_social,camp_010
acct_0996,touch_2947,2026-07-22T00:26:00,paid_social,camp_001
acct_0997,touch_2948,2026-09-10T04:17:00,developer_sponsorship,camp_015
acct_0997,touch_2949,2026-09-02T20:20:00,paid_search,camp_008
acct_0997,touch_2950,2026-07-16T00:45:00,developer_sponsorship,camp_008
acct_0997,touch_2951,2026-06-26T19:18:00,organic_direct,camp_015
acct_0998,touch_2952,2026-08-10T20:38:00,developer_sponsorship,camp_018
acct_0998,touch_2953,2026-08-06T15:59:00,organic_direct,camp_001
acct_0998,touch_2954,2026-07-31T10:20:00,developer_sponsorship,camp_015
acct_0998,touch_2955,2026-07-07T14:54:00,community_events,camp_007
acct_0998,touch_2956,2026-08-25T22:10:00,community_events,camp_009
acct_0999,touch_2957,2026-06-22T21:54:00,organic_direct,camp_003
acct_0999,touch_2958,2026-09-06T15:35:00,developer_sponsorship,camp_003
acct_0999,touch_2959,2026-07-14T23:33:00,developer_sponsorship,camp_010
acct_0999,touch_2960,2026-07-25T10:28:00,community_events,camp_001
acct_1000,touch_2961,2026-09-05T18:10:00,organic_direct,camp_012
acct_1000,touch_2962,2026-08-29T13:26:00,paid_search,camp_010
acct_1001,touch_2963,2026-08-19T07:24:00,organic_direct,camp_005
acct_1001,touch_2964,2026-08-05T19:54:00,paid_search,camp_004
acct_1001,touch_2965,2026-08-07T06:13:00,paid_search,camp_019
acct_1001,touch_2966,2026-07-25T05:55:00,paid_social,camp_013
acct_1001,touch_2967,2026-08-27T13:22:00,paid_social,camp_014
acct_1002,touch_2968,2026-07-23T10:49:00,developer_sponsorship,camp_004
acct_1002,touch_2969,2026-09-11T21:40:00,developer_sponsorship,camp_017
acct_1002,touch_2970,2026-08-25T17:25:00,paid_social,camp_013
acct_1002,touch_2971,2026-08-20T14:18:00,community_events,camp_006
acct_1002,touch_2972,2026-07-10T12:18:00,paid_search,camp_018
acct_1003,touch_2973,2026-08-16T20:11:00,paid_search,camp_013
acct_1003,touch_2974,2026-08-31T20:26:00,community_events,camp_014
acct_1003,touch_2975,2026-07-12T20:01:00,organic_direct,camp_008
acct_1004,touch_2976,2026-09-04T19:32:00,paid_search,camp_020
acct_1004,touch_2977,2026-08-30T23:26:00,paid_search,camp_011
acct_1005,touch_2978,2026-07-19T05:36:00,community_events,camp_003
acct_1005,touch_2979,2026-08-04T00:47:00,organic_direct,camp_013
acct_1005,touch_2980,2026-08-27T16:55:00,paid_social,camp_006
acct_1005,touch_2981,2026-08-15T11:46:00,paid_social,camp_006
acct_1005,touch_2982,2026-08-17T22:58:00,paid_social,camp_011
acct_1006,touch_2983,2026-07-25T02:57:00,paid_search,camp_007
acct_1006,touch_2984,2026-08-30T14:29:00,paid_social,camp_020
acct_1007,touch_2985,2026-07-18T05:29:00,organic_direct,camp_004
acct_1007,touch_2986,2026-09-03T10:55:00,paid_social,camp_008
acct_1007,touch_2987,2026-08-16T23:04:00,paid_search,camp_002
acct_1007,touch_2988,2026-09-13T21:26:00,organic_direct,camp_016
acct_1008,touch_2989,2026-06-27T13:16:00,organic_direct,camp_004
acct_1008,touch_2990,2026-09-03T20:34:00,paid_search,camp_015
acct_1008,touch_2991,2026-08-18T23:03:00,developer_sponsorship,camp_013
acct_1008,touch_2992,2026-06-23T11:25:00,organic_direct,camp_015
acct_1009,touch_2993,2026-07-03T03:09:00,developer_sponsorship,camp_019
acct_1009,touch_2994,2026-07-02T23:10:00,developer_sponsorship,camp_014
acct_1009,touch_2995,2026-09-10T10:09:00,paid_social,camp_016
acct_1009,touch_2996,2026-07-14T08:06:00,developer_sponsorship,camp_003
acct_1010,touch_2997,2026-08-19T07:48:00,developer_sponsorship,camp_011
acct_1010,touch_2998,2026-07-25T22:28:00,developer_sponsorship,camp_015
acct_1010,touch_2999,2026-09-15T08:36:00,developer_sponsorship,camp_020
acct_1010,touch_3000,2026-06-22T04:09:00,organic_direct,camp_010
acct_1011,touch_3001,2026-07-16T11:36:00,developer_sponsorship,camp_010
acct_1012,touch_3002,2026-07-08T18:40:00,developer_sponsorship,camp_016
acct_1012,touch_3003,2026-08-13T21:18:00,paid_social,camp_005
acct_1012,touch_3004,2026-07-06T19:18:00,community_events,camp_009
acct_1013,touch_3005,2026-06-21T06:37:00,developer_sponsorship,camp_005
acct_1013,touch_3006,2026-08-31T00:16:00,developer_sponsorship,camp_017
acct_1014,touch_3007,2026-08-08T15:39:00,paid_social,camp_012
acct_1014,touch_3008,2026-09-08T04:37:00,organic_direct,camp_011
acct_1014,touch_3009,2026-08-23T11:24:00,community_events,camp_006
acct_1014,touch_3010,2026-08-24T15:11:00,community_events,camp_013
acct_1014,touch_3011,2026-06-19T21:04:00,developer_sponsorship,camp_008
acct_1015,touch_3012,2026-07-14T07:09:00,developer_sponsorship,camp_020
acct_1015,touch_3013,2026-07-03T20:12:00,developer_sponsorship,camp_016
acct_1015,touch_3014,2026-08-15T18:58:00,paid_search,camp_017
acct_1016,touch_3015,2026-07-13T11:42:00,paid_search,camp_013
acct_1016,touch_3016,2026-09-06T03:21:00,organic_direct,camp_003
acct_1017,touch_3017,2026-08-27T17:54:00,organic_direct,camp_003
acct_1017,touch_3018,2026-06-25T14:36:00,organic_direct,camp_008
acct_1017,touch_3019,2026-07-19T08:51:00,paid_social,camp_008
acct_1018,touch_3020,2026-09-14T22:29:00,paid_social,camp_002
acct_1018,touch_3021,2026-09-03T08:35:00,developer_sponsorship,camp_003
acct_1019,touch_3022,2026-06-26T04:33:00,developer_sponsorship,camp_002
acct_1019,touch_3023,2026-07-14T07:15:00,organic_direct,camp_019
acct_1020,touch_3024,2026-08-16T03:34:00,paid_search,camp_011
acct_1020,touch_3025,2026-09-07T02:12:00,community_events,camp_004
acct_1020,touch_3026,2026-08-13T02:30:00,paid_social,camp_004
acct_1020,touch_3027,2026-08-26T18:13:00,organic_direct,camp_016
acct_1021,touch_3028,2026-08-29T00:37:00,community_events,camp_004
acct_1021,touch_3029,2026-08-13T20:12:00,organic_direct,camp_020
acct_1021,touch_3030,2026-08-15T00:16:00,community_events,camp_020
acct_1022,touch_3031,2026-08-20T20:11:00,developer_sponsorship,camp_017
acct_1022,touch_3032,2026-08-18T16:18:00,developer_sponsorship,camp_009
acct_1022,touch_3033,2026-08-25T07:21:00,developer_sponsorship,camp_018
acct_1023,touch_3034,2026-07-27T20:28:00,paid_search,camp_006
acct_1023,touch_3035,2026-08-19T00:20:00,organic_direct,camp_016
acct_1023,touch_3036,2026-08-20T05:11:00,paid_search,camp_014
acct_1023,touch_3037,2026-09-12T09:06:00,community_events,camp_011
acct_1023,touch_3038,2026-09-07T21:34:00,paid_social,camp_007
acct_1024,touch_3039,2026-07-17T06:19:00,organic_direct,camp_010
acct_1025,touch_3040,2026-08-24T15:06:00,developer_sponsorship,camp_020
acct_1025,touch_3041,2026-07-14T18:43:00,paid_social,camp_011
acct_1025,touch_3042,2026-07-08T06:49:00,community_events,camp_006
acct_1026,touch_3043,2026-09-04T21:10:00,developer_sponsorship,camp_017
acct_1026,touch_3044,2026-08-17T20:38:00,community_events,camp_009
acct_1027,touch_3045,2026-07-21T15:59:00,developer_sponsorship,camp_012
acct_1027,touch_3046,2026-07-06T09:21:00,developer_sponsorship,camp_011
acct_1028,touch_3047,2026-07-27T13:36:00,community_events,camp_014
acct_1028,touch_3048,2026-06-18T12:03:00,community_events,camp_012
acct_1028,touch_3049,2026-09-08T04:29:00,developer_sponsorship,camp_001
acct_1028,touch_3050,2026-07-13T06:42:00,developer_sponsorship,camp_010
acct_1029,touch_3051,2026-06-21T10:27:00,community_events,camp_011
acct_1029,touch_3052,2026-08-28T17:47:00,paid_social,camp_007
acct_1029,touch_3053,2026-09-05T16:28:00,developer_sponsorship,camp_004
acct_1030,touch_3054,2026-07-19T05:20:00,community_events,camp_019
acct_1031,touch_3055,2026-06-23T21:24:00,community_events,camp_008
acct_1031,touch_3056,2026-07-23T19:37:00,community_events,camp_002
acct_1031,touch_3057,2026-06-30T01:40:00,developer_sponsorship,camp_009
acct_1031,touch_3058,2026-08-25T11:28:00,developer_sponsorship,camp_004
acct_1032,touch_3059,2026-07-05T23:04:00,developer_sponsorship,camp_014
acct_1032,touch_3060,2026-07-07T04:37:00,developer_sponsorship,camp_019
acct_1032,touch_3061,2026-07-13T17:05:00,community_events,camp_008
acct_1032,touch_3062,2026-07-29T18:34:00,developer_sponsorship,camp_018
acct_1033,touch_3063,2026-07-25T22:01:00,paid_social,camp_003
acct_1033,touch_3064,2026-09-15T22:47:00,developer_sponsorship,camp_012
acct_1033,touch_3065,2026-08-14T23:56:00,paid_social,camp_006
acct_1033,touch_3066,2026-07-29T14:14:00,community_events,camp_012
acct_1033,touch_3067,2026-07-30T06:43:00,developer_sponsorship,camp_009
acct_1034,touch_3068,2026-06-20T04:07:00,community_events,camp_014
acct_1034,touch_3069,2026-08-07T15:51:00,paid_search,camp_017
acct_1034,touch_3070,2026-06-25T16:23:00,paid_search,camp_019
acct_1034,touch_3071,2026-08-12T01:32:00,developer_sponsorship,camp_018
acct_1034,touch_3072,2026-08-19T09:36:00,developer_sponsorship,camp_003
acct_1035,touch_3073,2026-08-29T02:35:00,paid_search,camp_018
acct_1036,touch_3074,2026-08-22T02:36:00,community_events,camp_020
acct_1036,touch_3075,2026-09-09T06:48:00,paid_search,camp_014
acct_1037,touch_3076,2026-08-16T14:56:00,paid_social,camp_011
acct_1037,touch_3077,2026-06-27T05:41:00,organic_direct,camp_011
acct_1037,touch_3078,2026-08-15T16:49:00,community_events,camp_001
acct_1038,touch_3079,2026-08-30T09:00:00,organic_direct,camp_013
acct_1038,touch_3080,2026-06-20T00:14:00,developer_sponsorship,camp_014
acct_1038,touch_3081,2026-07-07T08:54:00,paid_social,camp_019
acct_1038,touch_3082,2026-09-12T10:34:00,community_events,camp_007
acct_1039,touch_3083,2026-08-02T22:55:00,organic_direct,camp_005
acct_1039,touch_3084,2026-07-12T04:13:00,developer_sponsorship,camp_006
acct_1039,touch_3085,2026-06-30T00:34:00,organic_direct,camp_002
acct_1039,touch_3086,2026-07-04T17:22:00,paid_search,camp_011
acct_1039,touch_3087,2026-07-28T07:42:00,paid_social,camp_007
acct_1040,touch_3088,2026-07-08T13:17:00,paid_social,camp_007
acct_1040,touch_3089,2026-08-02T00:08:00,community_events,camp_004
acct_1040,touch_3090,2026-08-05T00:28:00,paid_social,camp_013
acct_1041,touch_3091,2026-08-14T14:25:00,paid_social,camp_007
acct_1042,touch_3092,2026-09-01T03:05:00,paid_social,camp_017
acct_1042,touch_3093,2026-08-31T23:33:00,paid_search,camp_006
acct_1042,touch_3094,2026-07-14T03:31:00,organic_direct,camp_012
acct_1042,touch_3095,2026-07-28T13:12:00,paid_social,camp_003
acct_1043,touch_3096,2026-08-03T15:16:00,organic_direct,camp_004
acct_1043,touch_3097,2026-08-15T00:00:00,community_events,camp_014
acct_1043,touch_3098,2026-08-08T03:22:00,developer_sponsorship,camp_010
acct_1043,touch_3099,2026-06-26T13:54:00,developer_sponsorship,camp_008
acct_1043,touch_3100,2026-09-15T02:41:00,community_events,camp_016
acct_1044,touch_3101,2026-07-23T23:41:00,developer_sponsorship,camp_002
acct_1045,touch_3102,2026-07-19T05:36:00,paid_search,camp_005
acct_1045,touch_3103,2026-08-23T04:08:00,community_events,camp_002
acct_1046,touch_3104,2026-09-02T06:55:00,developer_sponsorship,camp_012
acct_1047,touch_3105,2026-08-10T05:26:00,paid_social,camp_006
acct_1047,touch_3106,2026-08-23T04:47:00,paid_social,camp_012
acct_1047,touch_3107,2026-07-02T05:01:00,community_events,camp_007
acct_1047,touch_3108,2026-07-27T12:40:00,developer_sponsorship,camp_009
acct_1047,touch_3109,2026-09-05T10:01:00,paid_search,camp_011
acct_1048,touch_3110,2026-08-17T01:47:00,paid_social,camp_014
acct_1049,touch_3111,2026-08-26T12:48:00,organic_direct,camp_017
acct_1050,touch_3112,2026-07-08T03:00:00,developer_sponsorship,camp_008
acct_1050,touch_3113,2026-06-29T13:04:00,paid_search,camp_016
acct_1051,touch_3114,2026-08-10T17:28:00,paid_social,camp_020
acct_1051,touch_3115,2026-09-07T00:19:00,community_events,camp_016
acct_1051,touch_3116,2026-07-20T04:20:00,organic_direct,camp_012
acct_1051,touch_3117,2026-09-04T21:45:00,paid_search,camp_016
acct_1052,touch_3118,2026-08-30T06:08:00,paid_social,camp_017
acct_1052,touch_3119,2026-07-04T04:14:00,paid_search,camp_004
acct_1052,touch_3120,2026-08-08T09:56:00,organic_direct,camp_004
acct_1052,touch_3121,2026-07-19T07:16:00,paid_social,camp_010
acct_1053,touch_3122,2026-08-16T21:37:00,organic_direct,camp_017
acct_1053,touch_3123,2026-08-30T08:48:00,paid_social,camp_011
acct_1053,touch_3124,2026-08-11T11:42:00,paid_social,camp_019
acct_1054,touch_3125,2026-08-06T20:03:00,paid_social,camp_006
acct_1055,touch_3126,2026-07-06T20:02:00,paid_social,camp_006
acct_1056,touch_3127,2026-07-29T00:36:00,community_events,camp_016
acct_1056,touch_3128,2026-08-01T06:40:00,organic_direct,camp_013
acct_1056,touch_3129,2026-08-14T06:29:00,organic_direct,camp_009
acct_1056,touch_3130,2026-08-26T14:07:00,developer_sponsorship,camp_017
acct_1057,touch_3131,2026-07-31T05:16:00,developer_sponsorship,camp_016
acct_1057,touch_3132,2026-08-27T14:42:00,paid_search,camp_011
acct_1057,touch_3133,2026-08-23T08:04:00,developer_sponsorship,camp_014
acct_1058,touch_3134,2026-08-26T04:06:00,paid_social,camp_015
acct_1059,touch_3135,2026-07-03T17:45:00,developer_sponsorship,camp_005
acct_1060,touch_3136,2026-07-27T14:27:00,organic_direct,camp_003
acct_1060,touch_3137,2026-08-21T05:25:00,organic_direct,camp_007
acct_1060,touch_3138,2026-07-06T21:14:00,paid_search,camp_007
acct_1061,touch_3139,2026-08-24T19:49:00,paid_social,camp_019
acct_1061,touch_3140,2026-08-24T16:03:00,organic_direct,camp_012
acct_1061,touch_3141,2026-08-26T07:44:00,organic_direct,camp_006
acct_1062,touch_3142,2026-07-08T03:43:00,paid_social,camp_020
acct_1062,touch_3143,2026-07-16T22:09:00,organic_direct,camp_020
acct_1062,touch_3144,2026-08-11T06:17:00,paid_search,camp_013
acct_1063,touch_3145,2026-08-06T16:26:00,community_events,camp_015
acct_1063,touch_3146,2026-07-29T04:46:00,developer_sponsorship,camp_001
acct_1063,touch_3147,2026-06-27T08:45:00,organic_direct,camp_010
acct_1064,touch_3148,2026-09-04T19:04:00,paid_search,camp_014
acct_1064,touch_3149,2026-07-05T04:30:00,paid_social,camp_008
acct_1065,touch_3150,2026-07-08T20:26:00,community_events,camp_019
acct_1065,touch_3151,2026-07-12T07:53:00,developer_sponsorship,camp_003
acct_1065,touch_3152,2026-07-16T08:08:00,community_events,camp_004
acct_1065,touch_3153,2026-08-31T21:09:00,paid_social,camp_015
acct_1066,touch_3154,2026-09-12T08:48:00,developer_sponsorship,camp_001
acct_1066,touch_3155,2026-09-07T03:33:00,developer_sponsorship,camp_017
acct_1067,touch_3156,2026-09-06T19:30:00,paid_social,camp_015
acct_1068,touch_3157,2026-07-03T17:47:00,organic_direct,camp_015
acct_1068,touch_3158,2026-07-07T02:56:00,developer_sponsorship,camp_009
acct_1068,touch_3159,2026-06-23T12:53:00,developer_sponsorship,camp_004
acct_1069,touch_3160,2026-08-11T18:10:00,community_events,camp_010
acct_1069,touch_3161,2026-07-16T16:06:00,paid_search,camp_020
acct_1069,touch_3162,2026-09-02T11:15:00,community_events,camp_014
acct_1069,touch_3163,2026-08-10T01:40:00,paid_search,camp_009
acct_1070,touch_3164,2026-07-20T20:32:00,developer_sponsorship,camp_014
acct_1070,touch_3165,2026-09-11T08:22:00,paid_search,camp_001
acct_1070,touch_3166,2026-06-30T22:51:00,community_events,camp_008
acct_1071,touch_3167,2026-08-20T07:37:00,community_events,camp_009
acct_1071,touch_3168,2026-07-01T22:31:00,organic_direct,camp_020
acct_1071,touch_3169,2026-08-29T12:38:00,organic_direct,camp_013
acct_1071,touch_3170,2026-06-23T19:06:00,organic_direct,camp_004
acct_1071,touch_3171,2026-08-30T03:07:00,paid_social,camp_012
acct_1072,touch_3172,2026-09-12T22:57:00,organic_direct,camp_014
acct_1072,touch_3173,2026-08-07T22:47:00,paid_search,camp_012
acct_1072,touch_3174,2026-09-08T14:54:00,community_events,camp_019
acct_1072,touch_3175,2026-08-23T01:25:00,community_events,camp_001
acct_1072,touch_3176,2026-07-15T18:11:00,paid_search,camp_011
acct_1073,touch_3177,2026-07-25T13:51:00,paid_search,camp_015
acct_1074,touch_3178,2026-08-02T21:22:00,developer_sponsorship,camp_008
acct_1074,touch_3179,2026-07-23T14:50:00,paid_search,camp_011
acct_1074,touch_3180,2026-08-15T22:40:00,developer_sponsorship,camp_006
acct_1075,touch_3181,2026-08-28T17:41:00,developer_sponsorship,camp_013
acct_1075,touch_3182,2026-08-01T05:54:00,community_events,camp_003
acct_1076,touch_3183,2026-08-02T19:34:00,paid_social,camp_011
acct_1076,touch_3184,2026-07-27T03:58:00,paid_search,camp_013
acct_1076,touch_3185,2026-07-28T19:31:00,paid_social,camp_013
acct_1077,touch_3186,2026-07-21T22:31:00,developer_sponsorship,camp_011
acct_1077,touch_3187,2026-08-13T11:48:00,paid_social,camp_006
acct_1078,touch_3188,2026-06-20T03:12:00,organic_direct,camp_010
acct_1078,touch_3189,2026-08-21T22:41:00,organic_direct,camp_010
acct_1078,touch_3190,2026-08-28T17:11:00,community_events,camp_020
acct_1079,touch_3191,2026-07-13T02:05:00,organic_direct,camp_013
acct_1080,touch_3192,2026-07-06T22:21:00,organic_direct,camp_012
acct_1080,touch_3193,2026-08-07T04:58:00,community_events,camp_004
acct_1080,touch_3194,2026-07-25T19:36:00,paid_search,camp_011
acct_1081,touch_3195,2026-08-13T01:15:00,organic_direct,camp_005
acct_1081,touch_3196,2026-09-11T08:01:00,community_events,camp_008
acct_1082,touch_3197,2026-07-19T07:28:00,paid_social,camp_005
acct_1082,touch_3198,2026-06-19T09:15:00,paid_search,camp_020
acct_1083,touch_3199,2026-08-13T13:35:00,organic_direct,camp_019
acct_1083,touch_3200,2026-07-12T13:11:00,organic_direct,camp_019
acct_1083,touch_3201,2026-08-08T20:36:00,community_events,camp_009
acct_1083,touch_3202,2026-08-03T08:27:00,developer_sponsorship,camp_012
acct_1084,touch_3203,2026-07-28T17:22:00,paid_search,camp_005
acct_1084,touch_3204,2026-07-29T22:15:00,organic_direct,camp_019
acct_1085,touch_3205,2026-06-30T16:45:00,community_events,camp_018
acct_1085,touch_3206,2026-07-28T03:51:00,organic_direct,camp_008
acct_1086,touch_3207,2026-09-15T20:35:00,paid_social,camp_015
acct_1086,touch_3208,2026-07-22T18:53:00,paid_search,camp_015
acct_1086,touch_3209,2026-09-05T14:31:00,organic_direct,camp_014
acct_1087,touch_3210,2026-07-09T00:35:00,community_events,camp_018
acct_1088,touch_3211,2026-08-01T15:55:00,paid_social,camp_003
acct_1089,touch_3212,2026-06-26T23:17:00,organic_direct,camp_009
acct_1089,touch_3213,2026-06-21T22:38:00,community_events,camp_014
acct_1089,touch_3214,2026-07-05T12:13:00,community_events,camp_010
acct_1090,touch_3215,2026-09-15T21:19:00,developer_sponsorship,camp_008
acct_1090,touch_3216,2026-08-29T16:26:00,paid_social,camp_018
acct_1090,touch_3217,2026-09-13T18:20:00,paid_search,camp_020
acct_1090,touch_3218,2026-06-24T22:48:00,developer_sponsorship,camp_019
acct_1090,touch_3219,2026-07-03T02:39:00,paid_search,camp_017
acct_1091,touch_3220,2026-07-08T23:12:00,paid_social,camp_020
acct_1091,touch_3221,2026-07-10T05:01:00,community_events,camp_004
acct_1091,touch_3222,2026-07-30T02:06:00,community_events,camp_019
acct_1091,touch_3223,2026-09-15T21:24:00,community_events,camp_013
acct_1092,touch_3224,2026-07-05T10:11:00,paid_search,camp_010
acct_1092,touch_3225,2026-08-02T05:45:00,community_events,camp_009
acct_1092,touch_3226,2026-08-20T02:11:00,developer_sponsorship,camp_013
acct_1092,touch_3227,2026-07-13T07:22:00,paid_search,camp_011
acct_1093,touch_3228,2026-06-30T16:16:00,paid_search,camp_020
acct_1093,touch_3229,2026-06-25T17:03:00,developer_sponsorship,camp_004
acct_1093,touch_3230,2026-07-09T00:33:00,paid_search,camp_001
acct_1093,touch_3231,2026-07-29T12:19:00,paid_search,camp_019
acct_1094,touch_3232,2026-08-04T02:11:00,paid_social,camp_020
acct_1094,touch_3233,2026-08-20T05:34:00,paid_social,camp_012
acct_1094,touch_3234,2026-06-30T21:58:00,paid_social,camp_020
acct_1094,touch_3235,2026-08-04T18:11:00,community_events,camp_006
acct_1094,touch_3236,2026-08-21T04:52:00,community_events,camp_001
acct_1095,touch_3237,2026-06-22T17:56:00,paid_search,camp_010
acct_1095,touch_3238,2026-07-25T03:22:00,paid_social,camp_019
acct_1095,touch_3239,2026-08-23T05:57:00,paid_search,camp_016
acct_1095,touch_3240,2026-07-12T19:09:00,organic_direct,camp_011
acct_1095,touch_3241,2026-08-15T21:35:00,community_events,camp_015
acct_1096,touch_3242,2026-09-11T17:04:00,developer_sponsorship,camp_008
acct_1097,touch_3243,2026-07-06T07:52:00,community_events,camp_007
acct_1097,touch_3244,2026-08-08T01:22:00,paid_search,camp_016
acct_1097,touch_3245,2026-09-10T22:48:00,organic_direct,camp_004
acct_1098,touch_3246,2026-06-29T21:41:00,developer_sponsorship,camp_017
acct_1098,touch_3247,2026-08-29T18:44:00,organic_direct,camp_017
acct_1098,touch_3248,2026-08-07T17:41:00,paid_social,camp_010
acct_1098,touch_3249,2026-07-29T04:28:00,paid_social,camp_010
acct_1098,touch_3250,2026-09-06T13:25:00,community_events,camp_013
acct_1099,touch_3251,2026-08-19T00:31:00,paid_search,camp_011
acct_1100,touch_3252,2026-08-18T19:24:00,developer_sponsorship,camp_016
acct_1100,touch_3253,2026-07-24T21:44:00,paid_search,camp_017
acct_1100,touch_3254,2026-06-23T06:05:00,developer_sponsorship,camp_019
acct_1100,touch_3255,2026-08-30T17:11:00,developer_sponsorship,camp_002
acct_1100,touch_3256,2026-08-25T00:03:00,developer_sponsorship,camp_013
acct_1101,touch_3257,2026-08-02T17:03:00,community_events,camp_017
acct_1101,touch_3258,2026-08-24T05:32:00,developer_sponsorship,camp_002
acct_1102,touch_3259,2026-06-30T14:11:00,paid_social,camp_011
acct_1102,touch_3260,2026-06-27T22:13:00,community_events,camp_007
acct_1103,touch_3261,2026-09-07T19:00:00,paid_search,camp_013
acct_1103,touch_3262,2026-07-14T22:07:00,developer_sponsorship,camp_001
acct_1103,touch_3263,2026-07-18T21:52:00,developer_sponsorship,camp_006
acct_1103,touch_3264,2026-08-06T07:23:00,community_events,camp_002
acct_1103,touch_3265,2026-07-07T04:38:00,paid_social,camp_020
acct_1104,touch_3266,2026-08-11T21:36:00,developer_sponsorship,camp_007
acct_1104,touch_3267,2026-09-09T23:58:00,developer_sponsorship,camp_014
acct_1104,touch_3268,2026-09-14T00:26:00,community_events,camp_013
acct_1105,touch_3269,2026-07-12T15:16:00,organic_direct,camp_001
acct_1105,touch_3270,2026-09-06T22:25:00,paid_search,camp_015
acct_1105,touch_3271,2026-07-04T21:44:00,paid_social,camp_003
acct_1106,touch_3272,2026-07-02T05:57:00,community_events,camp_003
acct_1107,touch_3273,2026-08-25T10:10:00,developer_sponsorship,camp_013
acct_1107,touch_3274,2026-07-24T17:18:00,developer_sponsorship,camp_019
acct_1108,touch_3275,2026-07-01T03:25:00,paid_social,camp_003
acct_1108,touch_3276,2026-08-28T15:12:00,paid_social,camp_017
acct_1108,touch_3277,2026-06-22T15:30:00,paid_search,camp_004
acct_1109,touch_3278,2026-06-22T12:11:00,paid_search,camp_003
acct_1109,touch_3279,2026-07-18T13:39:00,developer_sponsorship,camp_015
acct_1110,touch_3280,2026-08-13T19:49:00,paid_search,camp_017
acct_1110,touch_3281,2026-07-12T06:46:00,developer_sponsorship,camp_002
acct_1111,touch_3282,2026-06-19T04:21:00,developer_sponsorship,camp_006
acct_1111,touch_3283,2026-08-01T14:12:00,paid_search,camp_013
acct_1111,touch_3284,2026-08-05T04:18:00,organic_direct,camp_003
acct_1111,touch_3285,2026-07-16T05:40:00,paid_social,camp_011
acct_1111,touch_3286,2026-09-10T23:28:00,paid_search,camp_015
acct_1112,touch_3287,2026-07-19T19:33:00,developer_sponsorship,camp_018
acct_1113,touch_3288,2026-07-06T17:20:00,paid_search,camp_004
acct_1113,touch_3289,2026-09-13T02:26:00,organic_direct,camp_018
acct_1114,touch_3290,2026-09-05T23:10:00,developer_sponsorship,camp_012
acct_1115,touch_3291,2026-07-06T03:43:00,paid_social,camp_001
acct_1116,touch_3292,2026-06-18T18:03:00,community_events,camp_019
acct_1116,touch_3293,2026-07-03T07:48:00,paid_search,camp_019
acct_1116,touch_3294,2026-08-26T02:01:00,community_events,camp_019
acct_1116,touch_3295,2026-09-08T12:18:00,organic_direct,camp_013
acct_1117,touch_3296,2026-07-18T21:31:00,organic_direct,camp_009
acct_1117,touch_3297,2026-08-01T20:29:00,community_events,camp_005
acct_1117,touch_3298,2026-08-15T17:56:00,developer_sponsorship,camp_008
acct_1117,touch_3299,2026-07-06T09:40:00,paid_social,camp_013
acct_1118,touch_3300,2026-07-08T11:47:00,paid_search,camp_014
acct_1118,touch_3301,2026-07-26T04:02:00,community_events,camp_014
acct_1118,touch_3302,2026-08-26T07:25:00,paid_social,camp_012
acct_1119,touch_3303,2026-08-08T13:56:00,community_events,camp_015
acct_1119,touch_3304,2026-08-14T14:24:00,community_events,camp_012
acct_1120,touch_3305,2026-07-29T21:25:00,paid_social,camp_017
acct_1120,touch_3306,2026-07-14T07:13:00,paid_social,camp_019
acct_1120,touch_3307,2026-07-12T23:42:00,organic_direct,camp_012
acct_1121,touch_3308,2026-08-27T13:23:00,developer_sponsorship,camp_007
acct_1121,touch_3309,2026-08-07T04:30:00,paid_search,camp_018
acct_1121,touch_3310,2026-09-09T14:19:00,organic_direct,camp_014
acct_1121,touch_3311,2026-06-24T06:13:00,developer_sponsorship,camp_018
acct_1122,touch_3312,2026-09-10T12:59:00,organic_direct,camp_014
acct_1122,touch_3313,2026-07-11T14:01:00,paid_social,camp_013
acct_1123,touch_3314,2026-09-11T05:17:00,organic_direct,camp_005
acct_1123,touch_3315,2026-09-08T12:36:00,paid_social,camp_005
acct_1123,touch_3316,2026-08-09T10:29:00,paid_social,camp_005
acct_1123,touch_3317,2026-08-19T10:39:00,organic_direct,camp_017
acct_1123,touch_3318,2026-09-06T01:43:00,paid_search,camp_003
acct_1124,touch_3319,2026-06-20T00:58:00,paid_search,camp_011
acct_1125,touch_3320,2026-07-28T11:12:00,paid_social,camp_007
acct_1126,touch_3321,2026-06-26T11:39:00,developer_sponsorship,camp_019
acct_1126,touch_3322,2026-08-14T15:21:00,paid_social,camp_010
acct_1126,touch_3323,2026-07-26T03:51:00,organic_direct,camp_006
acct_1127,touch_3324,2026-07-08T13:07:00,organic_direct,camp_020
acct_1127,touch_3325,2026-08-09T05:35:00,organic_direct,camp_016
acct_1128,touch_3326,2026-09-14T07:07:00,paid_social,camp_015
acct_1128,touch_3327,2026-06-30T01:08:00,community_events,camp_016
acct_1128,touch_3328,2026-08-05T15:10:00,paid_search,camp_019
acct_1129,touch_3329,2026-08-13T18:36:00,paid_social,camp_015
acct_1129,touch_3330,2026-06-20T15:42:00,organic_direct,camp_012
acct_1129,touch_3331,2026-07-31T02:56:00,developer_sponsorship,camp_003
acct_1130,touch_3332,2026-07-05T19:19:00,community_events,camp_005
acct_1130,touch_3333,2026-07-02T21:12:00,developer_sponsorship,camp_010
acct_1131,touch_3334,2026-08-02T19:51:00,community_events,camp_001
acct_1132,touch_3335,2026-09-01T13:10:00,developer_sponsorship,camp_009
acct_1132,touch_3336,2026-07-12T16:17:00,organic_direct,camp_001
acct_1132,touch_3337,2026-08-19T10:57:00,paid_social,camp_002
acct_1132,touch_3338,2026-09-09T07:44:00,developer_sponsorship,camp_009
acct_1132,touch_3339,2026-08-14T13:21:00,paid_search,camp_009
acct_1133,touch_3340,2026-09-10T02:21:00,organic_direct,camp_002
acct_1133,touch_3341,2026-07-04T19:00:00,organic_direct,camp_001
acct_1133,touch_3342,2026-07-26T12:12:00,community_events,camp_013
acct_1133,touch_3343,2026-08-06T01:44:00,developer_sponsorship,camp_013
acct_1134,touch_3344,2026-08-03T16:54:00,community_events,camp_014
acct_1134,touch_3345,2026-07-31T04:22:00,developer_sponsorship,camp_018
acct_1134,touch_3346,2026-07-12T15:18:00,developer_sponsorship,camp_003
acct_1135,touch_3347,2026-09-11T02:51:00,developer_sponsorship,camp_017
acct_1135,touch_3348,2026-07-02T00:51:00,paid_social,camp_004
acct_1135,touch_3349,2026-07-19T02:11:00,developer_sponsorship,camp_003
acct_1135,touch_3350,2026-07-07T18:51:00,paid_social,camp_003
acct_1136,touch_3351,2026-06-19T23:00:00,developer_sponsorship,camp_020
acct_1137,touch_3352,2026-07-07T18:40:00,community_events,camp_011
acct_1138,touch_3353,2026-09-04T03:03:00,paid_social,camp_007
acct_1139,touch_3354,2026-07-11T02:45:00,paid_search,camp_001
acct_1140,touch_3355,2026-09-13T07:13:00,paid_search,camp_003
acct_1140,touch_3356,2026-08-06T10:40:00,organic_direct,camp_007
acct_1140,touch_3357,2026-08-17T06:45:00,community_events,camp_020
acct_1140,touch_3358,2026-07-11T15:18:00,organic_direct,camp_002
acct_1141,touch_3359,2026-07-11T16:00:00,paid_search,camp_006
acct_1141,touch_3360,2026-07-13T08:09:00,organic_direct,camp_019
acct_1141,touch_3361,2026-07-12T22:07:00,paid_search,camp_007
acct_1141,touch_3362,2026-07-11T10:48:00,paid_social,camp_006
acct_1142,touch_3363,2026-09-07T18:18:00,organic_direct,camp_014
acct_1142,touch_3364,2026-08-21T20:18:00,paid_social,camp_014
acct_1142,touch_3365,2026-07-20T11:47:00,paid_social,camp_017
acct_1142,touch_3366,2026-06-18T20:56:00,developer_sponsorship,camp_010
acct_1143,touch_3367,2026-06-26T01:04:00,community_events,camp_012
acct_1143,touch_3368,2026-06-25T19:48:00,community_events,camp_003
acct_1144,touch_3369,2026-06-19T23:43:00,paid_search,camp_011
acct_1144,touch_3370,2026-09-01T11:44:00,organic_direct,camp_003
acct_1144,touch_3371,2026-08-29T08:46:00,developer_sponsorship,camp_015
acct_1144,touch_3372,2026-08-02T23:51:00,community_events,camp_012
acct_1145,touch_3373,2026-07-26T15:20:00,organic_direct,camp_007
acct_1145,touch_3374,2026-07-17T18:10:00,paid_search,camp_012
acct_1145,touch_3375,2026-08-09T14:56:00,community_events,camp_011
acct_1145,touch_3376,2026-08-08T14:55:00,community_events,camp_015
acct_1146,touch_3377,2026-07-06T23:48:00,community_events,camp_014
acct_1146,touch_3378,2026-06-21T04:50:00,developer_sponsorship,camp_013
acct_1147,touch_3379,2026-08-08T11:00:00,community_events,camp_006
acct_1147,touch_3380,2026-07-07T18:11:00,paid_social,camp_004
acct_1148,touch_3381,2026-08-07T15:09:00,developer_sponsorship,camp_011
acct_1149,touch_3382,2026-06-20T15:25:00,paid_social,camp_010
acct_1149,touch_3383,2026-08-27T08:14:00,paid_social,camp_016
acct_1150,touch_3384,2026-08-20T13:27:00,paid_social,camp_016
acct_1150,touch_3385,2026-09-11T01:22:00,paid_search,camp_003
acct_1150,touch_3386,2026-07-29T22:30:00,organic_direct,camp_010
acct_1150,touch_3387,2026-07-06T07:33:00,community_events,camp_007
acct_1150,touch_3388,2026-08-10T15:00:00,developer_sponsorship,camp_006
acct_1151,touch_3389,2026-09-06T09:43:00,organic_direct,camp_014
acct_1151,touch_3390,2026-09-04T03:38:00,paid_social,camp_017
acct_1151,touch_3391,2026-07-24T10:46:00,developer_sponsorship,camp_005
acct_1152,touch_3392,2026-08-29T15:04:00,paid_search,camp_015
acct_1152,touch_3393,2026-08-04T13:15:00,paid_social,camp_011
acct_1152,touch_3394,2026-09-14T07:58:00,developer_sponsorship,camp_016
acct_1153,touch_3395,2026-08-28T10:36:00,developer_sponsorship,camp_007
acct_1153,touch_3396,2026-07-04T10:50:00,organic_direct,camp_008
acct_1153,touch_3397,2026-09-01T19:15:00,paid_social,camp_016
acct_1154,touch_3398,2026-08-17T00:20:00,organic_direct,camp_004
acct_1154,touch_3399,2026-08-06T04:39:00,developer_sponsorship,camp_003
acct_1154,touch_3400,2026-08-24T15:29:00,organic_direct,camp_009
acct_1154,touch_3401,2026-06-26T14:24:00,paid_social,camp_009
acct_1154,touch_3402,2026-07-06T11:54:00,paid_search,camp_016
acct_1155,touch_3403,2026-07-16T20:00:00,developer_sponsorship,camp_012
acct_1155,touch_3404,2026-09-05T15:35:00,paid_social,camp_009
acct_1156,touch_3405,2026-08-19T10:38:00,organic_direct,camp_007
acct_1156,touch_3406,2026-09-08T06:59:00,organic_direct,camp_020
acct_1156,touch_3407,2026-07-03T09:46:00,paid_search,camp_007
acct_1157,touch_3408,2026-08-21T09:15:00,community_events,camp_014
acct_1157,touch_3409,2026-09-15T00:19:00,developer_sponsorship,camp_007
acct_1157,touch_3410,2026-07-06T09:01:00,paid_search,camp_014
acct_1157,touch_3411,2026-06-28T11:29:00,paid_social,camp_015
acct_1157,touch_3412,2026-09-06T12:35:00,paid_social,camp_020
acct_1158,touch_3413,2026-07-28T03:59:00,developer_sponsorship,camp_015
acct_1158,touch_3414,2026-07-23T06:45:00,organic_direct,camp_015
acct_1158,touch_3415,2026-07-24T05:37:00,paid_social,camp_011
acct_1158,touch_3416,2026-06-20T03:03:00,developer_sponsorship,camp_018
acct_1159,touch_3417,2026-08-04T04:20:00,community_events,camp_018
acct_1159,touch_3418,2026-06-21T20:27:00,developer_sponsorship,camp_013
acct_1159,touch_3419,2026-07-10T10:39:00,paid_search,camp_010
acct_1159,touch_3420,2026-07-29T18:48:00,organic_direct,camp_002
acct_1160,touch_3421,2026-06-25T23:45:00,paid_social,camp_016
acct_1160,touch_3422,2026-06-26T02:08:00,paid_social,camp_004
acct_1160,touch_3423,2026-08-23T05:45:00,paid_social,camp_003
acct_1160,touch_3424,2026-08-03T11:21:00,paid_search,camp_014
acct_1160,touch_3425,2026-07-31T02:31:00,community_events,camp_018
acct_1161,touch_3426,2026-08-24T13:41:00,community_events,camp_005
acct_1162,touch_3427,2026-06-29T06:28:00,paid_social,camp_004
acct_1162,touch_3428,2026-07-21T07:15:00,paid_search,camp_018
acct_1162,touch_3429,2026-06-21T01:41:00,paid_social,camp_016
acct_1162,touch_3430,2026-06-23T01:14:00,paid_social,camp_005
acct_1162,touch_3431,2026-07-05T16:20:00,developer_sponsorship,camp_013
acct_1163,touch_3432,2026-06-20T16:48:00,developer_sponsorship,camp_016
acct_1163,touch_3433,2026-06-21T21:45:00,community_events,camp_018
acct_1163,touch_3434,2026-06-26T01:12:00,organic_direct,camp_002
acct_1163,touch_3435,2026-07-14T07:37:00,community_events,camp_001
acct_1164,touch_3436,2026-09-15T02:37:00,developer_sponsorship,camp_017
acct_1164,touch_3437,2026-07-09T12:13:00,paid_social,camp_018
acct_1164,touch_3438,2026-06-18T20:47:00,organic_direct,camp_010
acct_1165,touch_3439,2026-08-28T11:32:00,community_events,camp_006
acct_1165,touch_3440,2026-07-13T19:16:00,developer_sponsorship,camp_007
acct_1165,touch_3441,2026-07-29T08:25:00,paid_search,camp_010
acct_1166,touch_3442,2026-06-21T14:38:00,organic_direct,camp_013
acct_1166,touch_3443,2026-07-14T05:07:00,paid_search,camp_013
acct_1166,touch_3444,2026-07-01T23:59:00,paid_social,camp_007
acct_1166,touch_3445,2026-08-29T23:47:00,developer_sponsorship,camp_007
acct_1167,touch_3446,2026-07-26T11:29:00,paid_search,camp_008
acct_1167,touch_3447,2026-08-29T08:13:00,organic_direct,camp_001
acct_1167,touch_3448,2026-07-27T00:13:00,paid_social,camp_011
acct_1167,touch_3449,2026-07-14T15:46:00,community_events,camp_011
acct_1167,touch_3450,2026-08-15T12:38:00,paid_social,camp_016
acct_1168,touch_3451,2026-08-28T19:18:00,paid_social,camp_003
acct_1168,touch_3452,2026-09-04T03:56:00,paid_search,camp_001
acct_1168,touch_3453,2026-09-05T01:54:00,paid_search,camp_009
acct_1168,touch_3454,2026-06-18T09:28:00,community_events,camp_019
acct_1169,touch_3455,2026-06-30T01:23:00,paid_social,camp_007
acct_1169,touch_3456,2026-08-11T23:56:00,developer_sponsorship,camp_003
acct_1170,touch_3457,2026-08-10T20:01:00,developer_sponsorship,camp_002
acct_1170,touch_3458,2026-07-03T09:09:00,developer_sponsorship,camp_015
acct_1170,touch_3459,2026-07-14T03:58:00,paid_search,camp_016
acct_1171,touch_3460,2026-06-19T03:05:00,paid_social,camp_015
acct_1171,touch_3461,2026-08-31T22:35:00,developer_sponsorship,camp_009
acct_1172,touch_3462,2026-09-15T18:30:00,paid_search,camp_005
acct_1173,touch_3463,2026-06-26T12:43:00,community_events,camp_001
acct_1173,touch_3464,2026-06-22T15:27:00,community_events,camp_014
acct_1174,touch_3465,2026-06-19T18:57:00,paid_search,camp_003
acct_1174,touch_3466,2026-07-23T22:18:00,community_events,camp_007
acct_1175,touch_3467,2026-06-21T21:17:00,paid_social,camp_008
acct_1175,touch_3468,2026-09-14T14:51:00,paid_search,camp_002
acct_1175,touch_3469,2026-08-29T13:35:00,community_events,camp_008
acct_1176,touch_3470,2026-07-24T11:05:00,organic_direct,camp_012
acct_1177,touch_3471,2026-08-17T17:10:00,developer_sponsorship,camp_012
acct_1177,touch_3472,2026-08-27T17:09:00,developer_sponsorship,camp_012
acct_1177,touch_3473,2026-08-09T05:37:00,community_events,camp_012
acct_1177,touch_3474,2026-08-16T11:49:00,developer_sponsorship,camp_005
acct_1178,touch_3475,2026-09-12T17:26:00,developer_sponsorship,camp_014
acct_1178,touch_3476,2026-06-29T19:16:00,paid_social,camp_011
acct_1178,touch_3477,2026-08-02T20:29:00,community_events,camp_018
acct_1178,touch_3478,2026-09-13T05:56:00,paid_search,camp_011
acct_1179,touch_3479,2026-09-06T04:38:00,developer_sponsorship,camp_018
acct_1179,touch_3480,2026-09-06T23:10:00,organic_direct,camp_005
acct_1179,touch_3481,2026-07-14T22:25:00,paid_search,camp_014
acct_1179,touch_3482,2026-07-02T16:34:00,paid_search,camp_017
acct_1179,touch_3483,2026-07-01T18:00:00,developer_sponsorship,camp_018
acct_1180,touch_3484,2026-07-17T21:45:00,developer_sponsorship,camp_016
acct_1180,touch_3485,2026-07-02T10:46:00,developer_sponsorship,camp_018
acct_1181,touch_3486,2026-08-23T21:52:00,community_events,camp_008
acct_1181,touch_3487,2026-08-30T11:47:00,community_events,camp_004
acct_1181,touch_3488,2026-07-16T20:41:00,community_events,camp_005
acct_1181,touch_3489,2026-09-14T06:45:00,paid_search,camp_017
acct_1182,touch_3490,2026-08-20T04:58:00,paid_search,camp_010
acct_1183,touch_3491,2026-08-08T09:52:00,paid_social,camp_018
acct_1183,touch_3492,2026-09-07T03:52:00,paid_social,camp_001
acct_1184,touch_3493,2026-06-21T09:07:00,paid_social,camp_006
acct_1185,touch_3494,2026-06-26T08:28:00,paid_search,camp_014
acct_1186,touch_3495,2026-09-10T12:00:00,organic_direct,camp_010
acct_1186,touch_3496,2026-07-31T12:23:00,paid_social,camp_010
acct_1186,touch_3497,2026-08-11T19:37:00,community_events,camp_020
acct_1187,touch_3498,2026-06-23T21:31:00,paid_search,camp_016
acct_1187,touch_3499,2026-07-28T11:01:00,developer_sponsorship,camp_016
acct_1187,touch_3500,2026-08-06T17:49:00,paid_search,camp_014
acct_1187,touch_3501,2026-09-14T18:39:00,developer_sponsorship,camp_016
acct_1187,touch_3502,2026-06-21T12:02:00,community_events,camp_003
acct_1188,touch_3503,2026-07-20T17:05:00,paid_search,camp_008
acct_1188,touch_3504,2026-09-06T03:29:00,community_events,camp_011
acct_1188,touch_3505,2026-07-18T19:30:00,paid_search,camp_011
acct_1188,touch_3506,2026-07-27T17:49:00,community_events,camp_007
acct_1189,touch_3507,2026-08-09T03:00:00,paid_social,camp_019
acct_1189,touch_3508,2026-09-12T00:59:00,organic_direct,camp_015
acct_1189,touch_3509,2026-06-26T16:11:00,community_events,camp_009
acct_1189,touch_3510,2026-09-15T18:24:00,organic_direct,camp_002
acct_1189,touch_3511,2026-07-20T18:07:00,organic_direct,camp_016
acct_1190,touch_3512,2026-08-14T09:54:00,paid_social,camp_002
acct_1190,touch_3513,2026-07-25T19:21:00,community_events,camp_004
acct_1191,touch_3514,2026-06-27T06:30:00,community_events,camp_008
acct_1191,touch_3515,2026-06-18T12:49:00,paid_social,camp_013
acct_1192,touch_3516,2026-07-26T05:14:00,developer_sponsorship,camp_019
acct_1193,touch_3517,2026-07-17T22:28:00,paid_search,camp_004
acct_1193,touch_3518,2026-07-09T04:08:00,organic_direct,camp_019
acct_1193,touch_3519,2026-06-21T14:31:00,developer_sponsorship,camp_014
acct_1193,touch_3520,2026-06-20T22:33:00,developer_sponsorship,camp_018
acct_1194,touch_3521,2026-08-10T15:02:00,developer_sponsorship,camp_014
acct_1195,touch_3522,2026-09-15T13:04:00,paid_search,camp_003
acct_1195,touch_3523,2026-07-21T21:22:00,community_events,camp_013
acct_1195,touch_3524,2026-08-21T07:58:00,paid_social,camp_004
acct_1195,touch_3525,2026-06-21T05:05:00,organic_direct,camp_006
acct_1195,touch_3526,2026-09-11T06:28:00,organic_direct,camp_012
acct_1196,touch_3527,2026-07-21T15:04:00,paid_social,camp_019
acct_1196,touch_3528,2026-08-09T03:35:00,paid_search,camp_008
acct_1196,touch_3529,2026-07-13T04:19:00,paid_social,camp_013
acct_1196,touch_3530,2026-06-19T11:03:00,organic_direct,camp_001
acct_1196,touch_3531,2026-07-02T16:42:00,developer_sponsorship,camp_019
acct_1197,touch_3532,2026-06-19T09:56:00,paid_social,camp_011
acct_1197,touch_3533,2026-07-19T15:51:00,paid_social,camp_007
acct_1197,touch_3534,2026-09-10T15:30:00,community_events,camp_007
acct_1197,touch_3535,2026-06-30T05:24:00,organic_direct,camp_018
acct_1197,touch_3536,2026-06-27T04:42:00,paid_social,camp_017
acct_1198,touch_3537,2026-06-26T15:32:00,paid_search,camp_019
acct_1198,touch_3538,2026-07-09T07:40:00,community_events,camp_012
acct_1199,touch_3539,2026-07-21T13:03:00,community_events,camp_002
acct_1199,touch_3540,2026-07-29T12:01:00,paid_social,camp_012
acct_1200,touch_3541,2026-08-14T19:53:00,paid_social,camp_005
acct_1200,touch_3542,2026-08-18T19:50:00,organic_direct,camp_014
acct_1200,touch_3543,2026-09-08T20:10:00,paid_social,camp_020
acct_1200,touch_3544,2026-08-23T09:31:00,paid_search,camp_014
