project_id,account_id,provisioned_at,has_auth,has_storage,has_edge_functions,has_pgvector,time_to_first_query_min,compute_hours,db_size_mb,egress_gb,is_pro_upgrade,pro_upgrade_date,monthly_invoice_usd
proj_0001,acct_0001,2026-09-08,True,True,True,False,20.6,446.09,443.82,42.19,True,2026-09-22,135.51
proj_0002,acct_0002,2026-07-16,True,False,False,False,14.0,139.1,4347.81,75.88,False,,0.0
proj_0003,acct_0003,2026-09-07,True,True,False,False,3.7,48.36,4239.0,60.37,False,,0.0
proj_0004,acct_0004,2026-07-24,True,False,True,False,25.1,309.26,4309.92,57.74,False,,0.0
proj_0005,acct_0005,2026-09-09,True,False,False,False,26.1,190.06,2272.52,83.41,False,,0.0
proj_0006,acct_0006,2026-06-23,True,True,False,False,18.7,85.57,3648.34,16.34,False,,0.0
proj_0007,acct_0007,2026-07-18,True,False,False,True,1.9,157.73,1346.03,21.1,False,,0.0
proj_0008,acct_0008,2026-08-07,True,True,False,False,5.1,69.82,3727.5,53.9,False,,0.0
proj_0009,acct_0009,2026-08-21,False,True,True,False,15.8,45.45,245.11,10.96,False,,0.0
proj_0010,acct_0010,2026-07-04,True,True,False,False,8.3,276.61,4712.73,68.03,True,2026-08-30,280.06
proj_0011,acct_0011,2026-09-03,True,True,True,True,1.1,361.05,3601.21,97.19,False,,0.0
proj_0012,acct_0012,2026-07-26,False,True,False,False,5.4,381.26,2701.5,77.86,False,,0.0
proj_0013,acct_0013,2026-07-23,True,True,True,False,29.6,403.39,1204.87,24.09,False,,0.0
proj_0014,acct_0014,2026-07-15,True,True,True,False,23.2,64.2,2381.66,54.98,False,,0.0
proj_0015,acct_0015,2026-08-31,False,False,False,False,21.7,199.5,3361.72,37.34,False,,0.0
proj_0016,acct_0016,2026-09-14,True,True,True,False,7.7,110.11,364.26,63.11,False,,0.0
proj_0017,acct_0017,2026-07-17,False,True,True,False,7.2,66.16,4678.22,57.1,False,,0.0
proj_0018,acct_0018,2026-07-22,False,True,True,False,13.3,233.51,3648.09,67.34,False,,0.0
proj_0019,acct_0019,2026-08-08,True,False,False,True,6.6,268.14,709.51,18.35,False,,0.0
proj_0020,acct_0020,2026-08-29,True,False,False,True,30.0,418.01,4845.29,92.64,False,,0.0
proj_0021,acct_0021,2026-09-02,True,True,False,False,5.8,1.08,1958.2,92.65,False,,0.0
proj_0022,acct_0022,2026-08-26,True,False,False,False,21.8,77.4,1490.57,96.87,False,,0.0
proj_0023,acct_0023,2026-07-07,True,True,False,False,25.7,78.72,4804.29,8.01,False,,0.0
proj_0024,acct_0024,2026-08-06,True,True,True,False,8.1,297.26,3100.71,41.92,False,,0.0
proj_0025,acct_0025,2026-09-18,False,True,False,True,12.5,335.85,1506.99,31.62,False,,0.0
proj_0026,acct_0026,2026-07-03,True,False,False,True,16.6,252.94,670.96,34.9,True,2026-07-19,200.53
proj_0027,acct_0027,2026-07-23,True,True,True,False,24.4,264.47,3342.64,55.46,False,,0.0
proj_0028,acct_0028,2026-09-07,False,True,True,True,17.0,136.17,3028.1,71.76,False,,0.0
proj_0029,acct_0029,2026-08-08,True,True,False,True,19.4,414.67,229.99,33.36,True,2026-08-25,101.75
proj_0030,acct_0030,2026-09-09,True,True,True,True,26.6,451.96,2732.5,83.46,False,,0.0
proj_0031,acct_0031,2026-07-29,True,True,True,False,29.2,19.95,1795.47,68.21,False,,0.0
proj_0032,acct_0032,2026-07-03,True,False,False,False,5.5,464.94,4324.38,97.62,False,,0.0
proj_0033,acct_0033,2026-07-10,True,False,True,False,24.3,432.03,4055.64,26.68,False,,0.0
proj_0034,acct_0034,2026-07-16,True,True,False,True,27.6,174.83,4104.48,87.13,False,,0.0
proj_0035,acct_0035,2026-09-14,True,True,True,False,11.2,254.7,3400.8,84.37,False,,0.0
proj_0036,acct_0036,2026-07-03,True,False,True,False,8.7,54.2,2178.47,72.85,False,,0.0
proj_0037,acct_0037,2026-09-02,True,True,True,False,1.0,462.79,2696.88,71.94,False,,0.0
proj_0038,acct_0038,2026-06-30,True,True,False,False,10.1,424.01,3601.57,30.03,False,,0.0
proj_0039,acct_0039,2026-08-05,True,False,False,True,20.3,189.57,3743.19,17.4,False,,0.0
proj_0040,acct_0040,2026-07-21,True,True,True,False,17.8,327.35,2330.29,44.22,False,,0.0
proj_0041,acct_0041,2026-07-26,True,False,False,False,9.2,331.93,3100.11,9.34,False,,0.0
proj_0042,acct_0042,2026-09-13,True,True,True,True,8.1,237.57,4250.19,7.28,False,,0.0
proj_0043,acct_0043,2026-06-27,True,True,True,True,20.9,446.33,4303.6,88.55,False,,0.0
proj_0044,acct_0044,2026-07-04,True,False,False,True,8.2,424.17,2287.74,80.14,False,,0.0
proj_0045,acct_0045,2026-07-10,False,False,False,False,15.6,415.28,2743.88,89.72,False,,0.0
proj_0046,acct_0046,2026-07-04,True,False,False,True,23.6,242.3,1203.84,43.99,False,,0.0
proj_0047,acct_0047,2026-07-02,True,True,False,True,7.7,346.97,3535.03,6.42,False,,0.0
proj_0048,acct_0048,2026-07-22,True,True,False,False,17.9,347.76,4285.09,76.56,False,,0.0
proj_0049,acct_0049,2026-08-06,False,True,True,False,25.2,269.11,3675.82,79.99,False,,0.0
proj_0050,acct_0050,2026-07-14,True,True,True,False,20.7,202.16,833.57,46.74,True,2026-08-23,278.71
proj_0051,acct_0051,2026-09-06,True,False,True,False,26.1,90.86,1308.18,32.74,False,,0.0
proj_0052,acct_0052,2026-06-29,True,True,False,False,8.3,40.95,106.72,53.94,False,,0.0
proj_0053,acct_0053,2026-06-30,True,True,False,True,1.9,123.64,4197.75,62.13,False,,0.0
proj_0054,acct_0054,2026-09-09,True,True,True,False,23.2,83.89,3040.16,74.79,True,2026-11-01,102.79
proj_0055,acct_0055,2026-09-04,True,True,True,False,28.8,198.33,3577.92,7.6,False,,0.0
proj_0056,acct_0056,2026-09-13,True,False,False,False,4.5,491.92,3915.35,34.72,False,,0.0
proj_0057,acct_0057,2026-07-19,True,False,True,False,15.2,216.76,1817.32,89.16,False,,0.0
proj_0058,acct_0058,2026-09-13,True,False,False,True,24.4,269.09,2422.65,43.56,False,,0.0
proj_0059,acct_0059,2026-06-23,True,True,False,True,14.1,375.24,2853.55,66.82,False,,0.0
proj_0060,acct_0060,2026-07-04,False,True,True,False,10.9,440.16,3508.91,27.63,True,2026-07-17,65.67
proj_0061,acct_0061,2026-08-07,True,False,False,False,15.2,396.47,474.34,22.16,False,,0.0
proj_0062,acct_0062,2026-08-17,True,True,False,False,29.9,275.19,1765.53,45.37,False,,0.0
proj_0063,acct_0063,2026-09-14,True,True,True,False,23.1,92.57,1089.76,48.42,False,,0.0
proj_0064,acct_0064,2026-07-09,False,False,True,False,9.8,354.01,641.65,4.55,True,2026-07-28,356.27
proj_0065,acct_0065,2026-07-24,True,False,True,True,9.2,239.36,1710.12,96.55,False,,0.0
proj_0066,acct_0066,2026-07-21,True,True,False,False,20.9,75.86,4057.6,94.91,True,2026-08-06,81.26
proj_0067,acct_0067,2026-07-05,True,False,True,False,14.1,221.36,4302.23,99.0,False,,0.0
proj_0068,acct_0068,2026-07-04,True,False,False,True,7.1,330.21,793.71,17.38,True,2026-07-05,219.05
proj_0069,acct_0069,2026-09-04,True,True,False,False,14.2,343.69,4620.32,78.78,False,,0.0
proj_0070,acct_0070,2026-08-29,True,True,False,False,25.0,35.7,837.95,30.76,False,,0.0
proj_0071,acct_0071,2026-08-16,True,True,True,False,8.9,269.99,2194.42,59.8,False,,0.0
proj_0072,acct_0072,2026-08-07,True,True,True,False,26.0,293.56,113.52,76.48,False,,0.0
proj_0073,acct_0073,2026-08-28,True,True,False,False,9.1,498.47,2185.07,81.42,False,,0.0
proj_0074,acct_0074,2026-07-15,True,True,False,False,10.6,346.84,1448.21,94.52,False,,0.0
proj_0075,acct_0075,2026-08-09,True,True,True,False,12.7,257.3,4940.71,65.77,False,,0.0
proj_0076,acct_0076,2026-08-11,True,True,False,False,13.8,25.81,1342.61,13.1,False,,0.0
proj_0077,acct_0077,2026-08-08,True,False,False,True,5.6,275.42,2765.73,9.32,False,,0.0
proj_0078,acct_0078,2026-08-09,True,True,False,False,21.8,254.44,1374.39,83.47,False,,0.0
proj_0079,acct_0079,2026-08-04,True,True,True,False,22.6,68.25,358.35,77.27,False,,0.0
proj_0080,acct_0080,2026-06-26,False,True,False,True,9.7,293.47,4994.52,48.96,True,2026-07-31,255.06
proj_0081,acct_0081,2026-06-27,True,True,False,False,6.5,348.75,2863.27,23.36,False,,0.0
proj_0082,acct_0082,2026-08-12,True,True,False,False,29.7,396.2,3263.57,15.21,False,,0.0
proj_0083,acct_0083,2026-07-22,True,True,False,False,13.8,262.98,2290.07,72.24,False,,0.0
proj_0084,acct_0084,2026-08-05,True,False,True,False,12.5,40.16,1649.54,67.44,False,,0.0
proj_0085,acct_0085,2026-09-10,True,False,False,False,18.9,117.39,3425.15,28.74,False,,0.0
proj_0086,acct_0086,2026-08-22,True,True,False,False,13.9,347.0,4518.09,4.6,False,,0.0
proj_0087,acct_0087,2026-08-31,True,True,True,False,20.8,90.03,883.6,60.95,False,,0.0
proj_0088,acct_0088,2026-09-15,True,True,True,False,14.3,333.42,4495.55,46.53,False,,0.0
proj_0089,acct_0089,2026-08-29,True,False,False,True,28.9,345.16,2289.61,30.21,False,,0.0
proj_0090,acct_0090,2026-09-07,True,True,True,True,21.3,10.97,4151.89,39.58,True,2026-11-02,350.75
proj_0091,acct_0091,2026-09-12,False,False,False,False,23.5,115.06,4011.64,21.9,False,,0.0
proj_0092,acct_0092,2026-09-14,True,False,False,False,19.2,451.7,3235.24,30.89,False,,0.0
proj_0093,acct_0093,2026-07-04,True,True,True,False,6.1,66.08,2701.64,97.15,False,,0.0
proj_0094,acct_0094,2026-07-10,False,True,False,False,24.4,373.28,1700.19,11.52,False,,0.0
proj_0095,acct_0095,2026-09-06,True,True,False,False,12.5,422.87,2790.99,9.03,False,,0.0
proj_0096,acct_0096,2026-09-19,True,True,False,False,18.0,411.21,4702.06,10.83,False,,0.0
proj_0097,acct_0097,2026-09-09,True,False,True,False,19.8,317.7,2326.7,70.11,False,,0.0
proj_0098,acct_0098,2026-07-11,True,False,True,False,3.8,443.63,686.96,45.36,False,,0.0
proj_0099,acct_0099,2026-07-09,True,False,False,False,25.2,307.83,4695.87,27.97,False,,0.0
proj_0100,acct_0100,2026-08-16,True,False,False,True,20.9,272.23,4889.43,35.87,False,,0.0
proj_0101,acct_0101,2026-07-11,False,False,False,True,7.2,319.75,4855.76,5.06,False,,0.0
proj_0102,acct_0102,2026-09-09,True,True,False,False,18.0,406.53,1172.66,77.44,False,,0.0
proj_0103,acct_0103,2026-07-23,True,False,False,False,24.2,54.96,4333.57,13.18,False,,0.0
proj_0104,acct_0104,2026-07-25,True,True,True,True,13.2,56.82,327.15,44.83,False,,0.0
proj_0105,acct_0105,2026-07-06,True,True,False,False,27.4,329.45,1515.14,64.33,True,2026-08-06,427.47
proj_0106,acct_0106,2026-07-21,True,True,False,True,3.3,304.15,337.75,27.5,False,,0.0
proj_0107,acct_0107,2026-08-15,True,True,True,False,13.5,396.55,580.93,65.47,False,,0.0
proj_0108,acct_0108,2026-09-03,True,False,False,False,12.6,364.81,1569.62,31.25,False,,0.0
proj_0109,acct_0109,2026-08-04,True,True,True,True,13.5,372.29,1869.51,13.01,True,2026-09-09,291.8
proj_0110,acct_0110,2026-08-26,True,False,False,False,27.6,25.72,1445.27,31.24,True,2026-09-28,126.05
proj_0111,acct_0111,2026-07-23,True,True,False,False,23.1,287.05,4038.03,84.52,False,,0.0
proj_0112,acct_0112,2026-07-31,True,False,False,True,8.9,381.2,4608.47,35.1,False,,0.0
proj_0113,acct_0113,2026-09-07,True,True,True,False,1.9,373.06,1083.51,41.98,False,,0.0
proj_0114,acct_0114,2026-07-03,True,True,False,False,26.6,77.79,3774.64,4.98,True,2026-08-01,339.42
proj_0115,acct_0115,2026-07-01,True,True,True,False,11.0,55.44,3394.31,59.31,False,,0.0
proj_0116,acct_0116,2026-08-02,True,True,False,True,9.7,105.62,694.8,25.55,False,,0.0
proj_0117,acct_0117,2026-07-20,True,True,True,False,7.7,279.36,3343.56,35.42,False,,0.0
proj_0118,acct_0118,2026-08-01,True,True,True,False,13.4,202.21,3204.31,28.95,False,,0.0
proj_0119,acct_0119,2026-06-26,True,False,False,False,11.5,218.36,538.26,43.57,False,,0.0
proj_0120,acct_0120,2026-07-19,True,True,True,False,5.9,255.24,578.99,51.0,False,,0.0
proj_0121,acct_0121,2026-08-21,True,False,False,True,4.0,127.98,875.76,15.29,False,,0.0
proj_0122,acct_0122,2026-07-09,True,False,False,False,23.0,224.45,4621.53,56.45,False,,0.0
proj_0123,acct_0123,2026-09-04,False,False,True,True,13.8,151.41,1380.62,5.62,False,,0.0
proj_0124,acct_0124,2026-07-01,True,True,True,True,19.7,488.68,460.58,59.41,False,,0.0
proj_0125,acct_0125,2026-09-13,True,False,False,False,14.8,75.43,318.75,10.35,False,,0.0
proj_0126,acct_0126,2026-08-06,False,True,False,True,21.5,495.49,2625.1,60.98,False,,0.0
proj_0127,acct_0127,2026-08-25,True,False,False,True,19.3,167.32,1655.16,55.8,False,,0.0
proj_0128,acct_0128,2026-07-05,True,False,False,False,10.7,291.37,715.73,34.98,False,,0.0
proj_0129,acct_0129,2026-07-13,True,False,True,False,19.7,164.24,647.69,70.28,False,,0.0
proj_0130,acct_0130,2026-09-05,True,True,True,False,6.2,107.1,4738.86,48.63,False,,0.0
proj_0131,acct_0131,2026-07-31,True,True,False,False,16.7,369.32,2637.39,66.19,False,,0.0
proj_0132,acct_0132,2026-07-21,True,True,True,False,19.1,451.33,3608.7,4.37,False,,0.0
proj_0133,acct_0133,2026-08-03,False,False,False,False,7.8,119.58,4828.33,78.44,False,,0.0
proj_0134,acct_0134,2026-08-22,True,False,False,False,9.2,190.94,2642.02,96.63,False,,0.0
proj_0135,acct_0135,2026-07-25,False,True,False,False,28.1,355.7,2584.39,12.47,True,2026-08-05,154.58
proj_0136,acct_0136,2026-06-30,False,True,False,False,26.7,465.24,2080.34,39.65,False,,0.0
proj_0137,acct_0137,2026-09-20,False,True,True,False,25.3,324.98,3958.99,13.76,False,,0.0
proj_0138,acct_0138,2026-07-06,True,True,False,False,1.2,39.61,1287.06,83.5,False,,0.0
proj_0139,acct_0139,2026-08-02,True,True,True,True,13.2,396.95,2291.0,11.09,False,,0.0
proj_0140,acct_0140,2026-08-11,True,True,False,True,1.0,176.41,2857.61,18.73,False,,0.0
proj_0141,acct_0141,2026-07-27,True,True,False,False,17.1,195.23,2355.97,63.57,False,,0.0
proj_0142,acct_0142,2026-08-01,True,True,True,True,20.1,51.83,2913.7,75.67,True,2026-08-24,284.36
proj_0143,acct_0143,2026-07-14,False,False,False,False,6.3,67.43,3583.06,94.36,True,2026-07-27,45.81
proj_0144,acct_0144,2026-07-03,False,True,True,False,24.6,236.7,192.74,64.69,False,,0.0
proj_0145,acct_0145,2026-07-26,False,True,True,False,26.8,371.65,4474.24,38.66,False,,0.0
proj_0146,acct_0146,2026-07-01,True,True,False,True,3.4,212.25,2158.73,99.51,False,,0.0
proj_0147,acct_0147,2026-09-11,True,True,False,False,18.5,213.06,3451.93,35.15,True,2026-11-06,458.01
proj_0148,acct_0148,2026-08-23,True,False,False,True,19.5,181.66,4007.47,67.94,False,,0.0
proj_0149,acct_0149,2026-07-22,False,False,False,True,7.8,322.58,1817.13,94.95,True,2026-08-01,347.55
proj_0150,acct_0150,2026-08-24,True,False,False,False,12.5,324.78,1255.56,11.34,False,,0.0
proj_0151,acct_0151,2026-07-14,True,False,True,False,21.4,107.29,3063.27,69.4,False,,0.0
proj_0152,acct_0152,2026-07-22,True,False,False,False,13.9,43.9,3412.83,84.55,False,,0.0
proj_0153,acct_0153,2026-08-28,True,True,True,True,5.6,354.78,3504.09,17.41,False,,0.0
proj_0154,acct_0154,2026-09-04,True,True,True,False,1.8,277.01,1850.87,80.37,False,,0.0
proj_0155,acct_0155,2026-09-05,True,True,False,False,12.9,204.72,2878.75,12.53,False,,0.0
proj_0156,acct_0156,2026-09-11,True,False,True,False,23.6,319.9,918.0,96.63,False,,0.0
proj_0157,acct_0157,2026-07-08,False,True,True,True,28.1,112.74,4737.94,51.89,False,,0.0
proj_0158,acct_0158,2026-07-26,True,False,False,True,9.8,266.74,2517.84,16.86,False,,0.0
proj_0159,acct_0159,2026-09-17,True,False,False,False,27.8,20.6,4320.27,8.12,False,,0.0
proj_0160,acct_0160,2026-09-10,True,False,False,False,15.4,313.58,1455.46,95.67,False,,0.0
proj_0161,acct_0161,2026-09-14,True,True,True,False,15.0,102.01,3037.23,31.26,False,,0.0
proj_0162,acct_0162,2026-06-30,False,True,True,False,10.3,233.24,1344.68,24.79,True,2026-07-19,474.06
proj_0163,acct_0163,2026-08-19,True,False,True,False,17.8,156.36,3817.98,49.83,False,,0.0
proj_0164,acct_0164,2026-07-29,False,True,True,False,14.3,120.36,2920.89,4.87,False,,0.0
proj_0165,acct_0165,2026-09-09,True,True,True,True,8.7,182.89,2022.24,4.52,True,2026-10-15,117.46
proj_0166,acct_0166,2026-06-25,True,True,False,True,29.7,340.2,602.87,97.51,False,,0.0
proj_0167,acct_0167,2026-09-17,True,True,True,False,12.6,20.13,204.18,71.36,False,,0.0
proj_0168,acct_0168,2026-08-24,True,False,True,False,10.2,196.48,3086.34,84.26,False,,0.0
proj_0169,acct_0169,2026-09-07,True,True,False,False,20.5,489.95,2922.67,79.68,False,,0.0
proj_0170,acct_0170,2026-08-01,True,True,False,False,17.8,113.77,266.26,48.04,False,,0.0
proj_0171,acct_0171,2026-07-14,True,False,True,False,4.2,9.47,1575.33,15.14,False,,0.0
proj_0172,acct_0172,2026-09-16,True,False,False,False,22.1,352.89,2598.23,56.09,False,,0.0
proj_0173,acct_0173,2026-08-04,True,True,True,False,10.9,177.14,3862.23,72.09,False,,0.0
proj_0174,acct_0174,2026-08-26,True,True,True,False,7.5,486.46,1495.1,28.9,False,,0.0
proj_0175,acct_0175,2026-07-19,True,True,False,False,8.9,60.94,3386.35,37.97,False,,0.0
proj_0176,acct_0176,2026-09-11,False,False,True,True,21.7,173.18,2217.46,25.64,False,,0.0
proj_0177,acct_0177,2026-07-27,False,True,False,True,4.2,370.45,1204.02,5.08,False,,0.0
proj_0178,acct_0178,2026-07-11,True,True,False,False,3.9,385.38,35.86,55.04,False,,0.0
proj_0179,acct_0179,2026-07-05,True,False,False,False,22.9,143.62,1434.22,5.92,False,,0.0
proj_0180,acct_0180,2026-09-11,True,False,False,False,6.1,441.12,887.19,91.96,False,,0.0
proj_0181,acct_0181,2026-08-28,True,True,False,False,9.4,18.73,1498.98,60.28,False,,0.0
proj_0182,acct_0182,2026-07-24,True,False,False,False,28.2,425.53,2345.42,19.28,True,2026-08-04,372.28
proj_0183,acct_0183,2026-09-06,True,True,True,True,20.6,96.58,3058.66,63.87,False,,0.0
proj_0184,acct_0184,2026-08-16,True,True,False,True,5.1,161.8,1247.75,26.08,False,,0.0
proj_0185,acct_0185,2026-07-28,False,True,False,True,20.0,346.38,320.0,11.82,False,,0.0
proj_0186,acct_0186,2026-07-13,True,False,False,False,21.0,319.36,4703.77,36.75,False,,0.0
proj_0187,acct_0187,2026-08-29,True,True,False,False,21.4,456.4,3789.18,80.2,False,,0.0
proj_0188,acct_0188,2026-07-15,True,True,False,False,16.3,180.89,4587.05,11.22,False,,0.0
proj_0189,acct_0189,2026-06-26,True,True,True,False,4.4,102.7,2919.91,9.09,False,,0.0
proj_0190,acct_0190,2026-08-06,True,True,False,True,14.4,403.46,3619.17,39.59,False,,0.0
proj_0191,acct_0191,2026-08-24,True,True,True,True,29.8,467.29,354.41,93.38,True,2026-09-20,110.49
proj_0192,acct_0192,2026-07-02,True,False,False,False,29.8,191.24,4349.41,90.68,False,,0.0
proj_0193,acct_0193,2026-08-11,True,True,True,False,16.3,363.93,1121.22,0.35,True,2026-08-31,244.93
proj_0194,acct_0194,2026-08-06,True,False,True,False,9.0,468.71,3627.87,11.28,False,,0.0
proj_0195,acct_0195,2026-09-18,True,False,False,True,3.0,296.97,2237.74,67.2,False,,0.0
proj_0196,acct_0196,2026-08-29,True,True,True,True,26.0,28.22,2524.44,28.93,False,,0.0
proj_0197,acct_0197,2026-07-22,True,False,False,True,26.4,492.85,2611.04,41.36,False,,0.0
proj_0198,acct_0198,2026-08-15,True,True,False,False,28.3,335.67,3931.16,31.87,False,,0.0
proj_0199,acct_0199,2026-07-31,True,True,False,True,7.5,428.77,730.32,46.3,True,2026-08-27,484.7
proj_0200,acct_0200,2026-07-08,True,True,True,True,14.0,185.54,2682.82,82.94,True,2026-08-02,344.99
proj_0201,acct_0201,2026-07-09,False,True,False,False,17.2,239.7,4348.67,33.3,False,,0.0
proj_0202,acct_0202,2026-09-05,True,True,False,False,22.9,457.22,3481.18,70.38,False,,0.0
proj_0203,acct_0203,2026-07-20,True,False,True,False,11.4,130.78,2568.95,49.73,True,2026-09-05,248.01
proj_0204,acct_0204,2026-08-21,False,True,False,False,7.4,72.96,1311.26,93.48,False,,0.0
proj_0205,acct_0205,2026-08-07,True,True,True,False,8.1,275.32,4717.89,33.76,False,,0.0
proj_0206,acct_0206,2026-09-21,False,False,False,True,24.1,84.63,3604.36,48.83,False,,0.0
proj_0207,acct_0207,2026-08-06,True,False,True,False,2.4,3.19,696.08,63.07,True,2026-08-16,29.34
proj_0208,acct_0208,2026-09-06,True,False,False,False,15.0,243.93,43.0,55.16,True,2026-10-10,368.04
proj_0209,acct_0209,2026-07-27,True,False,False,False,27.4,53.51,490.61,14.89,False,,0.0
proj_0210,acct_0210,2026-09-07,False,True,True,False,12.8,282.5,4951.26,22.59,False,,0.0
proj_0211,acct_0211,2026-09-04,True,False,False,True,12.0,276.35,290.01,0.95,False,,0.0
proj_0212,acct_0212,2026-09-19,False,False,True,False,29.2,447.4,4596.57,22.98,False,,0.0
proj_0213,acct_0213,2026-08-03,True,False,False,True,16.7,329.05,904.98,85.04,True,2026-08-17,303.84
proj_0214,acct_0214,2026-07-05,False,True,False,False,25.6,338.52,2707.41,38.38,False,,0.0
proj_0215,acct_0215,2026-07-14,True,False,True,False,25.3,170.3,3847.34,95.49,False,,0.0
proj_0216,acct_0216,2026-08-29,True,True,False,False,11.3,470.57,2164.92,67.97,False,,0.0
proj_0217,acct_0217,2026-08-19,True,True,True,True,8.8,190.0,3921.61,15.43,False,,0.0
proj_0218,acct_0218,2026-07-02,True,True,True,False,8.8,66.25,945.08,44.88,False,,0.0
proj_0219,acct_0219,2026-09-03,True,True,False,False,23.7,431.86,71.58,41.38,False,,0.0
proj_0220,acct_0220,2026-07-24,True,True,True,True,9.7,246.56,325.7,43.47,False,,0.0
proj_0221,acct_0221,2026-09-07,True,True,False,False,15.4,308.33,2294.73,13.55,True,2026-10-03,182.8
proj_0222,acct_0222,2026-08-23,False,True,True,False,25.9,487.11,689.26,32.07,False,,0.0
proj_0223,acct_0223,2026-09-07,True,True,True,False,22.3,316.45,4839.14,78.2,False,,0.0
proj_0224,acct_0224,2026-09-19,False,True,True,False,18.2,272.81,3411.75,55.01,False,,0.0
proj_0225,acct_0225,2026-06-29,False,True,False,False,3.0,423.89,3977.28,67.3,True,2026-07-19,139.96
proj_0226,acct_0226,2026-08-27,True,False,True,False,14.9,200.4,2538.0,92.04,False,,0.0
proj_0227,acct_0227,2026-09-01,True,True,False,False,19.5,42.49,3847.08,65.76,False,,0.0
proj_0228,acct_0228,2026-09-04,True,False,False,False,10.6,398.12,538.66,9.86,False,,0.0
proj_0229,acct_0229,2026-07-18,True,True,False,False,15.5,172.48,132.57,10.45,False,,0.0
proj_0230,acct_0230,2026-07-01,True,False,True,False,14.2,103.43,2419.8,47.62,False,,0.0
proj_0231,acct_0231,2026-07-02,True,True,False,True,25.6,323.98,3388.93,16.44,False,,0.0
proj_0232,acct_0232,2026-08-18,True,True,True,False,14.4,398.88,3152.5,18.64,False,,0.0
proj_0233,acct_0233,2026-06-30,True,False,True,False,12.3,352.37,1036.86,75.23,False,,0.0
proj_0234,acct_0234,2026-06-27,True,False,False,False,6.7,56.98,3356.8,48.95,False,,0.0
proj_0235,acct_0235,2026-08-04,True,False,False,False,25.5,308.68,4070.55,70.6,False,,0.0
proj_0236,acct_0236,2026-07-05,True,True,True,True,11.8,70.68,1948.43,59.64,False,,0.0
proj_0237,acct_0237,2026-09-16,True,False,False,False,30.0,277.46,2453.31,14.03,False,,0.0
proj_0238,acct_0238,2026-09-08,True,False,False,False,6.7,191.97,2812.29,65.31,False,,0.0
proj_0239,acct_0239,2026-07-11,True,False,False,True,1.9,380.53,1467.53,27.49,False,,0.0
proj_0240,acct_0240,2026-08-19,True,True,False,False,15.8,286.36,1346.77,54.31,False,,0.0
proj_0241,acct_0241,2026-08-14,True,True,True,False,22.3,326.84,1245.18,87.48,True,2026-08-31,190.57
proj_0242,acct_0242,2026-09-11,True,False,False,True,24.5,293.96,1759.65,71.08,False,,0.0
proj_0243,acct_0243,2026-06-27,True,False,False,False,17.5,266.14,2988.32,16.84,False,,0.0
proj_0244,acct_0244,2026-08-23,True,True,False,False,20.7,47.61,4814.23,78.57,False,,0.0
proj_0245,acct_0245,2026-09-07,False,True,False,True,21.6,414.24,3809.75,67.62,False,,0.0
proj_0246,acct_0246,2026-08-09,True,True,True,False,23.3,201.43,3751.51,69.47,False,,0.0
proj_0247,acct_0247,2026-07-07,False,True,True,False,22.2,365.47,2297.66,66.41,False,,0.0
proj_0248,acct_0248,2026-08-13,True,True,False,False,15.3,161.43,1425.13,54.73,True,2026-10-07,255.54
proj_0249,acct_0249,2026-08-13,False,False,True,False,25.3,8.14,4647.87,15.8,False,,0.0
proj_0250,acct_0250,2026-09-17,True,False,True,False,5.6,466.36,1377.36,65.46,False,,0.0
proj_0251,acct_0251,2026-07-01,True,False,True,False,22.1,377.62,2151.86,9.12,True,2026-07-15,251.48
proj_0252,acct_0252,2026-08-06,True,True,False,True,11.0,60.3,4303.1,69.4,False,,0.0
proj_0253,acct_0253,2026-09-14,True,False,True,False,26.5,68.56,3869.57,75.32,True,2026-10-28,92.86
proj_0254,acct_0254,2026-06-24,True,True,True,True,22.7,459.95,3084.22,44.24,False,,0.0
proj_0255,acct_0255,2026-08-31,True,True,False,False,13.5,395.54,1246.45,64.46,False,,0.0
proj_0256,acct_0256,2026-07-20,True,False,False,False,9.7,258.87,2552.52,74.78,False,,0.0
proj_0257,acct_0257,2026-07-02,True,False,True,False,8.0,319.04,364.35,88.87,True,2026-07-26,468.61
proj_0258,acct_0258,2026-08-30,True,False,False,False,6.0,235.51,4936.96,7.3,False,,0.0
proj_0259,acct_0259,2026-09-03,True,True,True,False,15.7,314.29,2510.23,41.54,False,,0.0
proj_0260,acct_0260,2026-08-01,True,True,True,True,3.3,460.46,4871.82,15.54,False,,0.0
proj_0261,acct_0261,2026-08-30,True,True,False,True,8.1,462.31,588.77,61.23,True,2026-10-12,377.3
proj_0262,acct_0262,2026-07-01,True,False,False,True,28.6,261.5,3917.11,72.08,False,,0.0
proj_0263,acct_0263,2026-08-02,True,False,False,True,27.1,167.51,2152.33,52.39,False,,0.0
proj_0264,acct_0264,2026-08-30,True,True,True,False,5.8,78.65,3868.91,89.43,False,,0.0
proj_0265,acct_0265,2026-07-09,True,True,True,False,8.1,235.88,1921.07,15.01,False,,0.0
proj_0266,acct_0266,2026-08-13,True,False,False,False,10.3,208.13,3604.24,27.13,True,2026-09-06,81.72
proj_0267,acct_0267,2026-07-22,True,False,False,False,3.0,232.55,1418.71,84.48,False,,0.0
proj_0268,acct_0268,2026-07-09,True,True,False,False,19.1,231.96,2962.54,49.34,False,,0.0
proj_0269,acct_0269,2026-06-26,True,True,False,True,28.0,11.96,2712.31,63.59,False,,0.0
proj_0270,acct_0270,2026-06-18,False,True,False,False,22.1,51.97,2653.77,23.82,False,,0.0
proj_0271,acct_0271,2026-07-20,False,True,True,True,7.7,422.75,2071.15,89.56,False,,0.0
proj_0272,acct_0272,2026-08-13,True,True,False,False,18.2,31.14,3315.6,13.07,False,,0.0
proj_0273,acct_0273,2026-08-26,False,True,False,False,14.1,116.81,4718.34,13.61,False,,0.0
proj_0274,acct_0274,2026-08-13,True,True,False,False,16.5,482.32,1046.1,30.83,False,,0.0
proj_0275,acct_0275,2026-08-31,True,False,True,False,18.5,107.51,4284.3,14.83,False,,0.0
proj_0276,acct_0276,2026-07-30,True,True,True,False,6.0,476.05,4274.46,55.6,False,,0.0
proj_0277,acct_0277,2026-07-10,True,False,True,True,25.1,491.28,662.27,82.37,False,,0.0
proj_0278,acct_0278,2026-06-30,True,True,False,True,2.9,451.25,2222.72,12.88,False,,0.0
proj_0279,acct_0279,2026-08-29,True,False,True,False,13.6,362.22,2485.67,38.27,False,,0.0
proj_0280,acct_0280,2026-07-21,True,True,True,False,2.0,309.59,1236.47,29.51,False,,0.0
proj_0281,acct_0281,2026-08-31,True,True,True,True,26.7,262.91,3157.46,80.22,False,,0.0
proj_0282,acct_0282,2026-08-07,True,True,False,False,27.5,251.2,1948.02,17.98,False,,0.0
proj_0283,acct_0283,2026-07-16,True,False,True,False,14.7,178.72,2924.1,23.28,False,,0.0
proj_0284,acct_0284,2026-07-13,True,True,False,False,2.6,498.2,1104.86,84.65,False,,0.0
proj_0285,acct_0285,2026-09-18,False,False,True,True,10.2,369.05,1800.33,59.16,False,,0.0
proj_0286,acct_0286,2026-07-12,False,True,False,True,29.7,440.81,2466.21,30.91,False,,0.0
proj_0287,acct_0287,2026-07-24,True,False,True,False,10.6,307.07,4034.16,34.08,False,,0.0
proj_0288,acct_0288,2026-08-01,True,True,False,True,4.2,263.15,1830.8,7.25,False,,0.0
proj_0289,acct_0289,2026-07-30,True,True,True,False,22.2,218.43,3199.94,48.72,False,,0.0
proj_0290,acct_0290,2026-08-21,True,True,True,False,21.0,63.67,3646.87,94.88,False,,0.0
proj_0291,acct_0291,2026-08-20,False,False,False,True,10.2,404.4,3060.79,63.96,True,2026-09-21,91.81
proj_0292,acct_0292,2026-08-22,True,False,True,False,3.6,354.48,3199.12,88.67,False,,0.0
proj_0293,acct_0293,2026-07-02,True,False,True,False,21.9,24.07,2196.72,41.97,False,,0.0
proj_0294,acct_0294,2026-08-19,True,True,False,True,14.9,432.03,3258.34,68.72,False,,0.0
proj_0295,acct_0295,2026-08-05,True,True,True,True,4.0,170.9,4440.78,16.09,True,2026-10-02,489.57
proj_0296,acct_0296,2026-09-17,True,False,False,True,28.3,82.5,4449.87,15.71,True,2026-10-01,487.84
proj_0297,acct_0297,2026-07-02,True,False,False,True,9.2,118.77,257.68,57.18,False,,0.0
proj_0298,acct_0298,2026-07-26,True,True,True,False,19.1,240.16,493.96,20.7,False,,0.0
proj_0299,acct_0299,2026-06-29,True,True,False,False,27.0,132.5,3212.91,38.75,False,,0.0
proj_0300,acct_0300,2026-09-15,True,True,True,False,7.6,134.28,317.58,75.22,False,,0.0
proj_0301,acct_0301,2026-07-28,True,False,False,False,7.6,30.49,1941.66,52.26,False,,0.0
proj_0302,acct_0302,2026-07-11,True,True,True,False,25.8,17.36,2860.39,51.68,False,,0.0
proj_0303,acct_0303,2026-08-24,True,False,True,False,29.2,404.23,639.67,42.34,False,,0.0
proj_0304,acct_0304,2026-07-21,True,False,True,False,10.3,363.55,4038.64,8.7,False,,0.0
proj_0305,acct_0305,2026-07-12,False,True,False,True,21.3,293.79,3910.61,11.25,True,2026-08-18,304.27
proj_0306,acct_0306,2026-08-22,False,True,True,True,16.5,171.93,2060.34,38.3,False,,0.0
proj_0307,acct_0307,2026-09-12,True,True,True,False,21.1,19.39,4448.98,33.15,False,,0.0
proj_0308,acct_0308,2026-07-18,False,False,True,False,9.8,140.17,2463.18,69.62,True,2026-09-12,133.28
proj_0309,acct_0309,2026-08-13,False,True,False,True,13.1,322.78,947.8,21.14,False,,0.0
proj_0310,acct_0310,2026-08-21,True,False,False,False,5.6,155.56,2538.91,13.56,False,,0.0
proj_0311,acct_0311,2026-07-12,True,False,True,True,2.0,25.28,1808.27,19.91,False,,0.0
proj_0312,acct_0312,2026-07-31,True,False,True,True,11.8,297.02,896.14,87.05,False,,0.0
proj_0313,acct_0313,2026-07-18,True,False,True,False,3.6,13.73,257.76,85.38,False,,0.0
proj_0314,acct_0314,2026-09-11,False,False,False,True,12.9,10.03,3903.72,76.76,True,2026-11-09,87.85
proj_0315,acct_0315,2026-08-25,True,True,True,False,9.9,483.51,3217.27,42.38,False,,0.0
proj_0316,acct_0316,2026-07-27,True,True,True,False,19.1,292.24,46.66,99.94,False,,0.0
proj_0317,acct_0317,2026-07-04,True,True,True,False,15.0,168.14,1389.65,32.51,False,,0.0
proj_0318,acct_0318,2026-08-14,True,True,True,True,25.9,405.01,2026.45,31.96,True,2026-08-16,336.32
proj_0319,acct_0319,2026-08-10,True,True,True,True,21.5,286.02,957.68,72.65,False,,0.0
proj_0320,acct_0320,2026-07-07,False,False,False,False,25.4,438.25,913.87,9.76,True,2026-07-24,369.46
proj_0321,acct_0321,2026-08-19,False,False,False,True,7.5,435.72,2108.16,88.68,False,,0.0
proj_0322,acct_0322,2026-07-02,True,True,True,False,17.8,310.33,2366.38,19.45,True,2026-08-15,206.29
proj_0323,acct_0323,2026-08-31,True,False,True,False,10.9,493.6,4465.3,98.66,True,2026-10-26,364.94
proj_0324,acct_0324,2026-07-19,True,False,True,False,1.1,136.76,3808.35,16.86,False,,0.0
proj_0325,acct_0325,2026-09-14,True,False,True,False,13.5,214.51,2392.23,0.47,False,,0.0
proj_0326,acct_0326,2026-09-07,False,False,False,False,1.5,2.06,3670.68,22.63,False,,0.0
proj_0327,acct_0327,2026-07-10,True,True,False,True,24.9,149.1,1461.23,72.78,False,,0.0
proj_0328,acct_0328,2026-07-23,True,False,True,False,15.2,375.06,832.77,90.69,False,,0.0
proj_0329,acct_0329,2026-08-24,True,False,True,False,18.1,84.49,1839.29,65.05,True,2026-10-20,329.15
proj_0330,acct_0330,2026-08-06,True,True,True,False,2.4,57.89,2227.13,12.36,False,,0.0
proj_0331,acct_0331,2026-07-22,True,False,True,False,3.9,260.15,3117.76,70.07,False,,0.0
proj_0332,acct_0332,2026-07-19,True,False,True,False,15.4,304.5,3892.01,83.15,False,,0.0
proj_0333,acct_0333,2026-07-10,True,True,True,False,7.0,466.56,1659.71,0.27,False,,0.0
proj_0334,acct_0334,2026-09-14,False,False,True,True,15.8,361.78,515.44,25.59,False,,0.0
proj_0335,acct_0335,2026-06-30,True,True,False,False,25.7,180.11,3387.06,42.6,True,2026-08-24,385.15
proj_0336,acct_0336,2026-07-13,True,True,False,False,26.9,477.54,1348.86,73.31,False,,0.0
proj_0337,acct_0337,2026-08-31,True,True,False,True,12.2,425.34,4001.5,64.88,False,,0.0
proj_0338,acct_0338,2026-07-25,True,False,False,False,4.0,455.61,2418.55,56.89,False,,0.0
proj_0339,acct_0339,2026-07-28,True,False,False,False,22.1,445.88,2420.57,48.81,False,,0.0
proj_0340,acct_0340,2026-08-20,True,True,True,False,20.7,383.76,2887.48,56.5,False,,0.0
proj_0341,acct_0341,2026-09-19,True,False,False,False,22.1,240.96,3321.92,64.14,True,2026-11-11,290.21
proj_0342,acct_0342,2026-06-28,True,False,False,False,15.4,82.7,3759.64,32.06,False,,0.0
proj_0343,acct_0343,2026-08-30,True,True,False,False,7.8,229.55,4008.29,44.81,False,,0.0
proj_0344,acct_0344,2026-09-17,True,False,False,True,12.7,17.92,2750.0,82.59,False,,0.0
proj_0345,acct_0345,2026-07-13,False,True,False,False,10.9,412.66,4084.78,84.43,False,,0.0
proj_0346,acct_0346,2026-09-11,True,True,False,True,20.1,1.1,1782.14,63.37,False,,0.0
proj_0347,acct_0347,2026-07-02,True,True,True,True,21.8,360.78,543.74,61.09,False,,0.0
proj_0348,acct_0348,2026-06-27,True,False,True,False,23.0,23.25,3169.87,67.21,True,2026-08-24,238.99
proj_0349,acct_0349,2026-06-24,False,True,False,False,13.6,292.56,4622.61,78.11,False,,0.0
proj_0350,acct_0350,2026-08-05,True,True,True,False,26.6,252.06,1929.47,97.95,False,,0.0
proj_0351,acct_0351,2026-09-15,True,False,False,False,4.9,206.37,3503.07,74.84,False,,0.0
proj_0352,acct_0352,2026-09-04,True,False,False,True,19.1,145.29,1733.01,67.24,False,,0.0
proj_0353,acct_0353,2026-09-11,True,False,True,True,11.2,240.18,2857.48,66.72,False,,0.0
proj_0354,acct_0354,2026-07-15,False,True,True,True,12.0,26.53,292.46,26.7,False,,0.0
proj_0355,acct_0355,2026-07-25,True,True,True,False,6.9,270.59,1799.83,45.26,False,,0.0
proj_0356,acct_0356,2026-09-17,True,True,True,False,24.2,143.82,3325.82,92.65,False,,0.0
proj_0357,acct_0357,2026-08-19,False,True,False,True,26.2,430.22,2220.89,22.55,False,,0.0
proj_0358,acct_0358,2026-09-16,True,True,False,False,29.0,147.09,895.36,68.27,False,,0.0
proj_0359,acct_0359,2026-07-28,True,True,True,True,8.7,80.46,4231.61,0.56,False,,0.0
proj_0360,acct_0360,2026-07-05,True,False,False,False,19.1,421.57,1512.76,78.99,False,,0.0
proj_0361,acct_0361,2026-06-22,True,True,True,True,3.0,252.57,2085.5,53.7,True,2026-07-07,444.61
proj_0362,acct_0362,2026-09-01,True,True,False,False,14.8,280.67,3763.15,64.93,True,2026-09-24,236.69
proj_0363,acct_0363,2026-07-30,False,False,True,False,28.4,192.94,2705.78,28.28,False,,0.0
proj_0364,acct_0364,2026-09-04,True,True,False,True,19.9,160.16,420.9,9.6,False,,0.0
proj_0365,acct_0365,2026-08-14,True,True,False,True,20.9,417.83,1035.84,82.87,False,,0.0
proj_0366,acct_0366,2026-07-10,True,False,False,True,14.3,165.86,446.73,5.43,False,,0.0
proj_0367,acct_0367,2026-07-04,True,True,True,False,19.3,216.51,94.29,67.33,False,,0.0
proj_0368,acct_0368,2026-07-30,True,True,False,True,27.9,53.07,3936.59,30.14,True,2026-09-17,465.18
proj_0369,acct_0369,2026-07-04,True,False,False,False,5.0,195.5,3989.45,54.57,False,,0.0
proj_0370,acct_0370,2026-07-06,True,False,False,False,19.8,478.7,65.64,87.48,True,2026-07-09,27.39
proj_0371,acct_0371,2026-09-07,True,False,True,False,27.2,171.93,2069.15,64.59,False,,0.0
proj_0372,acct_0372,2026-08-31,True,False,True,True,20.5,283.65,281.4,75.1,False,,0.0
proj_0373,acct_0373,2026-09-16,True,True,False,True,6.7,290.3,4758.18,35.71,False,,0.0
proj_0374,acct_0374,2026-08-23,True,False,False,False,14.1,308.17,1535.32,58.42,False,,0.0
proj_0375,acct_0375,2026-08-23,False,False,True,False,23.8,356.1,3207.78,27.67,False,,0.0
proj_0376,acct_0376,2026-09-19,False,True,True,False,17.0,87.89,3037.07,84.18,False,,0.0
proj_0377,acct_0377,2026-08-18,False,True,False,False,22.1,446.05,4249.44,63.16,False,,0.0
proj_0378,acct_0378,2026-08-03,True,True,True,True,26.9,269.84,3273.0,14.86,False,,0.0
proj_0379,acct_0379,2026-08-26,True,True,True,False,1.3,119.44,4820.36,98.19,False,,0.0
proj_0380,acct_0380,2026-07-05,True,True,False,False,29.1,367.96,2422.68,35.88,False,,0.0
proj_0381,acct_0381,2026-07-01,True,True,True,False,16.0,395.73,1946.58,91.79,False,,0.0
proj_0382,acct_0382,2026-07-19,False,True,False,False,25.1,417.44,1323.95,54.44,False,,0.0
proj_0383,acct_0383,2026-07-18,True,False,False,False,11.9,453.62,2586.7,35.29,False,,0.0
proj_0384,acct_0384,2026-08-27,True,False,True,False,13.8,115.0,2577.56,28.08,False,,0.0
proj_0385,acct_0385,2026-08-23,True,False,True,True,24.5,360.13,2412.77,47.88,False,,0.0
proj_0386,acct_0386,2026-06-26,True,True,True,True,18.2,67.36,2568.09,89.08,True,2026-07-07,147.67
proj_0387,acct_0387,2026-07-26,True,True,False,False,26.5,363.99,4108.3,94.73,False,,0.0
proj_0388,acct_0388,2026-07-12,False,True,False,False,24.0,410.23,917.6,65.96,False,,0.0
proj_0389,acct_0389,2026-06-28,False,True,True,False,4.8,8.28,2618.33,90.93,False,,0.0
proj_0390,acct_0390,2026-08-05,True,True,False,False,26.5,265.71,3764.39,9.32,False,,0.0
proj_0391,acct_0391,2026-08-27,False,False,False,False,11.7,21.72,2653.78,22.95,False,,0.0
proj_0392,acct_0392,2026-07-10,True,False,False,False,17.7,212.74,1280.04,76.59,False,,0.0
proj_0393,acct_0393,2026-08-29,True,False,False,True,21.6,394.71,2894.16,11.78,True,2026-10-10,122.57
proj_0394,acct_0394,2026-08-26,True,True,False,False,8.6,268.05,2827.7,61.19,False,,0.0
proj_0395,acct_0395,2026-08-23,True,True,False,False,11.7,277.46,1276.35,30.67,False,,0.0
proj_0396,acct_0396,2026-08-04,True,False,False,False,14.0,349.66,817.36,21.45,False,,0.0
proj_0397,acct_0397,2026-09-06,False,False,False,True,12.3,317.94,4023.8,82.33,False,,0.0
proj_0398,acct_0398,2026-09-04,True,True,True,False,22.0,465.34,2009.22,65.62,False,,0.0
proj_0399,acct_0399,2026-07-30,False,False,False,False,6.8,328.44,4021.51,28.6,True,2026-09-07,267.51
proj_0400,acct_0400,2026-09-05,True,False,True,False,29.3,43.42,1386.92,39.94,False,,0.0
proj_0401,acct_0401,2026-06-30,True,True,False,True,3.6,142.25,4150.53,91.5,False,,0.0
proj_0402,acct_0402,2026-07-10,True,False,False,False,1.1,87.52,2536.13,55.86,False,,0.0
proj_0403,acct_0403,2026-07-17,False,False,False,False,24.6,287.45,3474.02,96.61,False,,0.0
proj_0404,acct_0404,2026-08-12,True,False,False,False,18.0,13.68,590.18,6.76,False,,0.0
proj_0405,acct_0405,2026-06-28,True,True,True,False,16.0,4.86,4162.56,24.83,True,2026-08-11,380.67
proj_0406,acct_0406,2026-09-15,True,False,False,False,26.9,134.54,4736.12,68.31,False,,0.0
proj_0407,acct_0407,2026-08-22,True,True,True,True,7.6,417.47,4183.31,35.6,False,,0.0
proj_0408,acct_0408,2026-09-05,False,False,False,False,23.2,270.74,220.89,48.23,False,,0.0
proj_0409,acct_0409,2026-09-04,False,False,False,True,6.3,382.13,2560.56,39.79,False,,0.0
proj_0410,acct_0410,2026-07-26,True,False,False,False,15.6,196.86,3434.83,17.48,False,,0.0
proj_0411,acct_0411,2026-09-04,True,True,False,False,3.9,180.8,4310.59,18.72,False,,0.0
proj_0412,acct_0412,2026-08-11,True,False,True,False,7.1,350.36,1867.83,85.43,False,,0.0
proj_0413,acct_0413,2026-06-30,True,False,False,False,21.9,402.04,2781.15,85.63,False,,0.0
proj_0414,acct_0414,2026-07-17,True,True,False,True,26.9,315.33,2674.57,31.57,False,,0.0
proj_0415,acct_0415,2026-07-09,True,True,True,False,2.7,406.91,2387.93,62.99,False,,0.0
proj_0416,acct_0416,2026-07-24,True,True,False,False,11.0,205.88,1761.94,67.96,False,,0.0
proj_0417,acct_0417,2026-06-26,False,True,True,False,23.5,223.47,401.25,61.37,False,,0.0
proj_0418,acct_0418,2026-07-02,False,False,False,False,18.8,202.39,4536.29,7.91,False,,0.0
proj_0419,acct_0419,2026-08-14,True,True,True,False,8.9,222.45,4315.4,36.32,False,,0.0
proj_0420,acct_0420,2026-08-05,True,True,True,False,20.2,470.22,3506.48,8.01,False,,0.0
proj_0421,acct_0421,2026-09-10,True,False,False,True,23.4,261.99,4980.11,10.39,False,,0.0
proj_0422,acct_0422,2026-07-11,True,False,True,True,9.2,313.24,665.07,83.85,True,2026-08-23,194.5
proj_0423,acct_0423,2026-08-12,False,True,False,False,16.9,67.56,4742.95,53.93,False,,0.0
proj_0424,acct_0424,2026-06-29,True,False,False,False,19.5,154.83,1742.37,53.97,False,,0.0
proj_0425,acct_0425,2026-08-06,True,True,True,True,16.2,379.15,690.14,28.68,False,,0.0
proj_0426,acct_0426,2026-07-12,False,True,True,False,9.5,115.61,46.02,37.36,False,,0.0
proj_0427,acct_0427,2026-08-05,True,True,False,False,12.0,131.49,2116.97,23.96,False,,0.0
proj_0428,acct_0428,2026-06-23,True,False,False,False,25.8,91.2,1455.08,63.69,False,,0.0
proj_0429,acct_0429,2026-07-14,True,True,True,True,29.1,11.07,4861.94,28.21,True,2026-08-12,370.38
proj_0430,acct_0430,2026-07-02,True,True,True,False,23.8,249.2,1863.27,69.69,True,2026-07-08,425.68
proj_0431,acct_0431,2026-08-20,True,False,True,False,6.6,420.77,4088.08,82.83,True,2026-10-09,364.47
proj_0432,acct_0432,2026-07-24,True,True,False,True,14.4,385.5,2610.48,98.21,False,,0.0
proj_0433,acct_0433,2026-09-04,False,True,False,False,16.9,61.07,2411.34,29.88,False,,0.0
proj_0434,acct_0434,2026-09-14,False,True,True,False,10.4,83.68,1387.74,11.96,False,,0.0
proj_0435,acct_0435,2026-07-27,False,True,False,False,5.5,385.4,1251.12,49.99,False,,0.0
proj_0436,acct_0436,2026-09-19,False,False,False,True,19.7,350.66,3959.42,12.58,False,,0.0
proj_0437,acct_0437,2026-07-21,False,True,True,False,11.4,67.37,4494.33,48.53,False,,0.0
proj_0438,acct_0438,2026-08-14,True,True,False,False,10.4,234.2,4339.63,59.87,False,,0.0
proj_0439,acct_0439,2026-07-21,True,True,True,True,11.6,0.36,3193.75,37.9,False,,0.0
proj_0440,acct_0440,2026-06-27,True,True,False,False,2.8,483.58,4097.06,18.99,False,,0.0
proj_0441,acct_0441,2026-09-01,True,True,False,True,16.2,33.34,4177.61,12.98,False,,0.0
proj_0442,acct_0442,2026-07-05,True,True,True,False,12.3,244.95,3123.61,59.03,True,2026-07-20,312.83
proj_0443,acct_0443,2026-06-26,True,False,False,False,25.1,234.03,3198.19,36.09,False,,0.0
proj_0444,acct_0444,2026-09-04,False,False,True,False,16.3,367.15,4173.94,7.79,False,,0.0
proj_0445,acct_0445,2026-06-21,True,True,True,True,20.0,285.01,4738.04,55.84,False,,0.0
proj_0446,acct_0446,2026-09-01,True,True,False,False,13.4,52.05,3964.38,55.0,False,,0.0
proj_0447,acct_0447,2026-08-28,True,True,False,False,17.0,498.43,4225.82,41.23,False,,0.0
proj_0448,acct_0448,2026-06-27,True,True,True,False,27.9,127.04,4808.64,44.75,False,,0.0
proj_0449,acct_0449,2026-09-08,False,True,False,False,9.8,150.17,1117.21,85.57,True,2026-10-31,473.09
proj_0450,acct_0450,2026-08-18,False,True,False,False,3.7,230.18,788.97,26.5,False,,0.0
proj_0451,acct_0451,2026-09-12,True,False,True,False,27.6,367.13,3620.67,79.29,False,,0.0
proj_0452,acct_0452,2026-08-25,True,True,False,False,3.3,27.96,3856.8,34.79,False,,0.0
proj_0453,acct_0453,2026-08-01,False,True,False,False,25.6,464.33,3173.1,63.22,True,2026-09-04,44.56
proj_0454,acct_0454,2026-07-19,True,False,True,False,29.9,485.52,3766.67,57.53,True,2026-08-16,162.65
proj_0455,acct_0455,2026-07-18,True,True,False,False,16.9,131.28,1998.65,43.45,False,,0.0
proj_0456,acct_0456,2026-09-06,True,True,True,False,17.3,498.54,2626.0,24.23,False,,0.0
proj_0457,acct_0457,2026-09-08,True,False,True,False,13.3,174.15,1610.48,59.39,True,2026-09-28,105.4
proj_0458,acct_0458,2026-07-24,True,False,False,True,2.3,409.09,1006.43,37.38,False,,0.0
proj_0459,acct_0459,2026-06-26,True,True,False,False,26.2,410.07,78.53,69.38,True,2026-07-25,248.82
proj_0460,acct_0460,2026-09-04,True,True,True,False,8.5,241.51,3652.32,14.13,False,,0.0
proj_0461,acct_0461,2026-07-18,True,False,False,True,2.7,100.35,3485.67,27.13,False,,0.0
proj_0462,acct_0462,2026-08-09,True,False,False,False,11.4,53.95,1469.55,88.34,False,,0.0
proj_0463,acct_0463,2026-09-12,True,False,False,False,18.3,44.01,1002.39,96.68,False,,0.0
proj_0464,acct_0464,2026-09-08,True,False,True,False,22.6,9.19,3424.71,35.54,False,,0.0
proj_0465,acct_0465,2026-08-13,False,False,False,False,24.6,14.73,2779.15,28.02,False,,0.0
proj_0466,acct_0466,2026-07-24,True,True,True,False,18.8,312.76,1144.87,24.04,False,,0.0
proj_0467,acct_0467,2026-08-20,False,True,False,True,5.0,270.68,4002.52,86.26,False,,0.0
proj_0468,acct_0468,2026-08-30,True,False,False,False,17.4,79.02,348.39,53.3,False,,0.0
proj_0469,acct_0469,2026-07-16,True,False,False,False,26.5,207.02,2062.15,44.3,False,,0.0
proj_0470,acct_0470,2026-07-03,True,True,True,True,29.6,308.47,3031.97,61.24,False,,0.0
proj_0471,acct_0471,2026-09-15,True,True,False,False,15.6,302.36,3562.98,37.4,False,,0.0
proj_0472,acct_0472,2026-07-19,True,True,True,False,29.1,462.72,4751.49,22.26,False,,0.0
proj_0473,acct_0473,2026-08-02,True,True,False,False,26.1,244.97,1631.23,45.75,False,,0.0
proj_0474,acct_0474,2026-07-09,True,False,False,False,12.4,469.57,2863.95,53.62,False,,0.0
proj_0475,acct_0475,2026-08-07,True,True,False,True,29.9,259.35,1984.1,73.52,False,,0.0
proj_0476,acct_0476,2026-08-05,True,True,False,False,9.3,83.24,1479.15,91.9,False,,0.0
proj_0477,acct_0477,2026-07-23,True,False,True,False,6.2,292.72,4472.7,54.64,False,,0.0
proj_0478,acct_0478,2026-07-05,True,True,False,False,6.9,227.34,1257.91,69.17,False,,0.0
proj_0479,acct_0479,2026-07-30,True,True,True,False,11.5,261.91,1926.6,79.11,False,,0.0
proj_0480,acct_0480,2026-07-08,True,True,False,False,17.4,329.77,758.95,86.88,False,,0.0
proj_0481,acct_0481,2026-07-25,True,True,False,False,19.2,58.78,666.54,20.29,False,,0.0
proj_0482,acct_0482,2026-09-02,True,True,False,False,18.6,246.73,1092.2,65.95,False,,0.0
proj_0483,acct_0483,2026-07-27,True,False,True,False,19.0,278.77,4128.01,4.89,True,2026-09-07,190.78
proj_0484,acct_0484,2026-07-11,False,False,False,True,27.7,24.52,2090.62,17.82,False,,0.0
proj_0485,acct_0485,2026-08-26,False,False,True,True,23.3,161.41,4488.67,82.03,False,,0.0
proj_0486,acct_0486,2026-06-19,True,True,False,True,16.3,262.32,3482.19,61.21,True,2026-08-05,490.19
proj_0487,acct_0487,2026-06-27,True,False,False,False,9.3,304.42,1589.28,52.54,False,,0.0
proj_0488,acct_0488,2026-08-09,False,False,False,False,15.4,403.99,4419.48,23.27,False,,0.0
proj_0489,acct_0489,2026-09-13,True,True,False,True,25.6,399.78,4994.95,41.4,False,,0.0
proj_0490,acct_0490,2026-06-22,True,True,True,False,9.9,253.34,1626.38,0.61,False,,0.0
proj_0491,acct_0491,2026-06-25,True,True,False,False,6.6,416.91,4612.18,47.91,False,,0.0
proj_0492,acct_0492,2026-07-01,True,True,False,False,16.6,167.55,3922.11,41.4,False,,0.0
proj_0493,acct_0493,2026-09-09,True,False,False,True,17.7,165.86,4581.77,79.58,True,2026-09-19,158.22
proj_0494,acct_0494,2026-08-07,True,True,False,True,18.6,93.69,593.05,78.23,False,,0.0
proj_0495,acct_0495,2026-09-03,True,True,True,False,11.8,414.73,1520.12,52.51,False,,0.0
proj_0496,acct_0496,2026-09-14,True,False,False,False,1.7,241.33,2505.27,19.02,False,,0.0
proj_0497,acct_0497,2026-08-31,True,True,False,False,28.2,338.36,672.26,72.46,False,,0.0
proj_0498,acct_0498,2026-06-29,True,False,False,False,3.5,233.44,240.24,52.06,False,,0.0
proj_0499,acct_0499,2026-09-02,True,False,False,True,6.8,143.28,2666.06,77.28,False,,0.0
proj_0500,acct_0500,2026-07-19,True,True,True,False,15.9,103.29,1758.09,31.85,True,2026-09-03,406.9
proj_0501,acct_0501,2026-09-16,True,True,False,False,2.5,14.5,4517.43,5.05,False,,0.0
proj_0502,acct_0502,2026-07-11,True,True,False,False,25.2,349.68,3085.41,31.24,False,,0.0
proj_0503,acct_0503,2026-08-08,False,False,False,True,24.6,459.84,2346.7,45.56,False,,0.0
proj_0504,acct_0504,2026-09-05,True,False,True,False,8.5,181.72,924.93,91.73,False,,0.0
proj_0505,acct_0505,2026-09-19,True,True,False,False,14.4,85.4,3842.03,60.44,True,2026-09-26,217.7
proj_0506,acct_0506,2026-06-25,True,False,False,False,12.6,206.72,3108.17,54.79,False,,0.0
proj_0507,acct_0507,2026-08-06,True,True,False,False,29.4,283.61,1717.58,69.41,False,,0.0
proj_0508,acct_0508,2026-07-30,True,False,False,True,18.3,162.69,497.29,44.52,False,,0.0
proj_0509,acct_0509,2026-08-25,True,True,False,False,12.0,247.15,3304.22,9.05,False,,0.0
proj_0510,acct_0510,2026-08-12,True,False,False,True,18.9,223.58,1036.25,87.74,False,,0.0
proj_0511,acct_0511,2026-09-09,False,False,False,False,29.7,291.36,3061.34,51.04,False,,0.0
proj_0512,acct_0512,2026-07-26,True,False,False,True,17.2,489.35,557.39,28.22,True,2026-08-23,358.56
proj_0513,acct_0513,2026-08-12,True,False,False,False,7.1,86.71,703.95,55.54,False,,0.0
proj_0514,acct_0514,2026-08-01,False,True,False,False,4.9,35.87,88.38,72.13,False,,0.0
proj_0515,acct_0515,2026-07-10,False,True,True,False,25.9,446.79,3480.0,93.03,False,,0.0
proj_0516,acct_0516,2026-07-08,True,True,False,False,6.4,302.29,2893.91,84.68,False,,0.0
proj_0517,acct_0517,2026-09-06,True,True,True,False,17.5,352.44,574.69,48.15,False,,0.0
proj_0518,acct_0518,2026-07-27,True,True,False,False,9.1,258.47,2621.55,61.01,False,,0.0
proj_0519,acct_0519,2026-08-31,True,True,False,False,27.2,267.52,63.81,45.4,False,,0.0
proj_0520,acct_0520,2026-07-10,True,False,False,True,2.0,461.43,3749.63,72.7,False,,0.0
proj_0521,acct_0521,2026-06-26,True,True,False,False,9.5,368.69,146.22,48.48,True,2026-07-01,429.44
proj_0522,acct_0522,2026-08-22,True,False,True,True,22.5,301.91,4551.56,73.9,False,,0.0
proj_0523,acct_0523,2026-09-11,False,True,False,False,24.2,431.01,1720.81,8.44,True,2026-11-10,415.32
proj_0524,acct_0524,2026-07-08,True,True,True,False,22.1,83.64,2893.01,84.18,True,2026-07-25,383.85
proj_0525,acct_0525,2026-07-31,True,True,False,False,28.5,461.23,1175.97,68.35,False,,0.0
proj_0526,acct_0526,2026-08-17,True,False,True,False,14.0,339.25,4809.2,68.29,True,2026-10-15,277.36
proj_0527,acct_0527,2026-07-31,False,True,False,False,10.7,133.54,500.4,65.43,False,,0.0
proj_0528,acct_0528,2026-08-21,True,True,True,False,21.0,89.96,2742.59,67.28,False,,0.0
proj_0529,acct_0529,2026-07-25,True,True,False,False,22.0,125.95,179.87,61.94,True,2026-09-02,336.89
proj_0530,acct_0530,2026-08-08,False,False,False,True,25.8,64.95,3285.41,89.99,False,,0.0
proj_0531,acct_0531,2026-09-03,False,False,True,False,28.1,319.39,4614.25,27.64,False,,0.0
proj_0532,acct_0532,2026-08-21,True,False,True,True,12.3,497.98,1298.61,81.28,False,,0.0
proj_0533,acct_0533,2026-08-10,True,False,False,True,15.3,71.94,3845.85,21.84,False,,0.0
proj_0534,acct_0534,2026-07-27,True,True,True,False,8.3,222.94,4483.6,14.89,False,,0.0
proj_0535,acct_0535,2026-08-14,True,True,False,False,17.7,257.69,4700.16,49.07,False,,0.0
proj_0536,acct_0536,2026-08-27,True,True,False,False,15.0,283.62,4675.86,35.89,False,,0.0
proj_0537,acct_0537,2026-07-07,True,False,False,False,25.7,170.03,4207.5,76.05,False,,0.0
proj_0538,acct_0538,2026-09-01,True,True,True,True,21.2,448.23,3156.78,35.93,True,2026-10-12,233.04
proj_0539,acct_0539,2026-07-04,True,True,False,False,15.2,31.5,2707.35,30.77,False,,0.0
proj_0540,acct_0540,2026-08-21,False,True,True,False,21.9,202.75,1066.27,65.38,False,,0.0
proj_0541,acct_0541,2026-08-03,True,True,True,False,15.2,9.53,4536.82,61.84,False,,0.0
proj_0542,acct_0542,2026-06-30,True,False,False,False,3.8,305.61,4178.41,6.4,False,,0.0
proj_0543,acct_0543,2026-08-16,True,False,True,False,13.4,405.76,4911.14,67.84,False,,0.0
proj_0544,acct_0544,2026-07-02,True,False,True,True,6.0,31.61,1376.73,75.76,False,,0.0
proj_0545,acct_0545,2026-06-28,True,True,False,True,3.9,423.68,3066.08,77.77,True,2026-07-30,63.34
proj_0546,acct_0546,2026-09-12,True,True,False,False,13.1,403.71,3865.09,69.24,False,,0.0
proj_0547,acct_0547,2026-08-03,True,True,False,False,2.1,90.0,2504.44,95.03,False,,0.0
proj_0548,acct_0548,2026-08-12,True,True,True,True,16.4,47.84,1815.89,76.11,False,,0.0
proj_0549,acct_0549,2026-08-10,True,False,True,True,4.3,74.61,4220.47,91.15,False,,0.0
proj_0550,acct_0550,2026-09-03,True,True,False,True,13.6,167.15,4027.72,75.84,True,2026-10-21,49.92
proj_0551,acct_0551,2026-07-16,True,True,False,True,7.8,222.41,2903.01,41.91,False,,0.0
proj_0552,acct_0552,2026-08-08,True,True,True,True,13.0,99.98,4457.91,7.35,False,,0.0
proj_0553,acct_0553,2026-09-11,False,True,False,False,12.2,68.2,3601.91,63.2,False,,0.0
proj_0554,acct_0554,2026-09-05,True,True,False,True,4.2,232.77,2096.94,76.03,False,,0.0
proj_0555,acct_0555,2026-08-05,True,False,False,False,5.9,485.07,4276.47,8.65,False,,0.0
proj_0556,acct_0556,2026-09-11,False,True,False,False,1.4,214.06,4364.27,24.78,False,,0.0
proj_0557,acct_0557,2026-07-06,False,True,True,False,1.1,490.09,209.89,47.07,False,,0.0
proj_0558,acct_0558,2026-09-14,True,True,False,False,3.8,247.64,424.63,75.31,False,,0.0
proj_0559,acct_0559,2026-09-05,False,True,True,False,3.6,239.89,1531.13,70.33,False,,0.0
proj_0560,acct_0560,2026-08-28,False,True,True,False,6.4,435.78,3137.79,70.39,True,2026-10-08,58.58
proj_0561,acct_0561,2026-08-02,True,True,False,False,18.8,287.61,1043.66,68.47,False,,0.0
proj_0562,acct_0562,2026-06-24,True,True,False,False,26.8,55.48,1834.3,61.91,False,,0.0
proj_0563,acct_0563,2026-08-30,True,False,False,False,5.0,167.46,2702.77,64.9,False,,0.0
proj_0564,acct_0564,2026-08-13,True,False,True,False,15.6,211.46,281.76,37.28,False,,0.0
proj_0565,acct_0565,2026-07-17,True,True,False,False,14.1,184.07,3369.8,69.32,False,,0.0
proj_0566,acct_0566,2026-07-10,True,False,True,False,6.2,479.13,393.97,16.48,True,2026-07-20,260.76
proj_0567,acct_0567,2026-08-30,True,False,True,False,16.7,66.01,1740.03,44.39,False,,0.0
proj_0568,acct_0568,2026-08-30,True,True,False,False,16.1,167.94,2897.74,65.58,False,,0.0
proj_0569,acct_0569,2026-08-20,True,False,False,False,9.8,65.98,3948.85,17.17,False,,0.0
proj_0570,acct_0570,2026-09-16,True,True,False,True,9.2,478.11,3096.96,16.08,False,,0.0
proj_0571,acct_0571,2026-08-16,False,False,False,False,5.5,118.95,215.35,31.66,True,2026-09-02,200.59
proj_0572,acct_0572,2026-08-16,True,True,True,False,11.8,269.93,821.36,30.16,False,,0.0
proj_0573,acct_0573,2026-09-10,False,False,False,False,5.5,485.08,2735.27,50.74,False,,0.0
proj_0574,acct_0574,2026-07-18,True,True,False,False,17.6,73.54,2830.51,90.69,False,,0.0
proj_0575,acct_0575,2026-09-03,True,False,True,False,9.9,200.81,4205.98,44.6,True,2026-09-07,313.87
proj_0576,acct_0576,2026-07-28,True,True,False,True,1.7,269.21,2232.84,67.16,True,2026-08-30,212.35
proj_0577,acct_0577,2026-07-12,True,False,False,False,11.5,73.97,4270.48,36.96,False,,0.0
proj_0578,acct_0578,2026-09-19,True,True,False,False,7.3,443.9,3710.22,41.56,False,,0.0
proj_0579,acct_0579,2026-07-21,False,False,False,False,5.0,293.59,439.53,20.78,False,,0.0
proj_0580,acct_0580,2026-09-11,True,False,False,True,12.9,457.21,2078.42,55.58,False,,0.0
proj_0581,acct_0581,2026-08-10,True,False,True,False,24.9,151.0,2930.19,49.41,False,,0.0
proj_0582,acct_0582,2026-08-18,True,True,True,False,25.2,236.27,3272.53,89.27,False,,0.0
proj_0583,acct_0583,2026-08-22,False,False,True,False,15.3,485.31,2998.47,36.18,False,,0.0
proj_0584,acct_0584,2026-07-21,False,False,False,False,4.5,256.26,2880.57,84.53,False,,0.0
proj_0585,acct_0585,2026-07-24,True,True,False,False,2.5,180.58,3184.87,95.52,True,2026-08-12,276.57
proj_0586,acct_0586,2026-08-01,True,False,True,True,22.8,271.86,4363.49,82.68,False,,0.0
proj_0587,acct_0587,2026-06-24,True,False,True,False,11.2,71.86,693.38,28.14,False,,0.0
proj_0588,acct_0588,2026-08-17,True,False,True,True,7.4,94.21,4486.31,61.34,False,,0.0
proj_0589,acct_0589,2026-07-09,True,False,True,True,1.5,174.1,3458.34,13.9,False,,0.0
proj_0590,acct_0590,2026-07-03,True,True,False,True,4.7,347.12,3443.36,30.74,False,,0.0
proj_0591,acct_0591,2026-09-16,True,False,True,True,15.0,215.62,989.79,3.28,False,,0.0
proj_0592,acct_0592,2026-06-18,True,False,True,False,1.3,48.25,627.73,60.18,False,,0.0
proj_0593,acct_0593,2026-08-26,True,True,True,False,28.3,474.4,1745.7,16.06,False,,0.0
proj_0594,acct_0594,2026-07-06,True,True,False,False,16.3,357.91,4821.68,17.18,False,,0.0
proj_0595,acct_0595,2026-08-06,False,True,True,False,21.5,183.23,2951.01,43.97,False,,0.0
proj_0596,acct_0596,2026-07-28,False,False,False,False,12.8,380.7,1578.26,46.59,False,,0.0
proj_0597,acct_0597,2026-09-15,True,False,False,True,10.5,57.86,1425.22,60.04,False,,0.0
proj_0598,acct_0598,2026-09-11,True,True,False,False,25.8,447.38,4014.16,93.91,False,,0.0
proj_0599,acct_0599,2026-09-06,False,True,True,False,20.1,42.5,725.4,40.06,False,,0.0
proj_0600,acct_0600,2026-07-16,True,False,True,False,6.8,100.13,4221.71,40.43,False,,0.0
proj_0601,acct_0601,2026-09-07,True,True,False,False,8.9,394.75,3222.72,40.02,False,,0.0
proj_0602,acct_0602,2026-07-11,False,True,True,False,4.5,244.67,1161.8,94.24,True,2026-08-28,50.1
proj_0603,acct_0603,2026-08-28,True,True,True,False,10.5,151.38,3119.93,76.02,False,,0.0
proj_0604,acct_0604,2026-09-21,True,True,False,False,8.6,171.81,4299.76,54.66,False,,0.0
proj_0605,acct_0605,2026-08-07,False,False,True,False,25.7,221.28,189.55,17.69,False,,0.0
proj_0606,acct_0606,2026-08-24,False,True,False,False,12.3,382.01,2848.59,49.06,False,,0.0
proj_0607,acct_0607,2026-08-31,True,False,False,False,15.3,485.44,3088.53,35.28,False,,0.0
proj_0608,acct_0608,2026-08-11,True,True,True,False,24.5,291.98,3828.32,62.52,False,,0.0
proj_0609,acct_0609,2026-08-23,True,True,True,False,8.2,324.04,2966.73,91.04,True,2026-09-12,79.37
proj_0610,acct_0610,2026-07-23,True,True,False,False,17.5,450.7,1340.43,69.6,False,,0.0
proj_0611,acct_0611,2026-08-26,True,True,False,False,3.9,337.56,1686.48,50.28,False,,0.0
proj_0612,acct_0612,2026-09-20,True,True,False,True,19.4,487.05,385.85,85.03,False,,0.0
proj_0613,acct_0613,2026-07-27,True,False,False,True,22.5,45.98,4222.49,9.47,False,,0.0
proj_0614,acct_0614,2026-07-08,True,True,False,False,3.2,411.87,2528.15,29.99,False,,0.0
proj_0615,acct_0615,2026-08-01,True,True,False,False,23.1,90.3,102.83,70.33,False,,0.0
proj_0616,acct_0616,2026-08-19,True,False,False,False,28.2,266.36,3075.97,76.91,False,,0.0
proj_0617,acct_0617,2026-07-27,True,True,True,True,20.9,150.14,2182.59,31.87,False,,0.0
proj_0618,acct_0618,2026-09-16,True,False,True,True,5.7,343.43,1188.29,23.85,True,2026-09-18,141.65
proj_0619,acct_0619,2026-08-27,True,True,False,False,2.1,79.68,690.79,25.84,False,,0.0
proj_0620,acct_0620,2026-07-24,True,True,False,False,2.6,448.25,1576.38,29.8,True,2026-08-20,450.97
proj_0621,acct_0621,2026-07-23,True,False,False,True,17.6,250.12,612.01,66.42,False,,0.0
proj_0622,acct_0622,2026-08-24,True,True,False,False,10.1,416.17,3688.81,80.58,False,,0.0
proj_0623,acct_0623,2026-09-04,True,True,True,True,12.8,431.45,289.07,53.35,False,,0.0
proj_0624,acct_0624,2026-08-31,True,True,False,False,26.5,468.49,1821.36,71.57,False,,0.0
proj_0625,acct_0625,2026-06-23,True,False,True,False,24.2,27.34,4588.11,67.16,False,,0.0
proj_0626,acct_0626,2026-08-12,True,False,True,False,4.5,433.48,4289.66,38.85,False,,0.0
proj_0627,acct_0627,2026-09-02,False,False,True,False,22.9,148.71,4298.49,16.02,False,,0.0
proj_0628,acct_0628,2026-08-02,False,False,False,True,26.1,411.6,4703.07,47.11,False,,0.0
proj_0629,acct_0629,2026-08-26,True,False,False,False,21.3,253.17,1765.76,60.21,False,,0.0
proj_0630,acct_0630,2026-08-13,True,True,True,False,19.3,395.51,689.1,40.07,False,,0.0
proj_0631,acct_0631,2026-08-03,True,True,True,False,23.3,324.59,659.16,59.4,False,,0.0
proj_0632,acct_0632,2026-07-18,True,False,True,True,18.2,163.79,1416.17,8.44,False,,0.0
proj_0633,acct_0633,2026-08-22,False,False,False,True,28.5,461.56,3239.06,62.66,False,,0.0
proj_0634,acct_0634,2026-09-02,True,False,True,False,13.4,130.08,454.42,36.79,False,,0.0
proj_0635,acct_0635,2026-06-22,True,True,False,False,25.0,247.07,1130.17,20.31,False,,0.0
proj_0636,acct_0636,2026-08-03,True,True,True,False,18.4,497.6,1422.01,67.72,False,,0.0
proj_0637,acct_0637,2026-07-07,True,True,False,True,14.1,124.16,2918.69,64.72,True,2026-08-07,88.27
proj_0638,acct_0638,2026-08-24,False,True,True,False,13.3,298.6,374.55,55.7,True,2026-10-23,136.55
proj_0639,acct_0639,2026-06-28,False,False,False,False,22.7,22.76,1275.75,61.97,False,,0.0
proj_0640,acct_0640,2026-08-21,True,True,False,True,6.2,84.93,2469.27,33.92,False,,0.0
proj_0641,acct_0641,2026-09-08,True,True,True,True,2.3,63.94,4359.68,83.48,False,,0.0
proj_0642,acct_0642,2026-08-18,True,False,False,False,8.6,156.51,4464.43,31.55,False,,0.0
proj_0643,acct_0643,2026-08-09,True,False,False,False,6.5,27.28,923.88,47.02,False,,0.0
proj_0644,acct_0644,2026-07-04,True,False,False,True,11.3,354.51,2431.15,49.3,False,,0.0
proj_0645,acct_0645,2026-07-09,True,True,False,True,5.9,254.37,1371.23,89.09,False,,0.0
proj_0646,acct_0646,2026-08-09,True,True,False,True,23.3,338.45,4437.96,2.6,False,,0.0
proj_0647,acct_0647,2026-08-15,True,True,False,False,5.5,40.53,4155.19,65.95,False,,0.0
proj_0648,acct_0648,2026-07-03,True,True,False,False,28.6,162.46,3660.41,73.43,False,,0.0
proj_0649,acct_0649,2026-07-17,True,True,False,False,2.6,35.36,4759.98,38.14,False,,0.0
proj_0650,acct_0650,2026-08-04,True,False,True,True,7.0,194.25,2017.96,64.72,False,,0.0
proj_0651,acct_0651,2026-07-23,True,True,False,False,10.0,342.48,665.12,66.55,False,,0.0
proj_0652,acct_0652,2026-08-31,True,False,False,False,13.3,378.25,4056.86,61.39,False,,0.0
proj_0653,acct_0653,2026-07-11,True,True,False,False,19.8,356.82,4654.03,52.73,False,,0.0
proj_0654,acct_0654,2026-07-05,True,True,False,False,5.3,63.89,4515.49,84.15,False,,0.0
proj_0655,acct_0655,2026-09-04,True,True,False,False,15.8,206.51,2328.64,72.03,False,,0.0
proj_0656,acct_0656,2026-06-25,True,True,False,True,20.2,89.78,919.22,39.3,True,2026-08-21,359.58
proj_0657,acct_0657,2026-07-09,True,True,False,False,8.7,483.36,4358.01,18.72,False,,0.0
proj_0658,acct_0658,2026-06-28,False,True,False,True,4.4,85.87,2390.83,69.18,False,,0.0
proj_0659,acct_0659,2026-08-27,True,False,False,False,28.9,337.55,4025.16,8.76,True,2026-09-09,78.16
proj_0660,acct_0660,2026-08-02,True,True,True,False,5.2,120.89,4212.03,85.82,False,,0.0
proj_0661,acct_0661,2026-07-08,True,True,False,True,5.8,76.21,3515.96,96.39,False,,0.0
proj_0662,acct_0662,2026-09-15,True,True,False,False,2.5,3.94,3155.75,71.31,False,,0.0
proj_0663,acct_0663,2026-07-02,True,True,False,True,15.1,243.05,2959.29,61.15,False,,0.0
proj_0664,acct_0664,2026-07-20,True,True,True,False,17.0,133.92,3245.02,88.91,True,2026-08-29,471.01
proj_0665,acct_0665,2026-08-10,True,True,True,False,14.6,219.06,2543.1,58.77,False,,0.0
proj_0666,acct_0666,2026-08-08,True,True,False,False,25.2,336.55,3675.58,79.6,False,,0.0
proj_0667,acct_0667,2026-07-13,True,True,False,False,4.7,99.74,3032.69,10.09,False,,0.0
proj_0668,acct_0668,2026-07-30,True,True,True,True,26.5,178.52,801.44,82.79,False,,0.0
proj_0669,acct_0669,2026-07-08,False,True,True,True,17.3,243.18,4968.38,78.49,False,,0.0
proj_0670,acct_0670,2026-08-29,False,False,False,False,4.0,25.21,4731.88,79.9,False,,0.0
proj_0671,acct_0671,2026-08-03,False,False,False,False,4.0,281.24,2541.46,16.7,True,2026-08-17,457.72
proj_0672,acct_0672,2026-09-17,True,False,False,False,26.2,77.15,1825.05,81.92,True,2026-09-30,233.58
proj_0673,acct_0673,2026-09-04,True,True,False,False,9.3,85.63,1337.42,71.52,False,,0.0
proj_0674,acct_0674,2026-08-23,True,False,False,True,24.3,206.7,2052.45,45.88,False,,0.0
proj_0675,acct_0675,2026-07-04,False,True,False,False,16.0,34.79,1698.14,40.17,False,,0.0
proj_0676,acct_0676,2026-08-30,True,False,False,False,27.2,28.9,3161.72,71.34,False,,0.0
proj_0677,acct_0677,2026-07-08,True,False,False,False,21.9,156.85,1727.35,82.7,False,,0.0
proj_0678,acct_0678,2026-06-27,True,True,True,False,23.9,326.02,3490.38,88.77,False,,0.0
proj_0679,acct_0679,2026-07-08,True,False,True,False,12.3,359.44,4400.58,52.05,False,,0.0
proj_0680,acct_0680,2026-09-13,True,True,False,False,5.6,13.95,3985.03,59.25,False,,0.0
proj_0681,acct_0681,2026-08-02,True,False,True,True,11.8,313.49,1778.82,4.77,False,,0.0
proj_0682,acct_0682,2026-09-08,True,True,True,False,7.8,372.88,2912.15,71.46,False,,0.0
proj_0683,acct_0683,2026-07-19,True,True,False,False,20.5,357.18,2603.14,24.76,False,,0.0
proj_0684,acct_0684,2026-07-07,False,True,True,False,25.0,40.97,320.35,88.85,False,,0.0
proj_0685,acct_0685,2026-09-05,True,False,False,False,23.6,436.01,2925.68,63.65,False,,0.0
proj_0686,acct_0686,2026-09-14,True,True,True,False,15.1,228.86,4840.48,51.32,False,,0.0
proj_0687,acct_0687,2026-08-02,True,True,True,False,27.7,59.38,4263.07,11.03,False,,0.0
proj_0688,acct_0688,2026-07-13,True,True,True,False,9.8,242.96,3958.11,14.21,False,,0.0
proj_0689,acct_0689,2026-07-14,False,True,True,True,22.5,1.04,2742.21,6.76,True,2026-08-14,297.2
proj_0690,acct_0690,2026-06-25,False,False,False,False,18.6,380.98,2528.77,46.09,False,,0.0
proj_0691,acct_0691,2026-07-16,True,False,True,False,19.1,193.62,4502.22,33.9,True,2026-08-28,447.77
proj_0692,acct_0692,2026-08-30,True,False,False,False,24.1,353.7,2809.61,12.38,False,,0.0
proj_0693,acct_0693,2026-07-11,False,True,False,False,16.1,375.28,2518.17,1.87,False,,0.0
proj_0694,acct_0694,2026-07-27,False,True,True,False,25.3,289.78,432.39,53.35,False,,0.0
proj_0695,acct_0695,2026-06-27,True,False,True,True,1.7,263.95,1916.23,9.1,False,,0.0
proj_0696,acct_0696,2026-06-29,True,True,False,True,28.6,339.3,303.98,96.11,False,,0.0
proj_0697,acct_0697,2026-06-21,True,True,True,False,8.5,470.79,4498.51,5.19,False,,0.0
proj_0698,acct_0698,2026-07-11,True,False,True,True,2.8,232.41,2041.31,48.42,False,,0.0
proj_0699,acct_0699,2026-08-12,False,True,False,False,3.9,381.49,3261.24,12.56,False,,0.0
proj_0700,acct_0700,2026-08-02,True,False,True,False,11.8,492.65,3912.3,53.75,False,,0.0
proj_0701,acct_0701,2026-07-14,True,False,False,False,19.9,83.69,310.27,92.18,False,,0.0
proj_0702,acct_0702,2026-07-29,False,True,True,False,18.0,255.16,236.97,73.92,False,,0.0
proj_0703,acct_0703,2026-07-18,True,False,False,False,30.0,439.14,1062.14,50.48,False,,0.0
proj_0704,acct_0704,2026-07-07,True,False,False,True,20.2,160.82,1061.01,95.9,False,,0.0
proj_0705,acct_0705,2026-07-01,True,True,False,False,20.5,206.58,4477.39,70.33,False,,0.0
proj_0706,acct_0706,2026-08-05,True,False,True,True,25.1,335.81,3364.51,35.3,False,,0.0
proj_0707,acct_0707,2026-08-21,True,False,False,False,4.6,185.24,973.02,0.94,False,,0.0
proj_0708,acct_0708,2026-07-11,True,False,True,False,19.1,404.21,1113.53,98.01,False,,0.0
proj_0709,acct_0709,2026-09-01,True,False,False,True,6.7,410.56,1986.47,86.99,False,,0.0
proj_0710,acct_0710,2026-08-30,True,True,False,False,18.5,87.76,2944.94,74.6,True,2026-10-29,295.7
proj_0711,acct_0711,2026-09-02,False,False,True,False,1.7,484.91,3391.89,61.45,False,,0.0
proj_0712,acct_0712,2026-06-29,True,True,False,False,25.8,161.5,4223.26,40.69,True,2026-08-02,246.63
proj_0713,acct_0713,2026-07-08,True,True,False,True,27.6,266.21,1588.05,39.19,False,,0.0
proj_0714,acct_0714,2026-07-15,False,True,False,False,27.6,98.44,1652.83,6.28,False,,0.0
proj_0715,acct_0715,2026-09-13,True,False,False,False,10.7,125.2,548.12,23.84,False,,0.0
proj_0716,acct_0716,2026-09-02,False,True,True,True,18.4,219.26,487.4,44.65,True,2026-09-06,460.44
proj_0717,acct_0717,2026-07-05,True,False,True,True,27.7,220.96,1514.34,62.62,True,2026-08-18,51.5
proj_0718,acct_0718,2026-07-23,True,True,True,False,7.8,299.79,3302.02,1.06,False,,0.0
proj_0719,acct_0719,2026-09-21,False,False,True,False,23.7,227.04,1647.69,19.25,True,2026-10-30,363.82
proj_0720,acct_0720,2026-07-05,False,True,False,False,15.0,310.43,937.76,13.77,True,2026-07-14,173.04
proj_0721,acct_0721,2026-07-07,True,False,True,False,16.7,72.81,2352.92,60.33,False,,0.0
proj_0722,acct_0722,2026-08-09,True,False,True,True,24.8,279.72,282.49,34.38,False,,0.0
proj_0723,acct_0723,2026-06-25,True,True,False,False,29.5,299.88,1662.42,57.84,False,,0.0
proj_0724,acct_0724,2026-06-26,True,True,False,False,2.2,109.7,28.45,22.3,False,,0.0
proj_0725,acct_0725,2026-08-20,True,False,False,False,22.5,102.66,929.38,98.99,False,,0.0
proj_0726,acct_0726,2026-07-28,True,True,True,False,19.3,456.35,1805.95,97.53,False,,0.0
proj_0727,acct_0727,2026-07-21,True,False,False,False,17.1,89.27,117.25,84.29,False,,0.0
proj_0728,acct_0728,2026-07-29,False,True,False,False,10.8,105.12,2286.46,36.96,False,,0.0
proj_0729,acct_0729,2026-07-14,False,False,False,False,26.5,32.69,730.72,92.42,False,,0.0
proj_0730,acct_0730,2026-08-22,True,False,True,False,19.4,460.51,3817.78,58.73,False,,0.0
proj_0731,acct_0731,2026-06-30,True,True,True,False,26.3,425.75,4842.24,88.58,False,,0.0
proj_0732,acct_0732,2026-07-11,True,False,False,True,12.3,441.21,3758.17,37.43,False,,0.0
proj_0733,acct_0733,2026-06-24,True,True,False,False,15.3,134.17,2010.72,92.12,False,,0.0
proj_0734,acct_0734,2026-07-23,True,False,False,True,7.3,212.51,1891.64,15.72,False,,0.0
proj_0735,acct_0735,2026-09-17,True,True,True,False,11.2,291.98,2331.61,62.11,False,,0.0
proj_0736,acct_0736,2026-07-17,True,True,False,True,1.7,220.84,1335.47,7.59,False,,0.0
proj_0737,acct_0737,2026-07-12,False,True,False,False,27.9,49.2,366.03,3.83,False,,0.0
proj_0738,acct_0738,2026-06-27,True,True,False,False,25.5,95.32,3024.13,13.79,False,,0.0
proj_0739,acct_0739,2026-07-20,True,True,False,False,12.7,202.88,2903.97,65.53,False,,0.0
proj_0740,acct_0740,2026-08-24,False,True,False,True,7.8,293.5,2767.55,46.87,False,,0.0
proj_0741,acct_0741,2026-09-13,True,True,True,False,21.2,104.79,2255.36,55.84,False,,0.0
proj_0742,acct_0742,2026-07-22,True,False,False,False,11.3,112.75,2134.34,75.26,False,,0.0
proj_0743,acct_0743,2026-08-15,True,True,False,False,5.5,476.32,1657.95,62.98,False,,0.0
proj_0744,acct_0744,2026-08-22,False,True,True,False,6.5,54.32,2851.88,45.15,False,,0.0
proj_0745,acct_0745,2026-09-01,True,False,True,False,18.5,13.42,1003.0,91.13,False,,0.0
proj_0746,acct_0746,2026-08-31,True,False,True,True,16.0,85.91,4299.94,41.09,False,,0.0
proj_0747,acct_0747,2026-08-19,True,True,False,False,27.2,103.24,4353.54,30.98,False,,0.0
proj_0748,acct_0748,2026-07-30,True,True,True,True,21.8,229.48,1016.5,99.11,False,,0.0
proj_0749,acct_0749,2026-07-01,True,True,True,False,15.2,231.35,205.03,9.11,False,,0.0
proj_0750,acct_0750,2026-06-28,True,False,False,False,24.9,424.92,2081.11,17.96,False,,0.0
proj_0751,acct_0751,2026-08-14,True,False,True,False,12.4,472.84,1206.08,87.05,False,,0.0
proj_0752,acct_0752,2026-08-04,True,True,False,False,27.4,205.64,3811.69,12.12,False,,0.0
proj_0753,acct_0753,2026-09-12,True,False,False,True,7.0,22.32,143.32,63.89,False,,0.0
proj_0754,acct_0754,2026-09-17,True,False,False,False,1.3,57.34,4586.51,32.71,False,,0.0
proj_0755,acct_0755,2026-07-11,True,True,False,False,13.7,235.39,1402.92,16.14,False,,0.0
proj_0756,acct_0756,2026-09-14,True,True,False,True,20.5,5.61,1373.53,44.07,False,,0.0
proj_0757,acct_0757,2026-07-27,False,True,False,True,19.4,261.44,3316.07,66.0,True,2026-09-10,171.45
proj_0758,acct_0758,2026-08-16,True,True,True,True,8.2,454.38,1007.93,1.6,True,2026-08-17,185.13
proj_0759,acct_0759,2026-08-20,True,True,False,True,25.2,332.05,3622.82,4.4,False,,0.0
proj_0760,acct_0760,2026-08-29,True,False,False,False,12.5,213.94,1169.72,10.59,False,,0.0
proj_0761,acct_0761,2026-07-05,True,True,True,False,2.9,407.54,3253.23,36.9,True,2026-07-19,220.27
proj_0762,acct_0762,2026-07-13,False,True,False,False,25.7,85.73,4795.58,59.99,False,,0.0
proj_0763,acct_0763,2026-08-05,True,False,False,False,19.4,441.98,1596.66,85.16,False,,0.0
proj_0764,acct_0764,2026-08-19,True,False,False,False,22.5,251.71,3526.1,1.33,True,2026-10-07,450.97
proj_0765,acct_0765,2026-09-03,True,True,True,True,5.0,249.36,1018.04,37.57,False,,0.0
proj_0766,acct_0766,2026-07-07,False,True,False,False,10.5,139.06,3221.57,76.05,False,,0.0
proj_0767,acct_0767,2026-08-17,True,True,True,False,10.6,121.12,2701.17,90.66,False,,0.0
proj_0768,acct_0768,2026-08-07,False,False,True,False,16.1,91.77,3152.61,6.46,False,,0.0
proj_0769,acct_0769,2026-06-23,True,False,False,True,6.0,274.42,3978.21,20.44,False,,0.0
proj_0770,acct_0770,2026-08-02,True,True,False,True,6.1,124.48,1433.91,44.83,False,,0.0
proj_0771,acct_0771,2026-07-13,False,True,False,False,12.0,235.36,2119.26,60.94,False,,0.0
proj_0772,acct_0772,2026-08-17,False,False,True,False,25.8,379.43,4608.45,59.52,False,,0.0
proj_0773,acct_0773,2026-09-15,True,True,False,False,18.6,35.97,691.92,46.93,False,,0.0
proj_0774,acct_0774,2026-08-05,True,False,False,False,12.7,207.91,1979.3,74.22,False,,0.0
proj_0775,acct_0775,2026-06-24,True,True,False,True,27.7,192.41,2832.39,19.42,False,,0.0
proj_0776,acct_0776,2026-07-19,True,False,True,False,19.4,184.09,297.95,38.53,False,,0.0
proj_0777,acct_0777,2026-08-06,True,True,False,False,20.6,348.74,3230.21,26.13,False,,0.0
proj_0778,acct_0778,2026-08-27,True,False,False,False,1.4,385.49,3225.54,91.69,False,,0.0
proj_0779,acct_0779,2026-09-11,True,True,False,False,8.3,151.11,4838.74,65.85,False,,0.0
proj_0780,acct_0780,2026-08-14,True,False,False,False,4.2,286.31,3989.69,81.42,False,,0.0
proj_0781,acct_0781,2026-08-20,False,True,True,False,24.7,0.79,358.51,69.63,False,,0.0
proj_0782,acct_0782,2026-07-30,True,True,True,False,6.7,90.99,4742.93,45.07,False,,0.0
proj_0783,acct_0783,2026-09-07,True,False,False,True,29.5,435.81,2209.24,91.3,True,2026-10-18,103.91
proj_0784,acct_0784,2026-08-26,True,True,True,True,7.8,242.6,3805.06,0.95,False,,0.0
proj_0785,acct_0785,2026-08-20,True,False,True,True,24.0,187.83,2605.17,96.21,False,,0.0
proj_0786,acct_0786,2026-08-30,True,True,False,False,26.8,499.72,4086.07,94.1,False,,0.0
proj_0787,acct_0787,2026-07-14,True,False,False,False,1.1,435.27,2015.02,83.54,False,,0.0
proj_0788,acct_0788,2026-09-14,True,False,True,False,24.6,184.21,3095.57,65.89,False,,0.0
proj_0789,acct_0789,2026-09-17,True,True,False,False,10.3,316.89,4368.44,96.96,False,,0.0
proj_0790,acct_0790,2026-07-14,True,True,False,False,11.1,469.54,4707.97,47.61,False,,0.0
proj_0791,acct_0791,2026-07-21,True,True,True,True,16.1,285.95,4285.45,50.46,True,2026-09-10,66.37
proj_0792,acct_0792,2026-07-28,True,True,True,False,8.0,105.82,3768.73,65.97,True,2026-08-25,496.85
proj_0793,acct_0793,2026-06-23,True,False,False,False,7.4,128.81,2386.75,89.75,True,2026-07-02,463.3
proj_0794,acct_0794,2026-08-18,True,False,False,False,23.2,300.34,3223.49,37.7,False,,0.0
proj_0795,acct_0795,2026-06-25,True,False,False,False,7.8,129.55,1461.97,11.14,False,,0.0
proj_0796,acct_0796,2026-09-08,True,True,True,False,28.7,288.46,18.38,6.19,False,,0.0
proj_0797,acct_0797,2026-07-17,False,True,True,False,24.1,259.88,3012.07,22.21,False,,0.0
proj_0798,acct_0798,2026-07-29,True,False,True,True,20.7,73.71,1424.13,74.71,False,,0.0
proj_0799,acct_0799,2026-07-02,True,True,False,True,29.9,353.26,2396.63,82.87,False,,0.0
proj_0800,acct_0800,2026-07-07,True,False,True,False,25.6,467.22,1133.11,73.57,False,,0.0
proj_0801,acct_0801,2026-07-13,False,False,True,False,27.5,79.6,117.61,39.23,False,,0.0
proj_0802,acct_0802,2026-09-20,False,False,True,False,9.2,348.19,983.51,85.63,False,,0.0
proj_0803,acct_0803,2026-08-11,True,False,False,True,28.1,152.04,3276.62,57.72,False,,0.0
proj_0804,acct_0804,2026-06-26,True,True,True,False,22.3,4.57,3632.53,57.57,False,,0.0
proj_0805,acct_0805,2026-09-13,True,False,False,True,2.6,177.79,2374.64,94.51,True,2026-10-16,333.8
proj_0806,acct_0806,2026-08-18,False,False,False,True,8.0,244.31,3443.04,95.46,False,,0.0
proj_0807,acct_0807,2026-07-13,True,False,False,True,14.4,409.1,1916.68,63.23,False,,0.0
proj_0808,acct_0808,2026-08-21,True,True,False,False,15.8,11.51,2869.18,57.26,False,,0.0
proj_0809,acct_0809,2026-08-20,True,True,False,False,13.6,285.71,506.21,6.35,False,,0.0
proj_0810,acct_0810,2026-06-26,True,False,True,False,23.7,265.04,329.02,83.71,False,,0.0
proj_0811,acct_0811,2026-08-09,True,True,False,True,26.0,347.61,36.57,44.72,False,,0.0
proj_0812,acct_0812,2026-06-29,True,True,True,False,25.7,17.5,4899.84,50.61,False,,0.0
proj_0813,acct_0813,2026-09-11,True,False,True,False,28.4,259.72,3916.18,65.92,False,,0.0
proj_0814,acct_0814,2026-09-04,True,True,False,False,16.6,104.92,504.06,81.98,False,,0.0
proj_0815,acct_0815,2026-08-25,True,False,True,True,17.0,295.89,1394.2,72.91,False,,0.0
proj_0816,acct_0816,2026-08-04,True,False,True,False,28.4,338.26,4701.59,14.32,False,,0.0
proj_0817,acct_0817,2026-08-03,False,False,True,False,20.1,410.25,3028.67,41.97,False,,0.0
proj_0818,acct_0818,2026-08-20,True,False,True,True,16.4,341.99,2039.84,32.94,True,2026-10-18,183.42
proj_0819,acct_0819,2026-06-22,True,False,True,True,29.4,111.11,4759.4,78.27,True,2026-07-26,370.96
proj_0820,acct_0820,2026-08-31,True,False,True,False,17.6,141.0,1362.56,9.91,True,2026-09-21,474.59
proj_0821,acct_0821,2026-07-15,True,False,False,False,17.0,441.01,2019.23,59.23,False,,0.0
proj_0822,acct_0822,2026-07-03,True,True,False,True,27.6,319.6,1857.05,77.75,False,,0.0
proj_0823,acct_0823,2026-08-13,True,True,False,False,15.6,137.91,2144.55,94.17,False,,0.0
proj_0824,acct_0824,2026-08-03,True,False,False,False,10.1,45.07,406.58,73.0,False,,0.0
proj_0825,acct_0825,2026-08-16,True,True,True,False,24.4,5.35,4742.5,67.7,False,,0.0
proj_0826,acct_0826,2026-08-22,True,True,False,False,21.2,202.74,3085.27,91.09,False,,0.0
proj_0827,acct_0827,2026-09-06,True,False,True,False,28.6,411.68,4402.86,52.81,False,,0.0
proj_0828,acct_0828,2026-09-21,False,False,False,False,7.5,37.56,4198.65,51.37,False,,0.0
proj_0829,acct_0829,2026-07-07,True,True,False,False,20.7,415.86,4255.38,85.78,False,,0.0
proj_0830,acct_0830,2026-08-28,True,True,False,False,7.3,152.41,4666.23,64.3,False,,0.0
proj_0831,acct_0831,2026-07-23,False,False,False,True,1.2,230.18,1498.77,10.72,False,,0.0
proj_0832,acct_0832,2026-07-07,True,True,False,True,16.3,449.25,2059.49,91.31,True,2026-08-26,336.9
proj_0833,acct_0833,2026-09-18,True,True,True,False,16.6,134.74,4946.95,65.63,False,,0.0
proj_0834,acct_0834,2026-07-15,True,True,True,False,6.8,94.78,210.88,39.45,False,,0.0
proj_0835,acct_0835,2026-09-12,True,True,False,False,8.7,210.55,2755.12,79.98,False,,0.0
proj_0836,acct_0836,2026-07-07,True,False,True,False,22.5,412.82,665.77,95.77,False,,0.0
proj_0837,acct_0837,2026-09-14,True,True,False,True,20.7,171.07,4882.43,73.74,False,,0.0
proj_0838,acct_0838,2026-06-23,True,True,False,False,22.1,93.43,1412.88,11.5,False,,0.0
proj_0839,acct_0839,2026-06-27,True,True,False,False,4.0,365.23,3059.39,18.87,False,,0.0
proj_0840,acct_0840,2026-07-26,True,True,True,False,27.9,213.15,3086.17,9.09,True,2026-08-22,274.36
proj_0841,acct_0841,2026-07-17,True,True,True,False,2.5,55.03,1824.24,94.3,False,,0.0
proj_0842,acct_0842,2026-07-04,True,True,True,True,22.6,105.99,2365.57,90.85,True,2026-07-16,144.82
proj_0843,acct_0843,2026-07-25,True,True,True,True,17.0,430.99,1662.75,74.13,False,,0.0
proj_0844,acct_0844,2026-08-10,True,True,False,True,4.1,314.78,3013.16,4.1,False,,0.0
proj_0845,acct_0845,2026-08-30,True,True,True,False,19.0,150.74,2376.25,76.1,False,,0.0
proj_0846,acct_0846,2026-09-07,True,True,False,True,26.4,426.72,4535.01,97.51,False,,0.0
proj_0847,acct_0847,2026-09-08,True,True,False,False,16.2,476.22,3956.52,16.69,False,,0.0
proj_0848,acct_0848,2026-07-27,True,False,True,False,6.5,407.27,2480.18,53.25,False,,0.0
proj_0849,acct_0849,2026-07-12,True,False,True,False,12.6,135.75,928.49,16.0,False,,0.0
proj_0850,acct_0850,2026-08-11,False,False,False,False,16.2,151.71,1109.48,70.83,False,,0.0
proj_0851,acct_0851,2026-09-02,True,True,True,False,28.3,138.88,673.53,87.34,True,2026-09-18,495.03
proj_0852,acct_0852,2026-06-26,True,True,True,False,11.7,41.62,3530.25,54.93,False,,0.0
proj_0853,acct_0853,2026-08-25,False,True,False,False,1.3,177.74,3655.08,27.97,False,,0.0
proj_0854,acct_0854,2026-08-24,True,False,False,False,4.1,372.88,1916.09,65.38,False,,0.0
proj_0855,acct_0855,2026-08-13,False,True,True,False,24.4,376.45,786.65,23.17,False,,0.0
proj_0856,acct_0856,2026-07-21,True,True,False,False,24.7,88.06,2852.59,94.34,False,,0.0
proj_0857,acct_0857,2026-07-19,True,True,True,False,18.6,34.73,369.52,24.53,False,,0.0
proj_0858,acct_0858,2026-07-08,True,True,False,False,18.5,188.94,113.37,82.66,False,,0.0
proj_0859,acct_0859,2026-06-23,True,False,True,False,18.4,396.2,56.89,79.17,False,,0.0
proj_0860,acct_0860,2026-08-11,False,True,True,False,26.9,407.73,1543.85,47.89,False,,0.0
proj_0861,acct_0861,2026-08-27,True,True,False,True,9.6,255.77,4184.05,14.18,False,,0.0
proj_0862,acct_0862,2026-08-19,True,True,True,True,27.7,342.21,3436.96,71.49,False,,0.0
proj_0863,acct_0863,2026-08-05,True,True,True,False,11.4,307.85,600.57,92.33,False,,0.0
proj_0864,acct_0864,2026-08-25,True,True,False,False,20.7,75.11,3339.69,30.16,False,,0.0
proj_0865,acct_0865,2026-09-16,False,True,False,False,8.7,453.49,3995.43,78.89,False,,0.0
proj_0866,acct_0866,2026-08-27,True,True,True,False,24.1,488.17,4075.1,11.32,False,,0.0
proj_0867,acct_0867,2026-06-25,True,True,True,False,11.2,247.1,2411.63,97.28,False,,0.0
proj_0868,acct_0868,2026-06-29,True,False,False,False,16.9,269.37,2468.08,53.62,False,,0.0
proj_0869,acct_0869,2026-07-22,True,True,False,False,22.7,351.55,1183.61,0.29,False,,0.0
proj_0870,acct_0870,2026-08-12,True,True,True,True,27.4,180.43,4248.15,77.86,True,2026-09-11,93.47
proj_0871,acct_0871,2026-08-31,True,False,True,True,28.9,351.98,1893.53,2.63,False,,0.0
proj_0872,acct_0872,2026-09-20,True,True,False,False,18.2,79.09,742.96,14.13,False,,0.0
proj_0873,acct_0873,2026-07-25,True,False,True,True,22.6,374.05,3495.83,29.95,False,,0.0
proj_0874,acct_0874,2026-08-10,True,False,True,True,2.7,321.23,3024.83,17.36,False,,0.0
proj_0875,acct_0875,2026-07-11,False,False,False,False,25.1,459.58,2514.34,70.94,False,,0.0
proj_0876,acct_0876,2026-07-28,True,True,True,False,22.6,200.2,289.42,39.23,False,,0.0
proj_0877,acct_0877,2026-07-04,False,True,True,False,25.0,82.41,4018.66,64.66,False,,0.0
proj_0878,acct_0878,2026-08-26,True,True,False,False,7.9,81.38,541.26,21.19,True,2026-10-24,171.83
proj_0879,acct_0879,2026-07-18,True,True,True,False,17.4,281.87,3953.23,4.57,False,,0.0
proj_0880,acct_0880,2026-07-20,True,True,True,False,6.7,375.92,3631.18,97.39,False,,0.0
proj_0881,acct_0881,2026-09-12,True,False,False,False,23.5,11.84,3982.39,47.7,False,,0.0
proj_0882,acct_0882,2026-09-08,True,True,False,False,3.7,359.23,4423.17,80.75,False,,0.0
proj_0883,acct_0883,2026-07-22,False,True,False,False,16.2,384.32,2242.93,13.12,False,,0.0
proj_0884,acct_0884,2026-08-05,True,False,False,True,29.9,303.44,4790.5,56.69,False,,0.0
proj_0885,acct_0885,2026-07-01,False,True,False,False,29.1,390.72,444.97,9.41,False,,0.0
proj_0886,acct_0886,2026-08-01,True,True,True,True,6.2,385.97,1297.14,47.33,False,,0.0
proj_0887,acct_0887,2026-09-21,True,True,True,False,2.1,429.5,2010.69,85.7,False,,0.0
proj_0888,acct_0888,2026-07-30,True,True,False,False,3.4,206.6,2255.96,87.74,False,,0.0
proj_0889,acct_0889,2026-07-16,True,False,False,True,24.8,3.97,4266.77,29.07,False,,0.0
proj_0890,acct_0890,2026-09-18,False,True,False,False,11.1,234.24,2680.23,81.83,True,2026-09-30,372.59
proj_0891,acct_0891,2026-08-02,True,True,True,False,29.9,243.15,3514.43,47.62,False,,0.0
proj_0892,acct_0892,2026-07-23,True,False,True,True,17.5,493.91,3873.29,6.24,False,,0.0
proj_0893,acct_0893,2026-07-03,False,True,True,True,23.0,211.46,1267.84,17.61,True,2026-07-21,217.41
proj_0894,acct_0894,2026-09-05,False,True,False,True,26.9,92.04,278.17,89.5,False,,0.0
proj_0895,acct_0895,2026-09-13,True,True,False,False,21.0,80.34,3486.48,35.47,False,,0.0
proj_0896,acct_0896,2026-07-11,False,True,False,True,22.0,289.24,731.64,66.41,False,,0.0
proj_0897,acct_0897,2026-08-08,True,False,False,False,10.2,396.01,3372.99,26.28,False,,0.0
proj_0898,acct_0898,2026-08-29,False,False,False,False,17.8,18.24,3731.08,18.77,False,,0.0
proj_0899,acct_0899,2026-08-20,True,True,True,True,20.7,477.55,1857.58,36.38,False,,0.0
proj_0900,acct_0900,2026-07-21,True,False,False,False,14.2,205.19,1767.53,54.25,False,,0.0
proj_0901,acct_0901,2026-09-16,True,True,False,True,18.3,271.38,1914.0,84.51,False,,0.0
proj_0902,acct_0902,2026-08-12,True,False,False,False,3.9,43.81,4187.8,8.96,True,2026-10-11,220.36
proj_0903,acct_0903,2026-09-16,True,False,False,False,15.6,402.94,3341.87,85.17,False,,0.0
proj_0904,acct_0904,2026-07-28,True,True,False,False,11.2,396.88,2325.1,90.8,False,,0.0
proj_0905,acct_0905,2026-09-15,True,True,True,True,26.5,132.25,4194.04,79.51,False,,0.0
proj_0906,acct_0906,2026-08-26,True,False,True,True,23.9,420.38,2599.63,74.12,False,,0.0
proj_0907,acct_0907,2026-08-25,False,False,True,False,6.6,322.22,4144.46,80.13,False,,0.0
proj_0908,acct_0908,2026-08-21,False,True,False,False,10.2,79.22,1162.54,71.0,True,2026-08-29,324.93
proj_0909,acct_0909,2026-08-19,False,False,True,False,28.5,101.88,475.39,43.74,False,,0.0
proj_0910,acct_0910,2026-07-17,True,False,False,True,12.1,371.17,661.43,45.37,False,,0.0
proj_0911,acct_0911,2026-09-15,True,False,True,True,25.4,363.16,4037.42,37.81,False,,0.0
proj_0912,acct_0912,2026-08-18,True,False,False,False,17.8,51.71,2301.05,59.59,True,2026-09-06,149.45
proj_0913,acct_0913,2026-09-10,True,True,True,False,12.3,245.52,119.57,7.36,False,,0.0
proj_0914,acct_0914,2026-08-31,True,True,False,False,14.1,80.55,1500.79,90.36,False,,0.0
proj_0915,acct_0915,2026-08-30,True,True,True,False,18.4,2.51,2613.53,25.45,True,2026-10-08,39.04
proj_0916,acct_0916,2026-08-23,True,False,True,False,27.1,14.75,701.44,8.34,False,,0.0
proj_0917,acct_0917,2026-09-12,True,True,False,False,17.0,147.16,3728.52,49.58,False,,0.0
proj_0918,acct_0918,2026-08-24,False,True,True,False,21.8,480.94,523.44,79.32,False,,0.0
proj_0919,acct_0919,2026-09-02,True,False,False,False,13.3,373.54,4081.3,62.29,False,,0.0
proj_0920,acct_0920,2026-07-15,True,True,False,False,14.0,444.72,4790.91,25.31,False,,0.0
proj_0921,acct_0921,2026-07-22,True,True,False,False,6.4,122.66,1083.77,37.17,True,2026-08-12,83.09
proj_0922,acct_0922,2026-07-18,True,False,True,False,10.3,116.32,340.51,28.36,False,,0.0
proj_0923,acct_0923,2026-09-06,True,True,False,False,25.9,37.41,4464.39,42.18,False,,0.0
proj_0924,acct_0924,2026-08-30,False,True,True,False,2.4,137.21,605.1,45.28,False,,0.0
proj_0925,acct_0925,2026-09-09,True,True,True,False,17.7,2.32,2314.24,13.11,False,,0.0
proj_0926,acct_0926,2026-08-23,False,False,True,False,3.0,47.56,4014.54,72.33,False,,0.0
proj_0927,acct_0927,2026-07-22,True,True,True,False,12.4,348.23,2278.36,84.87,False,,0.0
proj_0928,acct_0928,2026-08-12,False,False,True,True,24.9,69.37,4967.77,86.14,False,,0.0
proj_0929,acct_0929,2026-07-01,True,True,False,False,27.2,494.78,4671.21,86.8,False,,0.0
proj_0930,acct_0930,2026-07-20,True,False,True,False,18.8,406.24,1356.86,17.03,True,2026-08-19,81.95
proj_0931,acct_0931,2026-09-04,False,False,False,False,13.0,223.39,620.64,52.76,False,,0.0
proj_0932,acct_0932,2026-09-16,False,True,False,True,8.7,148.12,423.14,55.85,False,,0.0
proj_0933,acct_0933,2026-07-10,True,True,False,True,20.4,234.08,1931.45,48.76,False,,0.0
proj_0934,acct_0934,2026-09-03,True,True,False,True,15.6,457.06,1101.74,36.36,False,,0.0
proj_0935,acct_0935,2026-07-17,True,True,True,True,9.9,434.92,3245.43,14.73,False,,0.0
proj_0936,acct_0936,2026-07-11,True,False,True,True,20.2,226.32,1335.24,92.69,True,2026-08-08,125.73
proj_0937,acct_0937,2026-08-02,True,True,True,True,3.8,324.31,3662.69,42.26,False,,0.0
proj_0938,acct_0938,2026-07-11,True,True,False,False,4.2,24.94,1252.23,11.11,True,2026-09-07,41.95
proj_0939,acct_0939,2026-07-04,True,True,True,False,21.3,202.28,1970.5,21.99,False,,0.0
proj_0940,acct_0940,2026-08-31,True,True,True,False,21.5,143.99,25.5,18.51,False,,0.0
proj_0941,acct_0941,2026-07-06,True,False,False,True,20.8,83.32,1667.46,45.52,False,,0.0
proj_0942,acct_0942,2026-07-06,True,True,False,False,6.0,380.13,58.57,35.21,False,,0.0
proj_0943,acct_0943,2026-09-03,True,True,True,False,17.5,495.21,4178.44,52.53,False,,0.0
proj_0944,acct_0944,2026-09-06,True,True,False,False,15.2,175.39,2733.12,66.34,False,,0.0
proj_0945,acct_0945,2026-07-17,True,True,False,False,23.5,428.48,4511.81,59.57,True,2026-08-30,271.67
proj_0946,acct_0946,2026-07-12,True,True,True,False,11.4,15.45,2892.15,69.58,False,,0.0
proj_0947,acct_0947,2026-09-07,True,True,False,False,29.0,438.57,3397.22,89.92,False,,0.0
proj_0948,acct_0948,2026-07-10,True,False,False,False,13.1,496.97,1553.52,4.11,False,,0.0
proj_0949,acct_0949,2026-09-16,False,True,False,False,24.0,173.5,559.85,0.83,False,,0.0
proj_0950,acct_0950,2026-06-28,True,True,False,False,20.3,151.82,1448.42,79.98,True,2026-07-01,128.23
proj_0951,acct_0951,2026-08-02,True,True,False,False,1.0,125.72,1757.59,28.33,False,,0.0
proj_0952,acct_0952,2026-08-17,False,False,True,False,13.5,459.13,1461.1,3.21,False,,0.0
proj_0953,acct_0953,2026-08-12,False,False,False,False,3.8,130.63,1517.09,31.07,False,,0.0
proj_0954,acct_0954,2026-08-05,False,True,False,True,13.1,99.76,1531.93,29.73,False,,0.0
proj_0955,acct_0955,2026-09-21,True,True,False,False,5.0,220.95,1573.17,93.49,False,,0.0
proj_0956,acct_0956,2026-08-07,True,True,False,False,27.5,13.21,3836.18,8.84,True,2026-10-05,168.64
proj_0957,acct_0957,2026-08-21,True,True,False,False,26.5,26.77,4227.09,12.59,False,,0.0
proj_0958,acct_0958,2026-09-19,False,False,False,True,2.6,414.95,3252.9,33.35,True,2026-10-08,293.59
proj_0959,acct_0959,2026-08-28,False,True,False,False,21.8,350.79,2586.16,56.2,False,,0.0
proj_0960,acct_0960,2026-07-21,True,False,False,False,10.0,494.58,42.19,48.5,False,,0.0
proj_0961,acct_0961,2026-06-28,True,True,False,False,8.2,51.8,133.04,50.58,False,,0.0
proj_0962,acct_0962,2026-07-16,True,True,True,True,25.6,130.14,3067.67,43.91,False,,0.0
proj_0963,acct_0963,2026-08-21,True,False,True,False,20.1,85.39,3710.91,54.67,False,,0.0
proj_0964,acct_0964,2026-07-18,True,True,False,False,9.0,192.91,4001.28,46.4,False,,0.0
proj_0965,acct_0965,2026-07-09,True,True,False,True,9.8,322.55,4467.17,61.99,True,2026-09-06,193.5
proj_0966,acct_0966,2026-09-06,True,False,True,False,11.4,427.92,2521.0,34.88,False,,0.0
proj_0967,acct_0967,2026-08-10,True,True,True,False,17.3,229.74,4294.73,14.0,False,,0.0
proj_0968,acct_0968,2026-08-23,False,True,False,False,28.9,302.92,910.07,70.85,False,,0.0
proj_0969,acct_0969,2026-09-03,True,True,False,False,18.9,201.89,234.2,85.2,False,,0.0
proj_0970,acct_0970,2026-08-19,True,True,False,False,7.7,385.87,4587.17,79.56,True,2026-10-15,107.65
proj_0971,acct_0971,2026-09-19,True,True,True,False,4.3,423.4,373.68,76.34,False,,0.0
proj_0972,acct_0972,2026-07-28,False,True,False,False,29.7,286.89,1006.67,25.25,False,,0.0
proj_0973,acct_0973,2026-09-04,True,False,False,False,23.9,43.01,130.97,95.98,True,2026-09-07,409.75
proj_0974,acct_0974,2026-07-11,True,True,False,True,6.4,364.99,4555.83,64.22,False,,0.0
proj_0975,acct_0975,2026-09-07,True,True,True,False,17.2,68.94,345.1,42.75,False,,0.0
proj_0976,acct_0976,2026-07-15,True,True,False,True,15.5,25.74,2707.28,2.25,False,,0.0
proj_0977,acct_0977,2026-07-27,False,True,False,True,26.3,484.06,383.14,57.54,False,,0.0
proj_0978,acct_0978,2026-07-04,True,True,False,True,14.7,458.7,1322.63,3.0,False,,0.0
proj_0979,acct_0979,2026-07-17,True,False,True,True,24.7,164.8,3789.15,91.23,True,2026-08-18,59.63
proj_0980,acct_0980,2026-07-10,True,True,False,False,28.0,443.76,2399.07,12.95,False,,0.0
proj_0981,acct_0981,2026-08-20,True,True,False,False,9.8,424.92,4857.61,2.14,True,2026-10-09,396.37
proj_0982,acct_0982,2026-08-10,True,False,False,False,17.0,26.07,3830.75,69.54,False,,0.0
proj_0983,acct_0983,2026-08-23,True,True,True,False,27.2,175.89,1722.2,91.81,False,,0.0
proj_0984,acct_0984,2026-08-04,True,True,False,False,24.0,284.02,4954.78,1.49,False,,0.0
proj_0985,acct_0985,2026-08-01,True,True,True,True,11.1,327.6,1228.78,29.24,False,,0.0
proj_0986,acct_0986,2026-09-06,True,False,True,False,7.0,352.63,4068.99,89.76,False,,0.0
proj_0987,acct_0987,2026-08-09,True,False,False,True,20.0,263.42,1345.0,69.78,False,,0.0
proj_0988,acct_0988,2026-06-28,True,True,False,False,3.3,456.02,4208.71,52.1,False,,0.0
proj_0989,acct_0989,2026-07-12,True,False,False,True,7.8,220.14,3823.32,95.3,True,2026-09-04,41.03
proj_0990,acct_0990,2026-07-01,True,True,False,True,25.8,191.97,104.05,38.26,False,,0.0
proj_0991,acct_0991,2026-07-31,True,True,False,True,9.8,270.77,1745.54,2.6,False,,0.0
proj_0992,acct_0992,2026-07-27,False,False,False,False,23.0,170.47,4147.9,43.41,False,,0.0
proj_0993,acct_0993,2026-08-09,False,True,False,False,9.3,495.45,2678.46,42.38,False,,0.0
proj_0994,acct_0994,2026-07-22,True,True,False,False,4.8,7.59,3999.95,95.1,True,2026-08-07,391.39
proj_0995,acct_0995,2026-07-05,True,True,False,False,20.1,391.21,4053.19,60.8,True,2026-08-11,338.87
proj_0996,acct_0996,2026-08-31,False,True,True,True,2.1,179.36,3192.34,55.66,False,,0.0
proj_0997,acct_0997,2026-07-02,True,False,True,True,6.2,382.99,1387.96,86.91,True,2026-08-12,107.89
proj_0998,acct_0998,2026-07-27,True,False,True,False,13.8,158.67,2771.5,22.8,False,,0.0
proj_0999,acct_0999,2026-09-10,False,True,False,False,16.7,22.37,1181.14,10.92,False,,0.0
proj_1000,acct_1000,2026-06-22,True,True,True,False,24.9,207.98,3213.02,87.59,True,2026-07-13,313.31
proj_1001,acct_1001,2026-08-22,True,True,False,False,29.2,310.96,809.96,4.46,False,,0.0
proj_1002,acct_1002,2026-07-05,True,True,True,False,22.5,391.73,3567.07,93.99,False,,0.0
proj_1003,acct_1003,2026-09-06,True,True,False,False,28.7,479.31,4961.67,56.54,False,,0.0
proj_1004,acct_1004,2026-08-07,True,True,False,False,18.6,329.6,2606.48,31.69,False,,0.0
proj_1005,acct_1005,2026-08-17,False,True,False,False,7.7,157.41,4862.26,69.31,False,,0.0
proj_1006,acct_1006,2026-08-01,True,True,False,False,19.9,302.61,2250.35,41.89,False,,0.0
proj_1007,acct_1007,2026-08-03,False,True,False,False,20.3,302.77,3981.32,34.16,True,2026-08-30,224.99
proj_1008,acct_1008,2026-08-20,True,False,False,False,26.4,7.76,612.74,26.34,False,,0.0
proj_1009,acct_1009,2026-09-09,True,True,True,False,21.0,494.97,670.56,86.69,False,,0.0
proj_1010,acct_1010,2026-08-15,True,True,False,False,4.5,448.71,4492.79,59.15,False,,0.0
proj_1011,acct_1011,2026-09-08,True,False,False,False,19.3,370.35,2184.09,75.77,False,,0.0
proj_1012,acct_1012,2026-08-13,True,True,False,False,5.4,3.89,2969.31,67.39,False,,0.0
proj_1013,acct_1013,2026-07-29,True,True,False,False,3.8,148.67,1712.17,56.41,False,,0.0
proj_1014,acct_1014,2026-07-17,True,True,False,False,2.2,472.53,4413.1,73.1,False,,0.0
proj_1015,acct_1015,2026-09-09,True,False,True,True,4.4,136.92,2200.19,88.53,False,,0.0
proj_1016,acct_1016,2026-07-16,False,False,False,False,5.1,103.42,4195.56,75.49,True,2026-09-12,43.88
proj_1017,acct_1017,2026-07-14,True,False,True,True,28.3,285.58,3663.13,52.09,False,,0.0
proj_1018,acct_1018,2026-06-23,False,False,False,True,26.8,246.63,443.45,13.68,False,,0.0
proj_1019,acct_1019,2026-07-16,False,False,False,True,3.2,78.36,1683.33,45.35,False,,0.0
proj_1020,acct_1020,2026-08-05,True,True,False,False,28.0,397.1,1594.46,84.14,False,,0.0
proj_1021,acct_1021,2026-06-25,False,False,True,False,26.3,110.1,986.43,47.01,False,,0.0
proj_1022,acct_1022,2026-07-13,True,True,True,False,28.6,428.58,3749.74,0.32,True,2026-08-18,315.33
proj_1023,acct_1023,2026-07-05,True,False,False,False,7.8,174.35,2657.0,95.43,False,,0.0
proj_1024,acct_1024,2026-07-22,False,False,False,False,18.3,271.71,1484.13,21.89,False,,0.0
proj_1025,acct_1025,2026-08-27,True,True,True,False,6.1,478.16,3306.46,34.76,False,,0.0
proj_1026,acct_1026,2026-07-31,True,True,False,False,12.9,117.43,1461.74,50.75,False,,0.0
proj_1027,acct_1027,2026-07-26,True,False,True,False,12.3,220.98,1999.41,91.24,False,,0.0
proj_1028,acct_1028,2026-09-14,True,False,True,False,17.6,83.27,1038.94,62.53,False,,0.0
proj_1029,acct_1029,2026-08-03,True,True,False,True,12.0,390.22,1673.11,35.27,False,,0.0
proj_1030,acct_1030,2026-08-08,True,True,True,True,5.6,267.85,4300.02,22.93,False,,0.0
proj_1031,acct_1031,2026-09-19,True,True,False,False,2.0,10.01,4702.37,10.25,False,,0.0
proj_1032,acct_1032,2026-07-26,True,True,True,False,21.0,16.89,3752.08,81.3,False,,0.0
proj_1033,acct_1033,2026-09-12,True,False,True,True,3.1,361.06,3814.31,41.54,True,2026-11-05,282.31
proj_1034,acct_1034,2026-09-17,True,True,True,False,25.9,392.39,2131.51,74.35,False,,0.0
proj_1035,acct_1035,2026-08-04,True,True,False,False,9.4,46.53,4834.76,56.1,False,,0.0
proj_1036,acct_1036,2026-07-15,True,False,False,False,23.1,357.29,2266.83,57.79,True,2026-09-03,135.25
proj_1037,acct_1037,2026-07-25,True,True,True,True,19.3,41.82,2808.82,20.77,False,,0.0
proj_1038,acct_1038,2026-08-29,True,True,False,False,25.3,380.29,304.08,49.34,False,,0.0
proj_1039,acct_1039,2026-08-03,False,True,False,False,26.3,134.07,1054.03,56.24,False,,0.0
proj_1040,acct_1040,2026-07-03,True,False,True,False,15.9,429.33,4963.85,8.14,True,2026-08-17,61.81
proj_1041,acct_1041,2026-08-28,True,True,False,True,13.7,485.96,204.92,42.42,False,,0.0
proj_1042,acct_1042,2026-07-18,True,False,False,True,4.4,497.87,3602.52,88.02,False,,0.0
proj_1043,acct_1043,2026-08-03,True,True,False,True,16.2,102.23,3073.86,71.45,False,,0.0
proj_1044,acct_1044,2026-08-28,True,True,True,False,29.9,463.92,829.55,71.51,False,,0.0
proj_1045,acct_1045,2026-08-03,True,True,True,False,10.0,93.84,3473.29,53.77,False,,0.0
proj_1046,acct_1046,2026-06-23,True,True,True,False,26.6,172.48,80.51,19.26,False,,0.0
proj_1047,acct_1047,2026-07-07,True,True,False,False,8.4,270.51,3300.24,7.75,False,,0.0
proj_1048,acct_1048,2026-09-13,True,True,True,False,18.0,383.03,1657.5,77.2,False,,0.0
proj_1049,acct_1049,2026-06-28,False,False,False,False,7.1,1.34,1166.84,21.64,False,,0.0
proj_1050,acct_1050,2026-06-21,True,True,True,True,29.1,68.49,4038.1,42.54,False,,0.0
proj_1051,acct_1051,2026-08-20,True,True,False,False,12.2,237.24,1565.69,52.2,False,,0.0
proj_1052,acct_1052,2026-08-07,False,False,False,False,25.4,280.24,2455.57,78.9,False,,0.0
proj_1053,acct_1053,2026-07-03,True,True,False,False,23.4,173.0,2126.15,61.7,False,,0.0
proj_1054,acct_1054,2026-07-03,True,True,False,True,13.8,263.0,38.02,31.04,True,2026-07-27,460.01
proj_1055,acct_1055,2026-08-24,True,True,True,False,2.3,347.75,1272.66,62.53,False,,0.0
proj_1056,acct_1056,2026-08-28,False,False,False,False,15.2,236.72,4375.93,75.06,False,,0.0
proj_1057,acct_1057,2026-09-12,True,False,False,False,6.1,425.47,423.29,83.41,True,2026-10-11,327.8
proj_1058,acct_1058,2026-07-11,True,False,True,False,20.0,368.73,1670.0,67.2,False,,0.0
proj_1059,acct_1059,2026-08-27,False,True,False,False,28.3,201.59,4190.21,66.96,True,2026-10-19,386.61
proj_1060,acct_1060,2026-08-29,True,True,False,True,6.8,252.73,873.11,74.68,False,,0.0
proj_1061,acct_1061,2026-07-29,True,True,True,False,25.2,43.05,4652.06,8.82,False,,0.0
proj_1062,acct_1062,2026-08-07,True,True,False,False,23.2,394.37,1095.45,37.45,True,2026-09-23,473.04
proj_1063,acct_1063,2026-08-18,False,False,False,True,22.9,66.37,276.14,70.59,False,,0.0
proj_1064,acct_1064,2026-09-04,True,True,False,True,6.8,489.64,1304.18,43.96,True,2026-09-27,299.88
proj_1065,acct_1065,2026-06-23,True,True,False,False,5.9,474.83,2930.26,15.57,False,,0.0
proj_1066,acct_1066,2026-06-26,True,False,False,True,21.3,251.88,4150.99,79.43,True,2026-08-15,125.09
proj_1067,acct_1067,2026-07-03,True,True,True,False,6.4,69.91,2938.24,37.23,False,,0.0
proj_1068,acct_1068,2026-07-21,True,True,True,False,5.6,237.75,1689.99,90.3,False,,0.0
proj_1069,acct_1069,2026-07-31,True,True,True,True,24.5,228.22,2884.07,43.5,False,,0.0
proj_1070,acct_1070,2026-06-30,True,True,True,False,9.7,485.38,4388.39,76.32,False,,0.0
proj_1071,acct_1071,2026-09-03,True,False,False,False,1.8,256.1,4612.54,88.66,False,,0.0
proj_1072,acct_1072,2026-07-01,False,True,True,False,23.9,26.9,461.09,79.29,True,2026-07-24,242.89
proj_1073,acct_1073,2026-08-12,True,False,True,True,9.9,92.3,4290.23,43.65,False,,0.0
proj_1074,acct_1074,2026-09-09,True,False,True,False,11.0,235.4,3437.06,69.88,False,,0.0
proj_1075,acct_1075,2026-08-03,False,False,False,True,4.7,381.52,676.3,77.33,False,,0.0
proj_1076,acct_1076,2026-07-13,True,True,True,False,29.1,13.45,4429.08,17.82,False,,0.0
proj_1077,acct_1077,2026-07-21,True,False,False,False,27.5,322.79,699.02,18.8,False,,0.0
proj_1078,acct_1078,2026-07-10,True,True,True,True,10.0,337.64,2408.45,26.1,False,,0.0
proj_1079,acct_1079,2026-08-29,True,False,False,False,3.4,343.03,516.01,86.25,False,,0.0
proj_1080,acct_1080,2026-09-15,True,True,False,False,1.3,326.91,3354.27,42.25,True,2026-10-13,147.86
proj_1081,acct_1081,2026-08-20,True,False,False,False,14.7,167.53,2679.77,36.49,False,,0.0
proj_1082,acct_1082,2026-07-25,True,True,False,True,10.8,467.09,2954.86,19.76,False,,0.0
proj_1083,acct_1083,2026-09-20,True,True,True,False,14.3,25.04,3000.65,36.93,False,,0.0
proj_1084,acct_1084,2026-08-15,True,True,True,True,13.1,223.39,1495.44,3.56,True,2026-10-01,42.39
proj_1085,acct_1085,2026-09-08,True,True,True,False,19.4,215.55,1380.73,97.19,False,,0.0
proj_1086,acct_1086,2026-09-07,False,False,False,False,17.5,20.32,1639.68,3.83,False,,0.0
proj_1087,acct_1087,2026-07-18,True,False,True,False,22.7,211.26,121.69,95.04,False,,0.0
proj_1088,acct_1088,2026-07-03,False,True,True,True,8.6,151.6,2575.06,85.42,False,,0.0
proj_1089,acct_1089,2026-07-24,True,True,False,False,22.7,389.15,1391.5,67.14,False,,0.0
proj_1090,acct_1090,2026-07-29,True,True,False,True,13.0,64.88,1342.6,59.91,False,,0.0
proj_1091,acct_1091,2026-08-30,True,True,False,True,18.7,364.08,3050.49,46.06,False,,0.0
proj_1092,acct_1092,2026-09-01,True,True,False,False,10.3,411.31,767.38,85.44,False,,0.0
proj_1093,acct_1093,2026-09-16,True,True,True,False,29.1,315.69,2811.02,34.53,False,,0.0
proj_1094,acct_1094,2026-07-25,True,False,False,False,5.5,292.47,3125.08,56.49,False,,0.0
proj_1095,acct_1095,2026-06-24,True,True,False,False,11.9,268.8,1898.36,94.88,True,2026-07-20,128.7
proj_1096,acct_1096,2026-09-11,True,True,True,False,22.3,200.56,2048.5,75.13,False,,0.0
proj_1097,acct_1097,2026-07-21,True,True,True,False,28.8,380.88,1595.7,53.56,False,,0.0
proj_1098,acct_1098,2026-08-03,True,True,False,False,27.8,88.81,1449.15,53.27,False,,0.0
proj_1099,acct_1099,2026-07-20,True,False,True,False,13.1,209.13,952.49,2.9,False,,0.0
proj_1100,acct_1100,2026-06-24,True,False,False,False,8.2,284.65,2364.85,9.1,False,,0.0
proj_1101,acct_1101,2026-08-13,True,False,False,True,11.7,437.33,884.3,93.71,False,,0.0
proj_1102,acct_1102,2026-08-07,True,True,True,False,14.3,341.84,2223.83,24.19,False,,0.0
proj_1103,acct_1103,2026-07-02,True,True,False,False,27.7,79.63,2316.44,96.25,True,2026-07-05,348.96
proj_1104,acct_1104,2026-09-03,False,False,False,True,13.1,130.01,3582.72,12.1,False,,0.0
proj_1105,acct_1105,2026-09-10,True,False,True,False,25.0,362.58,209.13,39.94,False,,0.0
proj_1106,acct_1106,2026-08-17,True,True,True,True,24.9,376.79,567.8,16.9,False,,0.0
proj_1107,acct_1107,2026-09-08,True,True,False,True,10.6,346.86,2296.63,70.91,False,,0.0
proj_1108,acct_1108,2026-09-13,True,False,True,False,8.5,137.65,188.37,14.0,False,,0.0
proj_1109,acct_1109,2026-07-05,True,True,True,True,28.4,79.15,3173.13,47.53,False,,0.0
proj_1110,acct_1110,2026-07-10,True,False,True,False,25.9,128.65,1147.31,85.09,False,,0.0
proj_1111,acct_1111,2026-07-13,True,True,False,False,29.9,202.92,3096.12,17.04,False,,0.0
proj_1112,acct_1112,2026-08-11,True,True,False,False,27.9,324.19,4355.2,48.21,False,,0.0
proj_1113,acct_1113,2026-07-13,True,False,True,False,7.5,139.16,3892.29,78.93,False,,0.0
proj_1114,acct_1114,2026-09-09,True,True,False,True,22.6,409.45,3940.55,89.81,False,,0.0
proj_1115,acct_1115,2026-09-07,True,True,True,False,2.9,276.64,2678.42,74.13,False,,0.0
proj_1116,acct_1116,2026-06-28,True,True,True,False,6.3,468.17,4289.04,22.83,False,,0.0
proj_1117,acct_1117,2026-09-11,True,False,False,True,6.5,415.35,327.71,90.31,False,,0.0
proj_1118,acct_1118,2026-08-17,True,True,False,False,3.8,440.82,264.9,79.0,True,2026-09-17,80.29
proj_1119,acct_1119,2026-08-10,True,True,False,False,9.7,4.8,2154.48,90.5,False,,0.0
proj_1120,acct_1120,2026-09-18,True,True,False,False,14.2,0.25,3775.26,60.14,False,,0.0
proj_1121,acct_1121,2026-09-06,True,True,True,False,8.7,266.1,1712.3,67.78,False,,0.0
proj_1122,acct_1122,2026-08-18,True,False,True,True,26.9,254.77,2483.98,17.88,False,,0.0
proj_1123,acct_1123,2026-08-01,True,False,True,False,24.9,96.8,552.47,23.18,False,,0.0
proj_1124,acct_1124,2026-08-27,True,True,True,False,18.7,285.5,781.44,15.64,False,,0.0
proj_1125,acct_1125,2026-07-21,False,False,True,False,29.5,326.75,3945.86,77.98,False,,0.0
proj_1126,acct_1126,2026-09-01,True,False,True,True,10.7,176.97,3728.62,44.97,False,,0.0
proj_1127,acct_1127,2026-07-18,True,True,False,True,12.9,322.9,708.25,45.69,False,,0.0
proj_1128,acct_1128,2026-07-27,True,False,True,False,10.3,395.46,1635.17,56.0,False,,0.0
proj_1129,acct_1129,2026-09-17,True,True,True,True,5.7,361.42,4708.06,59.29,False,,0.0
proj_1130,acct_1130,2026-06-29,True,True,False,False,8.2,493.46,2934.71,5.93,True,2026-07-21,156.12
proj_1131,acct_1131,2026-08-12,True,True,False,False,3.1,488.59,3664.92,82.43,False,,0.0
proj_1132,acct_1132,2026-08-19,True,True,False,False,16.9,330.35,2787.81,81.73,False,,0.0
proj_1133,acct_1133,2026-07-22,True,True,False,False,10.1,426.72,4526.47,44.58,False,,0.0
proj_1134,acct_1134,2026-07-01,True,True,True,True,29.2,129.51,3022.05,93.27,True,2026-08-12,220.12
proj_1135,acct_1135,2026-08-30,False,False,False,True,29.7,186.74,2832.92,99.57,False,,0.0
proj_1136,acct_1136,2026-08-10,True,True,False,False,22.3,282.65,4871.4,78.06,False,,0.0
proj_1137,acct_1137,2026-07-31,True,True,False,True,3.1,341.98,4090.6,46.57,False,,0.0
proj_1138,acct_1138,2026-07-12,True,True,False,False,16.3,346.29,4102.84,43.24,True,2026-08-18,164.56
proj_1139,acct_1139,2026-07-30,True,True,False,True,7.5,337.27,1639.83,45.78,False,,0.0
proj_1140,acct_1140,2026-06-23,False,False,False,True,5.3,154.24,513.47,53.34,False,,0.0
proj_1141,acct_1141,2026-08-20,True,True,False,False,10.1,115.05,1051.95,30.29,False,,0.0
proj_1142,acct_1142,2026-07-22,True,False,False,True,26.5,472.19,624.32,94.8,True,2026-09-16,378.37
proj_1143,acct_1143,2026-08-12,True,True,True,True,12.0,407.25,473.33,17.51,False,,0.0
proj_1144,acct_1144,2026-07-20,True,True,False,False,11.4,497.68,2081.49,21.03,True,2026-08-22,195.93
proj_1145,acct_1145,2026-06-28,True,False,True,False,13.2,480.78,509.33,36.04,False,,0.0
proj_1146,acct_1146,2026-06-23,True,False,True,False,3.4,321.79,1954.53,47.14,False,,0.0
proj_1147,acct_1147,2026-08-03,True,False,True,False,6.1,4.64,2597.92,14.02,False,,0.0
proj_1148,acct_1148,2026-07-08,True,False,False,False,11.8,207.44,795.84,17.24,False,,0.0
proj_1149,acct_1149,2026-08-17,True,False,True,False,4.2,81.19,2492.8,30.61,False,,0.0
proj_1150,acct_1150,2026-07-30,True,True,True,True,14.6,367.48,730.26,40.77,False,,0.0
proj_1151,acct_1151,2026-08-13,True,True,False,True,29.7,56.21,2383.69,98.34,False,,0.0
proj_1152,acct_1152,2026-07-10,True,False,False,False,14.6,451.44,649.71,65.64,False,,0.0
proj_1153,acct_1153,2026-09-16,True,False,False,True,7.4,64.9,4712.02,22.56,True,2026-09-23,365.7
proj_1154,acct_1154,2026-08-22,False,True,True,True,20.1,164.31,4870.04,66.84,False,,0.0
proj_1155,acct_1155,2026-07-25,True,True,False,False,17.8,467.31,180.78,90.6,False,,0.0
proj_1156,acct_1156,2026-07-04,True,False,True,False,25.2,118.91,1989.85,1.17,False,,0.0
proj_1157,acct_1157,2026-08-25,True,False,False,False,29.8,226.6,1321.4,43.99,False,,0.0
proj_1158,acct_1158,2026-07-17,True,False,True,False,15.1,274.45,3319.61,66.8,False,,0.0
proj_1159,acct_1159,2026-07-18,True,True,False,False,4.7,113.56,2292.59,11.11,False,,0.0
proj_1160,acct_1160,2026-08-05,True,True,False,False,28.2,483.15,4858.68,18.26,False,,0.0
proj_1161,acct_1161,2026-09-17,True,False,False,True,22.6,262.79,3901.89,56.29,False,,0.0
proj_1162,acct_1162,2026-07-26,False,True,True,False,16.4,187.24,509.69,16.56,False,,0.0
proj_1163,acct_1163,2026-07-05,False,False,True,False,18.7,429.15,1399.32,95.91,False,,0.0
proj_1164,acct_1164,2026-07-14,True,True,False,False,10.3,360.77,1506.97,7.49,False,,0.0
proj_1165,acct_1165,2026-08-21,True,False,False,True,22.9,70.15,2409.85,16.03,False,,0.0
proj_1166,acct_1166,2026-08-28,True,True,False,False,8.2,175.2,1139.26,94.91,True,2026-09-23,83.65
proj_1167,acct_1167,2026-06-27,True,True,True,False,19.5,260.31,2625.96,77.17,False,,0.0
proj_1168,acct_1168,2026-08-31,True,True,True,False,14.2,35.2,4895.17,91.05,False,,0.0
proj_1169,acct_1169,2026-08-06,False,True,False,True,19.2,212.96,850.6,70.98,False,,0.0
proj_1170,acct_1170,2026-08-07,True,True,True,False,18.5,299.52,1819.12,86.94,False,,0.0
proj_1171,acct_1171,2026-07-17,True,False,False,True,22.0,137.93,1265.84,50.78,False,,0.0
proj_1172,acct_1172,2026-08-01,False,True,True,False,8.0,247.49,2959.51,66.56,True,2026-09-20,417.47
proj_1173,acct_1173,2026-07-25,True,False,True,False,27.8,191.29,3012.29,59.03,False,,0.0
proj_1174,acct_1174,2026-07-16,True,True,False,False,20.5,451.89,2114.93,39.37,False,,0.0
proj_1175,acct_1175,2026-06-27,True,True,False,False,2.1,199.35,4028.05,74.44,False,,0.0
proj_1176,acct_1176,2026-08-18,True,True,False,False,9.5,206.07,151.59,45.66,False,,0.0
proj_1177,acct_1177,2026-08-29,False,True,False,True,13.9,23.9,2296.44,99.1,False,,0.0
proj_1178,acct_1178,2026-08-25,True,False,False,False,12.6,174.27,4079.19,84.47,False,,0.0
proj_1179,acct_1179,2026-08-11,True,True,False,False,10.2,152.92,4571.71,9.04,False,,0.0
proj_1180,acct_1180,2026-09-20,True,False,True,False,15.1,168.5,2194.47,36.15,False,,0.0
proj_1181,acct_1181,2026-07-03,True,True,False,False,21.3,280.24,3786.29,53.83,False,,0.0
proj_1182,acct_1182,2026-09-08,True,True,False,False,12.7,131.69,3582.28,53.28,False,,0.0
proj_1183,acct_1183,2026-07-29,True,False,False,False,9.5,285.05,420.24,99.94,False,,0.0
proj_1184,acct_1184,2026-07-22,True,True,False,True,7.5,347.54,1102.69,87.51,False,,0.0
proj_1185,acct_1185,2026-09-08,True,True,False,False,15.0,219.47,2786.05,99.84,False,,0.0
proj_1186,acct_1186,2026-08-29,False,True,False,False,29.4,373.4,3536.66,98.19,False,,0.0
proj_1187,acct_1187,2026-09-03,True,True,False,True,16.7,38.52,3469.06,32.17,False,,0.0
proj_1188,acct_1188,2026-08-29,True,True,True,False,29.6,354.18,2681.45,10.48,False,,0.0
proj_1189,acct_1189,2026-09-15,True,False,False,False,29.6,232.64,2875.55,5.32,False,,0.0
proj_1190,acct_1190,2026-08-18,True,True,False,True,14.0,325.14,4480.25,47.66,False,,0.0
proj_1191,acct_1191,2026-09-05,True,True,False,False,28.5,363.88,3570.92,49.08,False,,0.0
proj_1192,acct_1192,2026-09-13,False,True,False,False,20.6,165.27,2853.59,87.6,False,,0.0
proj_1193,acct_1193,2026-08-31,True,False,False,False,29.2,26.49,3774.79,58.74,False,,0.0
proj_1194,acct_1194,2026-07-01,True,True,False,False,8.2,300.76,3796.52,17.93,False,,0.0
proj_1195,acct_1195,2026-08-24,True,True,True,False,21.3,342.68,4026.52,38.13,False,,0.0
proj_1196,acct_1196,2026-08-08,True,True,True,False,8.3,45.37,1309.92,20.06,False,,0.0
proj_1197,acct_1197,2026-07-30,True,False,False,True,18.6,491.01,305.14,37.31,False,,0.0
proj_1198,acct_1198,2026-07-02,True,True,True,False,17.3,429.68,4779.0,18.85,False,,0.0
proj_1199,acct_1199,2026-07-26,True,False,True,False,5.5,187.08,892.87,44.07,False,,0.0
proj_1200,acct_1200,2026-08-10,True,False,False,False,28.1,444.12,3970.3,12.03,False,,0.0
