date,channel,region,spend,impressions,clicks,platform_reported_conversions
2026-06-18,paid_search,US-East,650.19,33322,699,23
2026-06-18,paid_search,US-West,628.04,52651,2405,60
2026-06-18,paid_search,EU-Central,428.92,22085,413,20
2026-06-18,paid_search,APAC-SG,286.37,17165,617,32
2026-06-18,paid_search,LATAM,291.29,23146,980,19
2026-06-18,paid_social,US-East,426.06,36175,854,25
2026-06-18,paid_social,US-West,420.53,28103,385,9
2026-06-18,paid_social,EU-Central,326.29,26163,1106,70
2026-06-18,paid_social,APAC-SG,245.22,24192,608,32
2026-06-18,paid_social,LATAM,251.5,20352,905,49
2026-06-18,developer_sponsorship,US-East,269.46,14090,269,10
2026-06-18,developer_sponsorship,US-West,164.53,10141,142,5
2026-06-18,developer_sponsorship,EU-Central,194.65,13283,329,10
2026-06-18,developer_sponsorship,APAC-SG,137.63,13327,478,27
2026-06-18,developer_sponsorship,LATAM,112.38,9715,160,6
2026-06-18,community_events,US-East,232.87,19095,616,37
2026-06-18,community_events,US-West,198.94,17665,338,7
2026-06-18,community_events,EU-Central,120.05,7609,140,10
2026-06-18,community_events,APAC-SG,147.1,9669,350,15
2026-06-18,community_events,LATAM,131.12,9564,196,6
2026-06-18,organic_direct,US-East,62.21,3927,131,9
2026-06-18,organic_direct,US-West,51.68,3150,157,7
2026-06-18,organic_direct,EU-Central,33.95,1777,25,1
2026-06-18,organic_direct,APAC-SG,47.01,3342,41,1
2026-06-18,organic_direct,LATAM,45.42,3472,169,12
2026-06-19,paid_search,US-East,424.13,36490,1359,70
2026-06-19,paid_search,US-West,473.05,38812,561,25
2026-06-19,paid_search,EU-Central,437.51,42740,1924,68
2026-06-19,paid_search,APAC-SG,400.14,23581,1096,79
2026-06-19,paid_search,LATAM,307.67,25212,866,25
2026-06-19,paid_social,US-East,416.7,32072,1319,68
2026-06-19,paid_social,US-West,231.11,15301,164,12
2026-06-19,paid_social,EU-Central,331.35,30346,676,15
2026-06-19,paid_social,APAC-SG,294.43,28662,384,18
2026-06-19,paid_social,LATAM,155.72,13708,557,15
2026-06-19,developer_sponsorship,US-East,236.44,18321,377,27
2026-06-19,developer_sponsorship,US-West,209.85,12714,401,25
2026-06-19,developer_sponsorship,EU-Central,147.72,9688,482,28
2026-06-19,developer_sponsorship,APAC-SG,154.06,11689,173,5
2026-06-19,developer_sponsorship,LATAM,126.4,10038,192,6
2026-06-19,community_events,US-East,133.67,10901,208,15
2026-06-19,community_events,US-West,200.6,10740,209,12
2026-06-19,community_events,EU-Central,111.85,6332,300,16
2026-06-19,community_events,APAC-SG,118.03,10531,445,13
2026-06-19,community_events,LATAM,79.61,5696,153,7
2026-06-19,organic_direct,US-East,68.25,5710,281,7
2026-06-19,organic_direct,US-West,51.79,3468,154,5
2026-06-19,organic_direct,EU-Central,36.64,2653,71,2
2026-06-19,organic_direct,APAC-SG,34.0,3269,90,6
2026-06-19,organic_direct,LATAM,36.06,1894,94,6
2026-06-20,paid_search,US-East,768.84,74053,3254,97
2026-06-20,paid_search,US-West,545.26,33090,861,20
2026-06-20,paid_search,EU-Central,417.32,41425,853,57
2026-06-20,paid_search,APAC-SG,389.2,27691,1337,106
2026-06-20,paid_search,LATAM,361.71,31078,503,19
2026-06-20,paid_social,US-East,461.24,36419,1154,74
2026-06-20,paid_social,US-West,242.32,19193,577,41
2026-06-20,paid_social,EU-Central,214.5,21029,277,8
2026-06-20,paid_social,APAC-SG,253.69,21249,412,11
2026-06-20,paid_social,LATAM,259.18,16149,545,31
2026-06-20,developer_sponsorship,US-East,228.37,18083,558,42
2026-06-20,developer_sponsorship,US-West,180.96,15528,303,13
2026-06-20,developer_sponsorship,EU-Central,198.54,12905,292,19
2026-06-20,developer_sponsorship,APAC-SG,118.96,8673,433,34
2026-06-20,developer_sponsorship,LATAM,104.15,6317,130,9
2026-06-20,community_events,US-East,221.13,20778,514,15
2026-06-20,community_events,US-West,198.04,16868,581,46
2026-06-20,community_events,EU-Central,147.47,7431,317,12
2026-06-20,community_events,APAC-SG,131.76,12773,196,5
2026-06-20,community_events,LATAM,80.24,6231,130,7
2026-06-20,organic_direct,US-East,67.83,4082,144,5
2026-06-20,organic_direct,US-West,54.62,5203,228,5
2026-06-20,organic_direct,EU-Central,42.94,2741,27,1
2026-06-20,organic_direct,APAC-SG,43.29,2731,108,5
2026-06-20,organic_direct,LATAM,33.48,1690,21,1
2026-06-21,paid_search,US-East,745.41,57604,2499,137
2026-06-21,paid_search,US-West,433.87,24458,546,40
2026-06-21,paid_search,EU-Central,529.95,49303,2265,73
2026-06-21,paid_search,APAC-SG,339.89,18741,772,56
2026-06-21,paid_search,LATAM,330.34,26768,433,32
2026-06-21,paid_social,US-East,438.75,43353,1839,134
2026-06-21,paid_social,US-West,235.91,20483,476,36
2026-06-21,paid_social,EU-Central,318.96,29728,1261,45
2026-06-21,paid_social,APAC-SG,281.38,15589,699,49
2026-06-21,paid_social,LATAM,175.03,15897,451,17
2026-06-21,developer_sponsorship,US-East,282.53,17341,189,5
2026-06-21,developer_sponsorship,US-West,197.33,18394,895,32
2026-06-21,developer_sponsorship,EU-Central,195.28,13666,672,35
2026-06-21,developer_sponsorship,APAC-SG,202.17,11274,550,16
2026-06-21,developer_sponsorship,LATAM,178.85,11316,162,7
2026-06-21,community_events,US-East,204.68,13444,460,23
2026-06-21,community_events,US-West,153.63,12110,244,15
2026-06-21,community_events,EU-Central,94.64,9111,287,18
2026-06-21,community_events,APAC-SG,137.42,11478,282,6
2026-06-21,community_events,LATAM,115.35,7671,173,12
2026-06-21,organic_direct,US-East,67.91,4415,98,4
2026-06-21,organic_direct,US-West,51.78,3354,50,2
2026-06-21,organic_direct,EU-Central,56.89,4771,220,12
2026-06-21,organic_direct,APAC-SG,35.22,2725,27,1
2026-06-21,organic_direct,LATAM,33.53,2648,95,4
2026-06-22,paid_search,US-East,579.18,35147,1016,75
2026-06-22,paid_search,US-West,647.69,37879,507,25
2026-06-22,paid_search,EU-Central,485.89,32437,1386,90
2026-06-22,paid_search,APAC-SG,441.47,27032,485,10
2026-06-22,paid_search,LATAM,296.42,21862,961,23
2026-06-22,paid_social,US-East,341.52,27829,494,30
2026-06-22,paid_social,US-West,328.89,20456,741,15
2026-06-22,paid_social,EU-Central,310.66,27494,392,17
2026-06-22,paid_social,APAC-SG,193.33,18926,581,13
2026-06-22,paid_social,LATAM,178.4,16487,465,31
2026-06-22,developer_sponsorship,US-East,264.13,26253,887,68
2026-06-22,developer_sponsorship,US-West,271.67,21905,849,42
2026-06-22,developer_sponsorship,EU-Central,215.7,16693,766,49
2026-06-22,developer_sponsorship,APAC-SG,157.57,9920,197,11
2026-06-22,developer_sponsorship,LATAM,162.33,12347,433,15
2026-06-22,community_events,US-East,134.37,8638,180,7
2026-06-22,community_events,US-West,168.98,9618,185,11
2026-06-22,community_events,EU-Central,151.72,8073,212,11
2026-06-22,community_events,APAC-SG,113.94,6875,184,13
2026-06-22,community_events,LATAM,110.3,9350,413,27
2026-06-22,organic_direct,US-East,55.69,2800,67,4
2026-06-22,organic_direct,US-West,66.66,6510,174,11
2026-06-22,organic_direct,EU-Central,46.25,3707,69,2
2026-06-22,organic_direct,APAC-SG,38.46,1978,46,2
2026-06-22,organic_direct,LATAM,32.99,1921,55,1
2026-06-23,paid_search,US-East,644.01,33068,851,45
2026-06-23,paid_search,US-West,393.94,32357,499,23
2026-06-23,paid_search,EU-Central,328.58,22657,418,16
2026-06-23,paid_search,APAC-SG,462.7,31906,1278,89
2026-06-23,paid_search,LATAM,297.98,16119,173,9
2026-06-23,paid_social,US-East,467.98,31587,1137,76
2026-06-23,paid_social,US-West,360.05,31580,1515,48
2026-06-23,paid_social,EU-Central,192.3,11080,166,9
2026-06-23,paid_social,APAC-SG,249.21,15176,576,38
2026-06-23,paid_social,LATAM,168.14,13512,539,14
2026-06-23,developer_sponsorship,US-East,285.98,28093,402,8
2026-06-23,developer_sponsorship,US-West,195.18,16369,791,34
2026-06-23,developer_sponsorship,EU-Central,203.22,10933,411,23
2026-06-23,developer_sponsorship,APAC-SG,121.78,10792,474,26
2026-06-23,developer_sponsorship,LATAM,108.17,10729,443,18
2026-06-23,community_events,US-East,172.26,11804,356,14
2026-06-23,community_events,US-West,199.61,18187,258,20
2026-06-23,community_events,EU-Central,145.98,13347,511,23
2026-06-23,community_events,APAC-SG,136.83,13446,279,19
2026-06-23,community_events,LATAM,107.4,7966,218,13
2026-06-23,organic_direct,US-East,51.66,4782,206,5
2026-06-23,organic_direct,US-West,67.59,4203,120,6
2026-06-23,organic_direct,EU-Central,41.73,2146,94,2
2026-06-23,organic_direct,APAC-SG,33.09,2974,70,5
2026-06-23,organic_direct,LATAM,39.22,2502,26,1
2026-06-24,paid_search,US-East,450.82,38772,1145,74
2026-06-24,paid_search,US-West,612.9,50438,1494,100
2026-06-24,paid_search,EU-Central,340.12,20774,782,30
2026-06-24,paid_search,APAC-SG,419.57,30906,965,43
2026-06-24,paid_search,LATAM,401.65,26725,1018,36
2026-06-24,paid_social,US-East,306.3,17162,303,8
2026-06-24,paid_social,US-West,337.1,29701,516,17
2026-06-24,paid_social,EU-Central,267.44,23061,1131,58
2026-06-24,paid_social,APAC-SG,208.75,11486,204,6
2026-06-24,paid_social,LATAM,169.61,8600,269,9
2026-06-24,developer_sponsorship,US-East,308.3,23945,907,25
2026-06-24,developer_sponsorship,US-West,268.64,20025,899,48
2026-06-24,developer_sponsorship,EU-Central,176.69,12725,221,5
2026-06-24,developer_sponsorship,APAC-SG,202.34,14950,641,28
2026-06-24,developer_sponsorship,LATAM,104.22,8491,103,2
2026-06-24,community_events,US-East,186.79,12177,605,16
2026-06-24,community_events,US-West,191.18,15354,639,21
2026-06-24,community_events,EU-Central,136.83,9923,274,19
2026-06-24,community_events,APAC-SG,155.28,10134,353,19
2026-06-24,community_events,LATAM,120.13,11698,214,6
2026-06-24,organic_direct,US-East,65.78,3805,64,1
2026-06-24,organic_direct,US-West,38.59,2798,94,3
2026-06-24,organic_direct,EU-Central,37.75,3221,122,5
2026-06-24,organic_direct,APAC-SG,44.5,4280,177,10
2026-06-24,organic_direct,LATAM,38.38,3710,100,5
2026-06-25,paid_search,US-East,653.15,62323,2683,65
2026-06-25,paid_search,US-West,439.75,28751,1148,62
2026-06-25,paid_search,EU-Central,392.92,22089,829,51
2026-06-25,paid_search,APAC-SG,506.24,37979,1129,28
2026-06-25,paid_search,LATAM,253.37,18141,415,14
2026-06-25,paid_social,US-East,271.73,26655,1157,63
2026-06-25,paid_social,US-West,419.26,41917,1546,55
2026-06-25,paid_social,EU-Central,195.52,17169,494,29
2026-06-25,paid_social,APAC-SG,299.91,17717,591,34
2026-06-25,paid_social,LATAM,208.96,11401,272,10
2026-06-25,developer_sponsorship,US-East,264.5,24568,569,35
2026-06-25,developer_sponsorship,US-West,192.04,18677,794,42
2026-06-25,developer_sponsorship,EU-Central,175.12,11509,263,20
2026-06-25,developer_sponsorship,APAC-SG,150.8,11420,565,33
2026-06-25,developer_sponsorship,LATAM,143.58,10145,177,7
2026-06-25,community_events,US-East,207.7,16879,681,21
2026-06-25,community_events,US-West,169.87,16372,450,27
2026-06-25,community_events,EU-Central,104.34,10293,353,12
2026-06-25,community_events,APAC-SG,95.4,7397,237,6
2026-06-25,community_events,LATAM,136.01,13008,370,10
2026-06-25,organic_direct,US-East,71.96,5391,208,10
2026-06-25,organic_direct,US-West,47.52,4359,214,7
2026-06-25,organic_direct,EU-Central,46.38,3208,150,7
2026-06-25,organic_direct,APAC-SG,49.1,4576,96,6
2026-06-25,organic_direct,LATAM,33.21,3211,97,6
2026-06-26,paid_search,US-East,521.82,33880,1134,90
2026-06-26,paid_search,US-West,546.58,31389,990,40
2026-06-26,paid_search,EU-Central,464.02,35809,1010,39
2026-06-26,paid_search,APAC-SG,325.28,27608,907,30
2026-06-26,paid_search,LATAM,407.86,21283,846,52
2026-06-26,paid_social,US-East,427.26,29610,1082,74
2026-06-26,paid_social,US-West,425.2,31790,364,18
2026-06-26,paid_social,EU-Central,284.61,26606,1196,55
2026-06-26,paid_social,APAC-SG,243.74,17755,690,30
2026-06-26,paid_social,LATAM,229.5,13246,381,29
2026-06-26,developer_sponsorship,US-East,216.75,18344,660,46
2026-06-26,developer_sponsorship,US-West,266.51,24776,624,24
2026-06-26,developer_sponsorship,EU-Central,203.62,17912,804,17
2026-06-26,developer_sponsorship,APAC-SG,118.57,9670,452,36
2026-06-26,developer_sponsorship,LATAM,160.73,11524,160,9
2026-06-26,community_events,US-East,220.24,15897,600,44
2026-06-26,community_events,US-West,120.05,10781,234,9
2026-06-26,community_events,EU-Central,106.29,8137,265,17
2026-06-26,community_events,APAC-SG,96.24,5191,232,13
2026-06-26,community_events,LATAM,88.67,8480,133,6
2026-06-26,organic_direct,US-East,51.14,3209,33,2
2026-06-26,organic_direct,US-West,68.24,5724,93,4
2026-06-26,organic_direct,EU-Central,40.83,3241,115,5
2026-06-26,organic_direct,APAC-SG,34.0,3137,56,2
2026-06-26,organic_direct,LATAM,34.65,2143,70,3
2026-06-27,paid_search,US-East,777.37,50343,2472,147
2026-06-27,paid_search,US-West,475.58,37236,1393,90
2026-06-27,paid_search,EU-Central,328.24,26364,787,58
2026-06-27,paid_search,APAC-SG,348.69,31362,1075,44
2026-06-27,paid_search,LATAM,378.69,30690,1138,71
2026-06-27,paid_social,US-East,394.38,36250,1273,94
2026-06-27,paid_social,US-West,358.98,23494,649,35
2026-06-27,paid_social,EU-Central,307.64,16768,365,23
2026-06-27,paid_social,APAC-SG,193.29,10941,345,27
2026-06-27,paid_social,LATAM,213.89,20463,884,31
2026-06-27,developer_sponsorship,US-East,286.76,21246,897,58
2026-06-27,developer_sponsorship,US-West,198.71,11079,537,15
2026-06-27,developer_sponsorship,EU-Central,230.38,21426,834,65
2026-06-27,developer_sponsorship,APAC-SG,204.86,18484,455,30
2026-06-27,developer_sponsorship,LATAM,99.17,7619,214,12
2026-06-27,community_events,US-East,198.61,15735,674,51
2026-06-27,community_events,US-West,126.23,7787,85,6
2026-06-27,community_events,EU-Central,139.97,13403,252,5
2026-06-27,community_events,APAC-SG,143.32,13682,302,13
2026-06-27,community_events,LATAM,82.31,8009,177,8
2026-06-27,organic_direct,US-East,45.5,4293,66,3
2026-06-27,organic_direct,US-West,60.63,5284,252,11
2026-06-27,organic_direct,EU-Central,51.54,2975,79,2
2026-06-27,organic_direct,APAC-SG,39.74,2797,134,2
2026-06-27,organic_direct,LATAM,32.28,2329,111,7
2026-06-28,paid_search,US-East,455.77,38414,1220,95
2026-06-28,paid_search,US-West,503.36,35188,619,16
2026-06-28,paid_search,EU-Central,543.97,39566,1444,84
2026-06-28,paid_search,APAC-SG,423.32,21618,896,31
2026-06-28,paid_search,LATAM,271.44,21234,270,17
2026-06-28,paid_social,US-East,296.75,18041,808,32
2026-06-28,paid_social,US-West,260.22,24727,250,17
2026-06-28,paid_social,EU-Central,212.44,12002,240,7
2026-06-28,paid_social,APAC-SG,263.19,13498,143,9
2026-06-28,paid_social,LATAM,176.98,11714,198,4
2026-06-28,developer_sponsorship,US-East,274.81,20969,835,40
2026-06-28,developer_sponsorship,US-West,256.7,19422,278,13
2026-06-28,developer_sponsorship,EU-Central,228.1,11899,491,35
2026-06-28,developer_sponsorship,APAC-SG,162.06,11814,573,13
2026-06-28,developer_sponsorship,LATAM,138.23,9687,362,17
2026-06-28,community_events,US-East,224.25,12036,159,8
2026-06-28,community_events,US-West,122.0,7777,274,14
2026-06-28,community_events,EU-Central,120.84,12051,376,17
2026-06-28,community_events,APAC-SG,127.59,7012,266,18
2026-06-28,community_events,LATAM,114.51,10128,393,12
2026-06-28,organic_direct,US-East,58.26,3578,84,3
2026-06-28,organic_direct,US-West,52.23,2859,77,4
2026-06-28,organic_direct,EU-Central,41.61,2398,112,2
2026-06-28,organic_direct,APAC-SG,47.96,2621,36,2
2026-06-28,organic_direct,LATAM,41.55,3233,108,5
2026-06-29,paid_search,US-East,538.67,30225,729,43
2026-06-29,paid_search,US-West,632.59,59086,2295,179
2026-06-29,paid_search,EU-Central,477.11,32244,1067,34
2026-06-29,paid_search,APAC-SG,437.62,26787,383,27
2026-06-29,paid_search,LATAM,322.19,28394,935,63
2026-06-29,paid_social,US-East,434.55,42901,1833,104
2026-06-29,paid_social,US-West,358.25,18382,866,60
2026-06-29,paid_social,EU-Central,232.33,13712,522,20
2026-06-29,paid_social,APAC-SG,216.93,10912,488,26
2026-06-29,paid_social,LATAM,197.5,11276,398,8
2026-06-29,developer_sponsorship,US-East,275.44,16734,448,18
2026-06-29,developer_sponsorship,US-West,202.85,17461,717,38
2026-06-29,developer_sponsorship,EU-Central,135.18,7114,115,6
2026-06-29,developer_sponsorship,APAC-SG,176.7,11239,409,20
2026-06-29,developer_sponsorship,LATAM,135.13,8602,345,9
2026-06-29,community_events,US-East,172.43,11063,410,20
2026-06-29,community_events,US-West,181.55,9489,244,13
2026-06-29,community_events,EU-Central,95.12,6189,114,3
2026-06-29,community_events,APAC-SG,102.4,6799,70,4
2026-06-29,community_events,LATAM,84.57,5836,222,11
2026-06-29,organic_direct,US-East,72.0,6502,83,5
2026-06-29,organic_direct,US-West,39.9,2032,95,6
2026-06-29,organic_direct,EU-Central,47.05,3701,142,6
2026-06-29,organic_direct,APAC-SG,30.76,1570,36,2
2026-06-29,organic_direct,LATAM,37.48,3433,160,4
2026-06-30,paid_search,US-East,724.01,45008,1510,77
2026-06-30,paid_search,US-West,515.6,33778,796,31
2026-06-30,paid_search,EU-Central,360.4,27218,396,20
2026-06-30,paid_search,APAC-SG,497.42,33560,1312,90
2026-06-30,paid_search,LATAM,416.16,25724,407,12
2026-06-30,paid_social,US-East,382.12,33630,1218,37
2026-06-30,paid_social,US-West,384.02,28688,1152,75
2026-06-30,paid_social,EU-Central,261.72,25179,820,47
2026-06-30,paid_social,APAC-SG,257.93,24042,843,24
2026-06-30,paid_social,LATAM,155.6,11220,248,9
2026-06-30,developer_sponsorship,US-East,176.09,13271,297,13
2026-06-30,developer_sponsorship,US-West,161.51,14791,193,13
2026-06-30,developer_sponsorship,EU-Central,218.37,17633,533,25
2026-06-30,developer_sponsorship,APAC-SG,165.21,14801,678,31
2026-06-30,developer_sponsorship,LATAM,166.02,13711,313,15
2026-06-30,community_events,US-East,142.29,7554,106,7
2026-06-30,community_events,US-West,149.5,12814,386,11
2026-06-30,community_events,EU-Central,114.57,8236,227,11
2026-06-30,community_events,APAC-SG,95.43,6550,139,6
2026-06-30,community_events,LATAM,94.82,7575,314,18
2026-06-30,organic_direct,US-East,44.37,2428,90,3
2026-06-30,organic_direct,US-West,62.38,5166,238,17
2026-06-30,organic_direct,EU-Central,40.5,3205,50,2
2026-06-30,organic_direct,APAC-SG,51.22,4349,111,6
2026-06-30,organic_direct,LATAM,44.2,2894,72,4
2026-07-01,paid_search,US-East,712.75,59518,2568,165
2026-07-01,paid_search,US-West,611.19,46645,1671,75
2026-07-01,paid_search,EU-Central,412.69,28116,483,15
2026-07-01,paid_search,APAC-SG,507.44,37709,718,20
2026-07-01,paid_search,LATAM,261.2,24088,338,22
2026-07-01,paid_social,US-East,432.39,40724,468,18
2026-07-01,paid_social,US-West,382.73,21644,542,16
2026-07-01,paid_social,EU-Central,323.68,28663,1214,36
2026-07-01,paid_social,APAC-SG,231.02,16296,603,20
2026-07-01,paid_social,LATAM,202.97,13040,520,24
2026-07-01,developer_sponsorship,US-East,244.9,16034,678,32
2026-07-01,developer_sponsorship,US-West,264.23,18071,865,68
2026-07-01,developer_sponsorship,EU-Central,175.86,11270,284,14
2026-07-01,developer_sponsorship,APAC-SG,204.76,18601,782,22
2026-07-01,developer_sponsorship,LATAM,119.0,9765,439,23
2026-07-01,community_events,US-East,137.08,12651,557,20
2026-07-01,community_events,US-West,191.05,12158,561,16
2026-07-01,community_events,EU-Central,129.94,12645,238,11
2026-07-01,community_events,APAC-SG,109.17,5604,67,3
2026-07-01,community_events,LATAM,88.35,8810,220,4
2026-07-01,organic_direct,US-East,75.51,6943,249,16
2026-07-01,organic_direct,US-West,43.04,2769,119,7
2026-07-01,organic_direct,EU-Central,35.25,3006,83,1
2026-07-01,organic_direct,APAC-SG,29.9,1877,81,4
2026-07-01,organic_direct,LATAM,39.77,3037,43,1
2026-07-02,paid_search,US-East,528.41,27682,741,50
2026-07-02,paid_search,US-West,535.85,29762,1375,76
2026-07-02,paid_search,EU-Central,319.44,24203,476,13
2026-07-02,paid_search,APAC-SG,383.02,30925,606,27
2026-07-02,paid_search,LATAM,384.52,20872,1022,24
2026-07-02,paid_social,US-East,365.63,27556,1364,72
2026-07-02,paid_social,US-West,308.31,22662,802,63
2026-07-02,paid_social,EU-Central,230.09,11691,485,19
2026-07-02,paid_social,APAC-SG,273.54,22269,909,58
2026-07-02,paid_social,LATAM,188.9,9863,314,21
2026-07-02,developer_sponsorship,US-East,193.21,17187,491,30
2026-07-02,developer_sponsorship,US-West,237.39,21501,269,17
2026-07-02,developer_sponsorship,EU-Central,175.43,11345,133,4
2026-07-02,developer_sponsorship,APAC-SG,116.02,11215,343,27
2026-07-02,developer_sponsorship,LATAM,143.61,8999,361,11
2026-07-02,community_events,US-East,164.55,14651,653,26
2026-07-02,community_events,US-West,127.82,8743,398,25
2026-07-02,community_events,EU-Central,166.97,11576,566,28
2026-07-02,community_events,APAC-SG,119.82,11528,354,24
2026-07-02,community_events,LATAM,119.31,6436,219,15
2026-07-02,organic_direct,US-East,61.64,4071,53,3
2026-07-02,organic_direct,US-West,48.61,3895,105,6
2026-07-02,organic_direct,EU-Central,40.99,2136,95,3
2026-07-02,organic_direct,APAC-SG,51.96,3311,162,12
2026-07-02,organic_direct,LATAM,26.08,2135,52,3
2026-07-03,paid_search,US-East,664.59,64890,1019,57
2026-07-03,paid_search,US-West,642.83,33259,422,28
2026-07-03,paid_search,EU-Central,413.91,28618,935,52
2026-07-03,paid_search,APAC-SG,442.97,43163,1073,70
2026-07-03,paid_search,LATAM,365.52,27952,724,42
2026-07-03,paid_social,US-East,305.92,17031,671,33
2026-07-03,paid_social,US-West,307.62,24020,491,17
2026-07-03,paid_social,EU-Central,261.3,26082,558,41
2026-07-03,paid_social,APAC-SG,238.73,13400,591,27
2026-07-03,paid_social,LATAM,260.23,18803,254,15
2026-07-03,developer_sponsorship,US-East,289.76,19118,456,10
2026-07-03,developer_sponsorship,US-West,225.57,21331,939,58
2026-07-03,developer_sponsorship,EU-Central,226.15,18518,773,39
2026-07-03,developer_sponsorship,APAC-SG,123.65,7425,115,7
2026-07-03,developer_sponsorship,LATAM,100.21,7786,192,13
2026-07-03,community_events,US-East,185.58,14957,201,7
2026-07-03,community_events,US-West,214.46,18431,571,37
2026-07-03,community_events,EU-Central,161.19,8653,423,24
2026-07-03,community_events,APAC-SG,116.4,9778,232,16
2026-07-03,community_events,LATAM,122.66,10056,173,13
2026-07-03,organic_direct,US-East,57.57,5499,67,1
2026-07-03,organic_direct,US-West,43.55,2536,58,3
2026-07-03,organic_direct,EU-Central,40.84,3963,181,12
2026-07-03,organic_direct,APAC-SG,34.01,2780,89,2
2026-07-03,organic_direct,LATAM,30.86,2366,71,2
2026-07-04,paid_search,US-East,758.98,43800,1592,100
2026-07-04,paid_search,US-West,584.7,53866,1753,121
2026-07-04,paid_search,EU-Central,322.66,16866,601,32
2026-07-04,paid_search,APAC-SG,436.27,38543,1027,59
2026-07-04,paid_search,LATAM,349.59,28442,613,47
2026-07-04,paid_social,US-East,356.32,32152,1202,45
2026-07-04,paid_social,US-West,245.45,13007,358,17
2026-07-04,paid_social,EU-Central,222.05,17837,401,25
2026-07-04,paid_social,APAC-SG,273.72,25466,1248,34
2026-07-04,paid_social,LATAM,193.69,15123,344,16
2026-07-04,developer_sponsorship,US-East,206.52,12886,178,6
2026-07-04,developer_sponsorship,US-West,204.71,16534,329,23
2026-07-04,developer_sponsorship,EU-Central,143.25,9507,314,12
2026-07-04,developer_sponsorship,APAC-SG,185.26,13878,424,21
2026-07-04,developer_sponsorship,LATAM,123.92,6339,303,15
2026-07-04,community_events,US-East,230.4,13998,337,7
2026-07-04,community_events,US-West,164.49,15481,559,26
2026-07-04,community_events,EU-Central,137.97,12742,347,25
2026-07-04,community_events,APAC-SG,136.38,12027,296,13
2026-07-04,community_events,LATAM,109.43,6536,209,5
2026-07-04,organic_direct,US-East,60.15,5306,112,8
2026-07-04,organic_direct,US-West,60.95,3409,167,7
2026-07-04,organic_direct,EU-Central,52.96,3545,168,10
2026-07-04,organic_direct,APAC-SG,32.78,2473,74,1
2026-07-04,organic_direct,LATAM,27.38,1824,52,2
2026-07-05,paid_search,US-East,638.25,48363,1118,63
2026-07-05,paid_search,US-West,438.63,43657,1727,65
2026-07-05,paid_search,EU-Central,405.82,37097,1160,72
2026-07-05,paid_search,APAC-SG,351.95,31952,790,47
2026-07-05,paid_search,LATAM,450.78,35695,1494,94
2026-07-05,paid_social,US-East,400.62,20564,596,46
2026-07-05,paid_social,US-West,386.01,34280,1134,71
2026-07-05,paid_social,EU-Central,283.53,16593,583,33
2026-07-05,paid_social,APAC-SG,289.13,16592,617,13
2026-07-05,paid_social,LATAM,266.47,14787,159,6
2026-07-05,developer_sponsorship,US-East,189.81,16043,423,28
2026-07-05,developer_sponsorship,US-West,275.51,25799,1017,24
2026-07-05,developer_sponsorship,EU-Central,140.91,8506,195,11
2026-07-05,developer_sponsorship,APAC-SG,162.45,10670,180,13
2026-07-05,developer_sponsorship,LATAM,126.76,8583,350,22
2026-07-05,community_events,US-East,195.48,16550,569,17
2026-07-05,community_events,US-West,139.91,10899,207,16
2026-07-05,community_events,EU-Central,118.61,7644,139,8
2026-07-05,community_events,APAC-SG,106.83,7204,341,23
2026-07-05,community_events,LATAM,90.73,5089,188,8
2026-07-05,organic_direct,US-East,77.29,7027,338,23
2026-07-05,organic_direct,US-West,48.08,3095,119,4
2026-07-05,organic_direct,EU-Central,43.44,2728,79,2
2026-07-05,organic_direct,APAC-SG,40.93,3955,149,4
2026-07-05,organic_direct,LATAM,37.43,2969,58,3
2026-07-06,paid_search,US-East,611.17,50053,605,27
2026-07-06,paid_search,US-West,621.73,34212,1396,28
2026-07-06,paid_search,EU-Central,463.6,44716,1174,89
2026-07-06,paid_search,APAC-SG,490.82,36258,651,50
2026-07-06,paid_search,LATAM,312.45,25713,1190,30
2026-07-06,paid_social,US-East,376.01,28861,1123,85
2026-07-06,paid_social,US-West,411.82,24195,1095,33
2026-07-06,paid_social,EU-Central,337.98,33750,873,43
2026-07-06,paid_social,APAC-SG,302.87,29713,1397,101
2026-07-06,paid_social,LATAM,148.17,11616,166,13
2026-07-06,developer_sponsorship,US-East,208.98,20784,659,32
2026-07-06,developer_sponsorship,US-West,277.89,25719,738,23
2026-07-06,developer_sponsorship,EU-Central,138.17,8031,227,8
2026-07-06,developer_sponsorship,APAC-SG,129.88,11277,469,25
2026-07-06,developer_sponsorship,LATAM,161.61,9498,420,31
2026-07-06,community_events,US-East,215.31,16312,219,13
2026-07-06,community_events,US-West,133.79,7630,175,6
2026-07-06,community_events,EU-Central,115.62,7142,286,22
2026-07-06,community_events,APAC-SG,105.74,9108,95,5
2026-07-06,community_events,LATAM,117.14,6220,91,3
2026-07-06,organic_direct,US-East,56.59,4251,194,12
2026-07-06,organic_direct,US-West,48.76,2724,127,4
2026-07-06,organic_direct,EU-Central,48.09,2931,44,1
2026-07-06,organic_direct,APAC-SG,45.95,3689,98,5
2026-07-06,organic_direct,LATAM,34.39,2643,96,3
2026-07-07,paid_search,US-East,509.09,44666,2006,49
2026-07-07,paid_search,US-West,532.43,45356,595,32
2026-07-07,paid_search,EU-Central,331.67,25665,775,42
2026-07-07,paid_search,APAC-SG,315.96,20981,646,17
2026-07-07,paid_search,LATAM,288.13,22807,311,15
2026-07-07,paid_social,US-East,426.68,31007,946,44
2026-07-07,paid_social,US-West,242.43,17726,749,47
2026-07-07,paid_social,EU-Central,253.14,22990,915,50
2026-07-07,paid_social,APAC-SG,174.52,11732,147,11
2026-07-07,paid_social,LATAM,264.76,14151,670,14
2026-07-07,developer_sponsorship,US-East,226.88,20067,815,64
2026-07-07,developer_sponsorship,US-West,239.26,16991,844,36
2026-07-07,developer_sponsorship,EU-Central,219.92,20966,524,31
2026-07-07,developer_sponsorship,APAC-SG,175.53,13509,488,19
2026-07-07,developer_sponsorship,LATAM,112.99,8684,270,17
2026-07-07,community_events,US-East,150.05,7528,82,3
2026-07-07,community_events,US-West,182.18,14068,440,30
2026-07-07,community_events,EU-Central,114.55,7710,162,12
2026-07-07,community_events,APAC-SG,136.2,7578,321,14
2026-07-07,community_events,LATAM,121.76,11468,121,3
2026-07-07,organic_direct,US-East,45.63,2358,79,4
2026-07-07,organic_direct,US-West,40.11,3490,91,3
2026-07-07,organic_direct,EU-Central,37.37,3482,42,2
2026-07-07,organic_direct,APAC-SG,34.94,3172,124,4
2026-07-07,organic_direct,LATAM,37.06,3099,70,2
2026-07-08,paid_search,US-East,471.57,39145,737,28
2026-07-08,paid_search,US-West,405.12,39469,1783,133
2026-07-08,paid_search,EU-Central,484.02,34539,1030,80
2026-07-08,paid_search,APAC-SG,505.98,42283,1751,68
2026-07-08,paid_search,LATAM,332.43,19101,478,31
2026-07-08,paid_social,US-East,354.28,32759,721,45
2026-07-08,paid_social,US-West,390.54,37389,1214,94
2026-07-08,paid_social,EU-Central,279.28,15836,312,10
2026-07-08,paid_social,APAC-SG,261.13,25097,1101,28
2026-07-08,paid_social,LATAM,238.3,14184,294,17
2026-07-08,developer_sponsorship,US-East,254.82,23871,418,27
2026-07-08,developer_sponsorship,US-West,249.61,19455,567,40
2026-07-08,developer_sponsorship,EU-Central,161.96,15847,168,12
2026-07-08,developer_sponsorship,APAC-SG,204.36,11416,570,27
2026-07-08,developer_sponsorship,LATAM,118.38,9496,172,12
2026-07-08,community_events,US-East,185.62,16478,415,21
2026-07-08,community_events,US-West,151.07,9529,290,14
2026-07-08,community_events,EU-Central,102.49,10153,292,20
2026-07-08,community_events,APAC-SG,149.83,10268,272,14
2026-07-08,community_events,LATAM,87.44,5009,102,7
2026-07-08,organic_direct,US-East,62.85,4454,71,2
2026-07-08,organic_direct,US-West,51.03,4677,140,8
2026-07-08,organic_direct,EU-Central,49.99,3142,134,10
2026-07-08,organic_direct,APAC-SG,43.4,3234,54,3
2026-07-08,organic_direct,LATAM,28.05,2412,71,5
2026-07-09,paid_search,US-East,615.17,50499,623,13
2026-07-09,paid_search,US-West,664.41,64620,2373,156
2026-07-09,paid_search,EU-Central,426.35,39278,756,47
2026-07-09,paid_search,APAC-SG,282.19,21245,529,30
2026-07-09,paid_search,LATAM,385.02,31119,912,44
2026-07-09,paid_social,US-East,253.43,19661,205,10
2026-07-09,paid_social,US-West,285.4,28218,301,20
2026-07-09,paid_social,EU-Central,298.19,26929,1249,32
2026-07-09,paid_social,APAC-SG,181.87,10447,184,9
2026-07-09,paid_social,LATAM,249.72,15823,409,17
2026-07-09,developer_sponsorship,US-East,226.47,17721,879,29
2026-07-09,developer_sponsorship,US-West,244.29,22570,815,58
2026-07-09,developer_sponsorship,EU-Central,208.04,11374,286,15
2026-07-09,developer_sponsorship,APAC-SG,117.39,5924,99,4
2026-07-09,developer_sponsorship,LATAM,134.45,11995,391,27
2026-07-09,community_events,US-East,136.3,10414,121,3
2026-07-09,community_events,US-West,201.44,19011,551,12
2026-07-09,community_events,EU-Central,100.52,9677,444,23
2026-07-09,community_events,APAC-SG,86.37,8329,188,14
2026-07-09,community_events,LATAM,110.48,9679,372,16
2026-07-09,organic_direct,US-East,44.77,2602,51,3
2026-07-09,organic_direct,US-West,51.34,4868,113,7
2026-07-09,organic_direct,EU-Central,35.28,3507,136,6
2026-07-09,organic_direct,APAC-SG,51.38,2706,74,5
2026-07-09,organic_direct,LATAM,31.65,2799,134,5
2026-07-10,paid_search,US-East,698.48,35958,752,59
2026-07-10,paid_search,US-West,546.9,37074,1766,81
2026-07-10,paid_search,EU-Central,498.52,41393,555,31
2026-07-10,paid_search,APAC-SG,471.53,40389,536,15
2026-07-10,paid_search,LATAM,394.45,32224,1275,49
2026-07-10,paid_social,US-East,275.01,13821,308,12
2026-07-10,paid_social,US-West,284.41,16104,281,13
2026-07-10,paid_social,EU-Central,278.87,19633,216,8
2026-07-10,paid_social,APAC-SG,181.4,14494,333,14
2026-07-10,paid_social,LATAM,183.77,12751,170,12
2026-07-10,developer_sponsorship,US-East,298.35,29509,970,29
2026-07-10,developer_sponsorship,US-West,204.26,11630,256,12
2026-07-10,developer_sponsorship,EU-Central,132.83,9528,255,12
2026-07-10,developer_sponsorship,APAC-SG,119.38,7471,148,8
2026-07-10,developer_sponsorship,LATAM,147.88,8839,126,4
2026-07-10,community_events,US-East,228.47,15218,529,36
2026-07-10,community_events,US-West,148.12,9885,421,30
2026-07-10,community_events,EU-Central,173.41,9850,224,17
2026-07-10,community_events,APAC-SG,98.46,6469,314,24
2026-07-10,community_events,LATAM,91.86,7784,230,12
2026-07-10,organic_direct,US-East,50.73,3490,148,6
2026-07-10,organic_direct,US-West,42.26,3304,111,5
2026-07-10,organic_direct,EU-Central,49.91,3868,186,8
2026-07-10,organic_direct,APAC-SG,45.0,3236,70,4
2026-07-10,organic_direct,LATAM,41.7,3743,98,4
2026-07-11,paid_search,US-East,648.0,40241,1462,91
2026-07-11,paid_search,US-West,645.4,34656,1719,83
2026-07-11,paid_search,EU-Central,423.22,31881,1492,91
2026-07-11,paid_search,APAC-SG,410.47,36751,896,66
2026-07-11,paid_search,LATAM,357.75,29302,392,25
2026-07-11,paid_social,US-East,394.04,26696,957,21
2026-07-11,paid_social,US-West,425.75,35709,927,60
2026-07-11,paid_social,EU-Central,345.45,24707,257,9
2026-07-11,paid_social,APAC-SG,241.54,18342,609,33
2026-07-11,paid_social,LATAM,203.17,14131,577,31
2026-07-11,developer_sponsorship,US-East,240.07,16144,177,4
2026-07-11,developer_sponsorship,US-West,208.91,20491,300,22
2026-07-11,developer_sponsorship,EU-Central,141.3,9268,261,8
2026-07-11,developer_sponsorship,APAC-SG,158.36,11688,321,19
2026-07-11,developer_sponsorship,LATAM,124.79,8112,344,9
2026-07-11,community_events,US-East,217.71,17938,665,19
2026-07-11,community_events,US-West,212.91,13242,224,6
2026-07-11,community_events,EU-Central,139.85,13694,263,11
2026-07-11,community_events,APAC-SG,97.28,7979,217,4
2026-07-11,community_events,LATAM,112.19,6716,226,9
2026-07-11,organic_direct,US-East,67.37,4061,162,11
2026-07-11,organic_direct,US-West,40.56,2234,100,3
2026-07-11,organic_direct,EU-Central,40.3,2936,60,4
2026-07-11,organic_direct,APAC-SG,40.67,3333,112,6
2026-07-11,organic_direct,LATAM,36.83,2482,108,6
2026-07-12,paid_search,US-East,712.95,60814,1331,75
2026-07-12,paid_search,US-West,412.97,23414,344,13
2026-07-12,paid_search,EU-Central,364.42,30856,939,42
2026-07-12,paid_search,APAC-SG,313.09,21661,377,21
2026-07-12,paid_search,LATAM,390.62,32133,1606,85
2026-07-12,paid_social,US-East,357.76,20397,460,21
2026-07-12,paid_social,US-West,241.62,16418,170,4
2026-07-12,paid_social,EU-Central,321.06,31525,952,47
2026-07-12,paid_social,APAC-SG,266.6,18870,822,40
2026-07-12,paid_social,LATAM,157.42,8113,328,12
2026-07-12,developer_sponsorship,US-East,207.58,15958,266,12
2026-07-12,developer_sponsorship,US-West,252.01,22251,711,19
2026-07-12,developer_sponsorship,EU-Central,138.33,12277,527,22
2026-07-12,developer_sponsorship,APAC-SG,190.97,9945,385,20
2026-07-12,developer_sponsorship,LATAM,181.14,9984,431,28
2026-07-12,community_events,US-East,158.15,15809,442,18
2026-07-12,community_events,US-West,196.36,14128,702,46
2026-07-12,community_events,EU-Central,113.69,10292,344,14
2026-07-12,community_events,APAC-SG,135.17,11035,183,5
2026-07-12,community_events,LATAM,86.52,5221,64,2
2026-07-12,organic_direct,US-East,52.12,4010,92,5
2026-07-12,organic_direct,US-West,48.05,3044,134,10
2026-07-12,organic_direct,EU-Central,49.84,2729,132,8
2026-07-12,organic_direct,APAC-SG,50.05,4986,222,6
2026-07-12,organic_direct,LATAM,42.69,2667,102,7
2026-07-13,paid_search,US-East,694.13,58176,1720,93
2026-07-13,paid_search,US-West,473.68,33494,940,54
2026-07-13,paid_search,EU-Central,552.63,30203,924,33
2026-07-13,paid_search,APAC-SG,504.72,34549,1658,65
2026-07-13,paid_search,LATAM,245.52,21779,856,54
2026-07-13,paid_social,US-East,351.03,29208,710,16
2026-07-13,paid_social,US-West,336.82,20509,557,18
2026-07-13,paid_social,EU-Central,232.5,21254,499,27
2026-07-13,paid_social,APAC-SG,249.52,18531,440,26
2026-07-13,paid_social,LATAM,153.1,8417,348,16
2026-07-13,developer_sponsorship,US-East,185.89,17265,477,9
2026-07-13,developer_sponsorship,US-West,280.46,16860,632,17
2026-07-13,developer_sponsorship,EU-Central,196.2,11369,537,19
2026-07-13,developer_sponsorship,APAC-SG,174.84,10930,271,20
2026-07-13,developer_sponsorship,LATAM,111.9,7812,173,10
2026-07-13,community_events,US-East,151.29,12522,477,9
2026-07-13,community_events,US-West,162.7,9214,175,10
2026-07-13,community_events,EU-Central,95.25,8075,344,27
2026-07-13,community_events,APAC-SG,114.41,6476,83,3
2026-07-13,community_events,LATAM,119.54,6589,148,10
2026-07-13,organic_direct,US-East,46.94,4162,167,4
2026-07-13,organic_direct,US-West,71.27,4072,127,2
2026-07-13,organic_direct,EU-Central,49.05,3531,137,7
2026-07-13,organic_direct,APAC-SG,31.63,2232,83,5
2026-07-13,organic_direct,LATAM,26.32,1448,58,3
2026-07-14,paid_search,US-East,558.25,54799,1237,35
2026-07-14,paid_search,US-West,476.4,25826,829,46
2026-07-14,paid_search,EU-Central,479.05,42610,1602,113
2026-07-14,paid_search,APAC-SG,438.02,28507,875,44
2026-07-14,paid_search,LATAM,402.05,26043,317,23
2026-07-14,paid_social,US-East,458.21,34248,496,24
2026-07-14,paid_social,US-West,348.6,26638,1308,103
2026-07-14,paid_social,EU-Central,340.3,19260,855,46
2026-07-14,paid_social,APAC-SG,220.62,18564,752,58
2026-07-14,paid_social,LATAM,244.07,12407,157,5
2026-07-14,developer_sponsorship,US-East,173.74,9212,382,19
2026-07-14,developer_sponsorship,US-West,236.97,17785,473,29
2026-07-14,developer_sponsorship,EU-Central,134.9,10364,359,13
2026-07-14,developer_sponsorship,APAC-SG,141.75,10711,194,13
2026-07-14,developer_sponsorship,LATAM,143.06,9947,351,24
2026-07-14,community_events,US-East,199.55,10637,403,25
2026-07-14,community_events,US-West,199.3,10542,141,6
2026-07-14,community_events,EU-Central,131.22,10555,236,15
2026-07-14,community_events,APAC-SG,137.33,7686,294,18
2026-07-14,community_events,LATAM,83.82,8185,253,16
2026-07-14,organic_direct,US-East,67.95,3964,59,3
2026-07-14,organic_direct,US-West,47.37,4467,182,3
2026-07-14,organic_direct,EU-Central,53.29,3389,42,2
2026-07-14,organic_direct,APAC-SG,41.84,2253,63,2
2026-07-14,organic_direct,LATAM,34.99,2741,67,2
2026-07-15,paid_search,US-East,457.05,35967,1399,47
2026-07-15,paid_search,US-West,552.91,28862,1284,44
2026-07-15,paid_search,EU-Central,442.38,30590,489,37
2026-07-15,paid_search,APAC-SG,485.8,37719,1756,113
2026-07-15,paid_search,LATAM,333.07,22012,586,37
2026-07-15,paid_social,US-East,310.59,16739,417,20
2026-07-15,paid_social,US-West,409.58,24151,1018,80
2026-07-15,paid_social,EU-Central,343.56,18362,525,19
2026-07-15,paid_social,APAC-SG,289.66,19223,617,12
2026-07-15,paid_social,LATAM,172.28,13470,298,17
2026-07-15,developer_sponsorship,US-East,234.81,18687,555,36
2026-07-15,developer_sponsorship,US-West,179.8,17084,690,23
2026-07-15,developer_sponsorship,EU-Central,126.69,8931,172,7
2026-07-15,developer_sponsorship,APAC-SG,192.6,18077,868,17
2026-07-15,developer_sponsorship,LATAM,153.21,14164,553,14
2026-07-15,community_events,US-East,183.22,11342,336,7
2026-07-15,community_events,US-West,214.2,18331,251,18
2026-07-15,community_events,EU-Central,167.18,12703,483,20
2026-07-15,community_events,APAC-SG,154.17,8362,115,3
2026-07-15,community_events,LATAM,125.16,6726,220,10
2026-07-15,organic_direct,US-East,76.71,4743,96,3
2026-07-15,organic_direct,US-West,64.93,5521,217,8
2026-07-15,organic_direct,EU-Central,38.84,2087,37,2
2026-07-15,organic_direct,APAC-SG,42.03,2428,40,1
2026-07-15,organic_direct,LATAM,33.04,2537,123,3
2026-07-16,paid_search,US-East,530.99,33585,496,14
2026-07-16,paid_search,US-West,611.4,55832,2114,47
2026-07-16,paid_search,EU-Central,540.7,35896,489,17
2026-07-16,paid_search,APAC-SG,365.38,27649,1025,36
2026-07-16,paid_search,LATAM,453.04,23356,611,28
2026-07-16,paid_social,US-East,413.58,25845,736,50
2026-07-16,paid_social,US-West,258.68,13088,565,44
2026-07-16,paid_social,EU-Central,210.18,19164,476,27
2026-07-16,paid_social,APAC-SG,260.83,20635,419,28
2026-07-16,paid_social,LATAM,149.75,7970,367,17
2026-07-16,developer_sponsorship,US-East,186.55,17769,767,30
2026-07-16,developer_sponsorship,US-West,159.64,11661,194,10
2026-07-16,developer_sponsorship,EU-Central,214.74,14978,167,10
2026-07-16,developer_sponsorship,APAC-SG,128.59,7810,136,5
2026-07-16,developer_sponsorship,LATAM,172.21,8908,309,10
2026-07-16,community_events,US-East,157.87,11145,356,8
2026-07-16,community_events,US-West,143.2,8142,146,10
2026-07-16,community_events,EU-Central,137.09,11178,470,31
2026-07-16,community_events,APAC-SG,155.24,13831,336,17
2026-07-16,community_events,LATAM,104.03,9948,299,12
2026-07-16,organic_direct,US-East,48.47,3196,59,4
2026-07-16,organic_direct,US-West,64.19,3397,168,8
2026-07-16,organic_direct,EU-Central,52.2,5218,255,6
2026-07-16,organic_direct,APAC-SG,43.76,2771,118,8
2026-07-16,organic_direct,LATAM,25.67,2562,48,3
2026-07-17,paid_search,US-East,707.06,47896,2086,147
2026-07-17,paid_search,US-West,443.11,35283,1490,92
2026-07-17,paid_search,EU-Central,561.77,28880,1098,84
2026-07-17,paid_search,APAC-SG,415.27,32455,568,45
2026-07-17,paid_search,LATAM,430.14,32093,717,35
2026-07-17,paid_social,US-East,271.5,16732,313,16
2026-07-17,paid_social,US-West,231.14,22165,400,11
2026-07-17,paid_social,EU-Central,305.14,29274,1281,50
2026-07-17,paid_social,APAC-SG,171.16,13578,633,42
2026-07-17,paid_social,LATAM,253.66,23598,1142,48
2026-07-17,developer_sponsorship,US-East,303.64,21187,297,11
2026-07-17,developer_sponsorship,US-West,172.01,9955,477,32
2026-07-17,developer_sponsorship,EU-Central,229.75,18944,321,25
2026-07-17,developer_sponsorship,APAC-SG,178.58,17222,714,23
2026-07-17,developer_sponsorship,LATAM,147.47,8666,193,11
2026-07-17,community_events,US-East,139.75,12080,579,44
2026-07-17,community_events,US-West,154.27,15382,747,16
2026-07-17,community_events,EU-Central,143.29,13763,670,22
2026-07-17,community_events,APAC-SG,124.72,12077,188,12
2026-07-17,community_events,LATAM,88.49,8771,146,10
2026-07-17,organic_direct,US-East,45.19,3861,137,10
2026-07-17,organic_direct,US-West,53.24,3367,67,1
2026-07-17,organic_direct,EU-Central,38.43,2129,21,0
2026-07-17,organic_direct,APAC-SG,45.58,4487,203,10
2026-07-17,organic_direct,LATAM,32.45,2508,35,1
2026-07-18,paid_search,US-East,731.06,60347,2262,67
2026-07-18,paid_search,US-West,409.32,37775,823,32
2026-07-18,paid_search,EU-Central,571.95,30719,516,21
2026-07-18,paid_search,APAC-SG,455.68,35247,1618,41
2026-07-18,paid_search,LATAM,369.75,29832,874,19
2026-07-18,paid_social,US-East,455.57,26536,1209,35
2026-07-18,paid_social,US-West,251.05,15132,266,16
2026-07-18,paid_social,EU-Central,305.97,26466,545,20
2026-07-18,paid_social,APAC-SG,202.21,10612,348,24
2026-07-18,paid_social,LATAM,166.35,11318,306,11
2026-07-18,developer_sponsorship,US-East,263.33,21069,378,8
2026-07-18,developer_sponsorship,US-West,176.55,11403,151,10
2026-07-18,developer_sponsorship,EU-Central,159.3,11130,329,19
2026-07-18,developer_sponsorship,APAC-SG,120.75,9322,162,11
2026-07-18,developer_sponsorship,LATAM,129.03,9327,191,9
2026-07-18,community_events,US-East,150.43,9541,118,7
2026-07-18,community_events,US-West,181.58,9857,234,12
2026-07-18,community_events,EU-Central,173.13,13761,442,31
2026-07-18,community_events,APAC-SG,142.93,10138,318,22
2026-07-18,community_events,LATAM,103.41,9729,282,6
2026-07-18,organic_direct,US-East,74.5,6385,192,14
2026-07-18,organic_direct,US-West,64.91,5444,189,5
2026-07-18,organic_direct,EU-Central,51.94,3045,150,11
2026-07-18,organic_direct,APAC-SG,47.4,2669,71,5
2026-07-18,organic_direct,LATAM,33.64,3359,117,8
2026-07-19,paid_search,US-East,512.84,48996,2281,54
2026-07-19,paid_search,US-West,513.07,35847,826,30
2026-07-19,paid_search,EU-Central,438.7,41094,1703,97
2026-07-19,paid_search,APAC-SG,405.41,28775,764,22
2026-07-19,paid_search,LATAM,368.47,32395,1541,116
2026-07-19,paid_social,US-East,373.54,20563,440,22
2026-07-19,paid_social,US-West,299.09,21099,534,26
2026-07-19,paid_social,EU-Central,287.65,14921,313,8
2026-07-19,paid_social,APAC-SG,255.65,21649,250,18
2026-07-19,paid_social,LATAM,188.77,11680,465,34
2026-07-19,developer_sponsorship,US-East,297.17,15159,647,24
2026-07-19,developer_sponsorship,US-West,191.01,14245,539,13
2026-07-19,developer_sponsorship,EU-Central,219.84,12469,610,28
2026-07-19,developer_sponsorship,APAC-SG,191.28,12140,323,18
2026-07-19,developer_sponsorship,LATAM,113.79,6892,296,19
2026-07-19,community_events,US-East,208.03,19421,832,42
2026-07-19,community_events,US-West,131.24,8603,260,7
2026-07-19,community_events,EU-Central,163.45,15358,171,5
2026-07-19,community_events,APAC-SG,143.97,13223,264,12
2026-07-19,community_events,LATAM,131.34,11194,234,16
2026-07-19,organic_direct,US-East,60.18,4920,73,1
2026-07-19,organic_direct,US-West,50.79,4048,69,4
2026-07-19,organic_direct,EU-Central,47.35,3195,52,3
2026-07-19,organic_direct,APAC-SG,45.98,3882,83,3
2026-07-19,organic_direct,LATAM,27.92,2194,106,7
2026-07-20,paid_search,US-East,653.06,54781,1137,50
2026-07-20,paid_search,US-West,391.62,34860,1418,29
2026-07-20,paid_search,EU-Central,561.11,46217,1573,32
2026-07-20,paid_search,APAC-SG,340.57,30737,682,53
2026-07-20,paid_search,LATAM,379.98,27050,677,27
2026-07-20,paid_social,US-East,306.43,22472,833,57
2026-07-20,paid_social,US-West,309.64,17065,519,31
2026-07-20,paid_social,EU-Central,325.61,22373,803,45
2026-07-20,paid_social,APAC-SG,210.98,11689,146,11
2026-07-20,paid_social,LATAM,227.71,21194,433,27
2026-07-20,developer_sponsorship,US-East,296.5,19254,308,20
2026-07-20,developer_sponsorship,US-West,272.76,24622,1036,58
2026-07-20,developer_sponsorship,EU-Central,197.34,16584,644,38
2026-07-20,developer_sponsorship,APAC-SG,207.76,13082,349,15
2026-07-20,developer_sponsorship,LATAM,100.97,8623,283,8
2026-07-20,community_events,US-East,204.47,12496,392,26
2026-07-20,community_events,US-West,205.25,17157,519,36
2026-07-20,community_events,EU-Central,162.59,15254,263,6
2026-07-20,community_events,APAC-SG,93.21,5865,248,16
2026-07-20,community_events,LATAM,85.03,7141,167,4
2026-07-20,organic_direct,US-East,54.79,4778,106,7
2026-07-20,organic_direct,US-West,49.43,3115,67,4
2026-07-20,organic_direct,EU-Central,44.2,4124,137,10
2026-07-20,organic_direct,APAC-SG,29.71,2806,84,6
2026-07-20,organic_direct,LATAM,32.52,2111,25,1
2026-07-21,paid_search,US-East,469.45,28173,742,40
2026-07-21,paid_search,US-West,684.18,49862,1129,71
2026-07-21,paid_search,EU-Central,525.31,39072,1376,42
2026-07-21,paid_search,APAC-SG,432.28,21715,454,29
2026-07-21,paid_search,LATAM,280.41,24738,731,48
2026-07-21,paid_social,US-East,271.02,21877,773,34
2026-07-21,paid_social,US-West,422.13,29196,336,10
2026-07-21,paid_social,EU-Central,249.44,12647,289,20
2026-07-21,paid_social,APAC-SG,195.44,16385,574,20
2026-07-21,paid_social,LATAM,234.38,15754,238,10
2026-07-21,developer_sponsorship,US-East,252.77,14749,633,23
2026-07-21,developer_sponsorship,US-West,192.39,16620,562,22
2026-07-21,developer_sponsorship,EU-Central,221.9,22139,524,38
2026-07-21,developer_sponsorship,APAC-SG,146.49,8704,417,31
2026-07-21,developer_sponsorship,LATAM,131.88,8100,316,8
2026-07-21,community_events,US-East,205.28,16316,273,11
2026-07-21,community_events,US-West,179.9,9331,420,14
2026-07-21,community_events,EU-Central,137.81,7225,359,21
2026-07-21,community_events,APAC-SG,131.06,6682,251,11
2026-07-21,community_events,LATAM,97.46,7539,218,6
2026-07-21,organic_direct,US-East,67.03,5463,120,7
2026-07-21,organic_direct,US-West,60.36,3832,131,3
2026-07-21,organic_direct,EU-Central,53.93,2979,115,3
2026-07-21,organic_direct,APAC-SG,30.74,1700,30,0
2026-07-21,organic_direct,LATAM,30.02,2286,41,2
2026-07-22,paid_search,US-East,526.33,27353,816,26
2026-07-22,paid_search,US-West,692.93,46100,466,28
2026-07-22,paid_search,EU-Central,559.86,51373,1888,54
2026-07-22,paid_search,APAC-SG,301.62,22798,887,23
2026-07-22,paid_search,LATAM,298.74,18389,911,34
2026-07-22,paid_social,US-East,352.28,19372,329,7
2026-07-22,paid_social,US-West,288.53,25990,584,37
2026-07-22,paid_social,EU-Central,204.39,17967,212,15
2026-07-22,paid_social,APAC-SG,263.52,15422,374,17
2026-07-22,paid_social,LATAM,225.35,21165,290,19
2026-07-22,developer_sponsorship,US-East,194.33,13610,659,23
2026-07-22,developer_sponsorship,US-West,204.91,18961,796,46
2026-07-22,developer_sponsorship,EU-Central,212.07,11802,446,10
2026-07-22,developer_sponsorship,APAC-SG,202.48,11737,312,17
2026-07-22,developer_sponsorship,LATAM,165.39,13879,239,10
2026-07-22,community_events,US-East,164.73,8473,316,22
2026-07-22,community_events,US-West,211.87,11977,560,14
2026-07-22,community_events,EU-Central,127.81,6684,136,5
2026-07-22,community_events,APAC-SG,134.73,11303,460,25
2026-07-22,community_events,LATAM,109.1,10789,396,15
2026-07-22,organic_direct,US-East,60.83,5172,71,4
2026-07-22,organic_direct,US-West,46.7,3142,116,4
2026-07-22,organic_direct,EU-Central,54.15,4219,208,4
2026-07-22,organic_direct,APAC-SG,43.44,2512,110,7
2026-07-22,organic_direct,LATAM,42.76,2298,68,2
2026-07-23,paid_search,US-East,769.25,40399,763,44
2026-07-23,paid_search,US-West,518.08,31991,907,61
2026-07-23,paid_search,EU-Central,435.99,40472,1128,30
2026-07-23,paid_search,APAC-SG,399.37,33015,465,20
2026-07-23,paid_search,LATAM,362.0,18103,246,13
2026-07-23,paid_social,US-East,385.72,25160,763,24
2026-07-23,paid_social,US-West,363.95,35491,870,20
2026-07-23,paid_social,EU-Central,225.11,16370,530,30
2026-07-23,paid_social,APAC-SG,236.13,19565,755,20
2026-07-23,paid_social,LATAM,242.67,14824,350,24
2026-07-23,developer_sponsorship,US-East,306.88,19824,612,38
2026-07-23,developer_sponsorship,US-West,160.04,9315,145,9
2026-07-23,developer_sponsorship,EU-Central,203.93,11287,388,12
2026-07-23,developer_sponsorship,APAC-SG,201.3,14019,396,26
2026-07-23,developer_sponsorship,LATAM,158.21,8762,232,17
2026-07-23,community_events,US-East,216.45,17194,702,33
2026-07-23,community_events,US-West,180.69,17673,271,13
2026-07-23,community_events,EU-Central,137.46,7206,341,23
2026-07-23,community_events,APAC-SG,118.77,8957,419,12
2026-07-23,community_events,LATAM,109.95,9513,143,6
2026-07-23,organic_direct,US-East,63.62,5988,180,7
2026-07-23,organic_direct,US-West,70.82,6784,274,9
2026-07-23,organic_direct,EU-Central,57.52,5667,159,4
2026-07-23,organic_direct,APAC-SG,37.91,3222,128,4
2026-07-23,organic_direct,LATAM,39.23,3649,140,10
2026-07-24,paid_search,US-East,647.73,38892,1359,50
2026-07-24,paid_search,US-West,498.95,41721,2054,121
2026-07-24,paid_search,EU-Central,573.75,43142,1629,64
2026-07-24,paid_search,APAC-SG,307.7,20804,607,32
2026-07-24,paid_search,LATAM,385.1,27293,1089,76
2026-07-24,paid_social,US-East,313.76,28980,1226,62
2026-07-24,paid_social,US-West,236.0,13514,497,15
2026-07-24,paid_social,EU-Central,310.53,18025,386,13
2026-07-24,paid_social,APAC-SG,288.87,24418,532,34
2026-07-24,paid_social,LATAM,151.07,13702,193,13
2026-07-24,developer_sponsorship,US-East,274.49,25594,1015,54
2026-07-24,developer_sponsorship,US-West,185.36,16536,693,25
2026-07-24,developer_sponsorship,EU-Central,197.77,19050,485,37
2026-07-24,developer_sponsorship,APAC-SG,205.68,13499,433,8
2026-07-24,developer_sponsorship,LATAM,119.11,9651,397,28
2026-07-24,community_events,US-East,215.64,20609,786,46
2026-07-24,community_events,US-West,190.26,14712,502,33
2026-07-24,community_events,EU-Central,172.61,11169,190,11
2026-07-24,community_events,APAC-SG,97.46,5719,174,7
2026-07-24,community_events,LATAM,100.5,7821,118,6
2026-07-24,organic_direct,US-East,51.18,3404,130,3
2026-07-24,organic_direct,US-West,43.57,2881,34,2
2026-07-24,organic_direct,EU-Central,48.12,3998,118,6
2026-07-24,organic_direct,APAC-SG,36.59,3263,74,2
2026-07-24,organic_direct,LATAM,28.36,1514,45,2
2026-07-25,paid_search,US-East,613.33,33486,631,20
2026-07-25,paid_search,US-West,494.52,33647,630,41
2026-07-25,paid_search,EU-Central,458.23,45745,1964,154
2026-07-25,paid_search,APAC-SG,282.11,23541,655,48
2026-07-25,paid_search,LATAM,373.88,30305,1465,89
2026-07-25,paid_social,US-East,321.32,30781,1471,63
2026-07-25,paid_social,US-West,337.97,21677,1006,69
2026-07-25,paid_social,EU-Central,249.74,22511,626,14
2026-07-25,paid_social,APAC-SG,297.35,17729,541,41
2026-07-25,paid_social,LATAM,168.09,16441,518,10
2026-07-25,developer_sponsorship,US-East,177.43,14818,606,43
2026-07-25,developer_sponsorship,US-West,210.0,11591,365,22
2026-07-25,developer_sponsorship,EU-Central,231.43,20541,736,56
2026-07-25,developer_sponsorship,APAC-SG,183.7,10597,300,11
2026-07-25,developer_sponsorship,LATAM,105.35,5553,231,12
2026-07-25,community_events,US-East,188.1,11546,234,10
2026-07-25,community_events,US-West,177.89,12746,136,8
2026-07-25,community_events,EU-Central,137.82,11311,392,25
2026-07-25,community_events,APAC-SG,126.16,10729,138,10
2026-07-25,community_events,LATAM,80.19,7164,157,3
2026-07-25,organic_direct,US-East,69.55,4999,128,7
2026-07-25,organic_direct,US-West,54.14,4151,64,2
2026-07-25,organic_direct,EU-Central,53.03,4098,198,5
2026-07-25,organic_direct,APAC-SG,44.25,4235,177,11
2026-07-25,organic_direct,LATAM,32.34,3152,101,5
2026-07-26,paid_search,US-East,464.36,23334,790,41
2026-07-26,paid_search,US-West,697.5,45501,1816,134
2026-07-26,paid_search,EU-Central,407.84,28806,1032,52
2026-07-26,paid_search,APAC-SG,318.63,19448,843,26
2026-07-26,paid_search,LATAM,283.09,25473,1123,79
2026-07-26,paid_social,US-East,453.39,45210,1286,68
2026-07-26,paid_social,US-West,288.55,15399,214,13
2026-07-26,paid_social,EU-Central,267.92,17828,269,15
2026-07-26,paid_social,APAC-SG,182.41,14770,679,26
2026-07-26,paid_social,LATAM,203.78,16468,366,20
2026-07-26,developer_sponsorship,US-East,249.44,17017,385,17
2026-07-26,developer_sponsorship,US-West,154.64,9635,181,11
2026-07-26,developer_sponsorship,EU-Central,173.1,15926,244,15
2026-07-26,developer_sponsorship,APAC-SG,196.28,14356,349,13
2026-07-26,developer_sponsorship,LATAM,144.34,8485,290,20
2026-07-26,community_events,US-East,218.74,12468,393,14
2026-07-26,community_events,US-West,203.25,10939,142,2
2026-07-26,community_events,EU-Central,135.58,6990,232,10
2026-07-26,community_events,APAC-SG,126.48,12055,386,20
2026-07-26,community_events,LATAM,136.42,10041,411,17
2026-07-26,organic_direct,US-East,50.04,4433,174,6
2026-07-26,organic_direct,US-West,53.84,4066,105,5
2026-07-26,organic_direct,EU-Central,49.39,4563,192,10
2026-07-26,organic_direct,APAC-SG,31.98,2421,67,2
2026-07-26,organic_direct,LATAM,44.42,3685,179,11
2026-07-27,paid_search,US-East,594.06,40360,756,37
2026-07-27,paid_search,US-West,405.74,27781,325,10
2026-07-27,paid_search,EU-Central,560.09,38121,1097,51
2026-07-27,paid_search,APAC-SG,291.14,28831,662,41
2026-07-27,paid_search,LATAM,354.49,32429,1407,50
2026-07-27,paid_social,US-East,369.58,21691,784,32
2026-07-27,paid_social,US-West,360.36,33071,1014,43
2026-07-27,paid_social,EU-Central,335.97,25472,614,44
2026-07-27,paid_social,APAC-SG,238.11,17645,602,30
2026-07-27,paid_social,LATAM,164.51,9587,125,7
2026-07-27,developer_sponsorship,US-East,198.46,11777,288,18
2026-07-27,developer_sponsorship,US-West,169.62,10434,442,27
2026-07-27,developer_sponsorship,EU-Central,178.0,13161,242,7
2026-07-27,developer_sponsorship,APAC-SG,192.0,9815,115,6
2026-07-27,developer_sponsorship,LATAM,111.53,9087,105,5
2026-07-27,community_events,US-East,132.04,8307,142,11
2026-07-27,community_events,US-West,174.84,13669,146,9
2026-07-27,community_events,EU-Central,148.1,9503,127,5
2026-07-27,community_events,APAC-SG,155.48,14516,244,17
2026-07-27,community_events,LATAM,111.35,9991,427,13
2026-07-27,organic_direct,US-East,65.75,4157,161,6
2026-07-27,organic_direct,US-West,53.46,4251,81,3
2026-07-27,organic_direct,EU-Central,34.43,2069,91,4
2026-07-27,organic_direct,APAC-SG,38.08,2188,30,1
2026-07-27,organic_direct,LATAM,37.41,1943,80,4
2026-07-28,paid_search,US-East,462.31,34262,521,29
2026-07-28,paid_search,US-West,658.08,62417,2558,150
2026-07-28,paid_search,EU-Central,455.95,31241,366,18
2026-07-28,paid_search,APAC-SG,335.08,30195,1255,53
2026-07-28,paid_search,LATAM,368.7,32102,1298,80
2026-07-28,paid_social,US-East,273.11,15483,450,15
2026-07-28,paid_social,US-West,401.09,25735,1159,51
2026-07-28,paid_social,EU-Central,219.62,18768,780,42
2026-07-28,paid_social,APAC-SG,184.97,9315,337,20
2026-07-28,paid_social,LATAM,186.8,12723,205,12
2026-07-28,developer_sponsorship,US-East,204.52,18968,511,21
2026-07-28,developer_sponsorship,US-West,190.37,15996,643,28
2026-07-28,developer_sponsorship,EU-Central,210.65,15614,387,20
2026-07-28,developer_sponsorship,APAC-SG,136.36,8908,211,13
2026-07-28,developer_sponsorship,LATAM,159.81,14822,539,34
2026-07-28,community_events,US-East,174.23,14803,243,7
2026-07-28,community_events,US-West,155.16,10383,332,20
2026-07-28,community_events,EU-Central,151.75,8807,427,8
2026-07-28,community_events,APAC-SG,90.56,5186,243,11
2026-07-28,community_events,LATAM,77.54,4736,62,1
2026-07-28,organic_direct,US-East,55.84,5540,191,9
2026-07-28,organic_direct,US-West,61.98,4950,236,16
2026-07-28,organic_direct,EU-Central,48.79,3510,63,3
2026-07-28,organic_direct,APAC-SG,47.29,3040,34,1
2026-07-28,organic_direct,LATAM,35.33,2175,36,0
2026-07-29,paid_search,US-East,506.13,25313,412,32
2026-07-29,paid_search,US-West,642.29,43455,1121,61
2026-07-29,paid_search,EU-Central,454.79,39496,503,12
2026-07-29,paid_search,APAC-SG,348.28,31863,1484,60
2026-07-29,paid_search,LATAM,447.29,28548,977,30
2026-07-29,paid_social,US-East,452.82,35657,728,32
2026-07-29,paid_social,US-West,252.08,13516,294,22
2026-07-29,paid_social,EU-Central,319.08,31217,1406,96
2026-07-29,paid_social,APAC-SG,250.78,21243,1033,55
2026-07-29,paid_social,LATAM,244.02,21442,1038,49
2026-07-29,developer_sponsorship,US-East,234.34,18592,206,5
2026-07-29,developer_sponsorship,US-West,162.92,13307,662,40
2026-07-29,developer_sponsorship,EU-Central,150.83,9922,478,24
2026-07-29,developer_sponsorship,APAC-SG,112.93,10345,206,5
2026-07-29,developer_sponsorship,LATAM,154.59,14075,183,13
2026-07-29,community_events,US-East,177.47,12010,549,19
2026-07-29,community_events,US-West,209.26,17610,817,40
2026-07-29,community_events,EU-Central,110.67,9602,431,13
2026-07-29,community_events,APAC-SG,98.6,6160,214,6
2026-07-29,community_events,LATAM,80.22,7701,285,17
2026-07-29,organic_direct,US-East,64.1,5654,178,4
2026-07-29,organic_direct,US-West,54.42,4409,130,10
2026-07-29,organic_direct,EU-Central,55.72,5206,154,12
2026-07-29,organic_direct,APAC-SG,49.98,3199,60,3
2026-07-29,organic_direct,LATAM,25.64,2306,67,3
2026-07-30,paid_search,US-East,600.89,41873,1568,47
2026-07-30,paid_search,US-West,707.25,60054,1705,104
2026-07-30,paid_search,EU-Central,318.19,19262,640,25
2026-07-30,paid_search,APAC-SG,427.07,26899,859,29
2026-07-30,paid_search,LATAM,343.98,27743,683,34
2026-07-30,paid_social,US-East,297.48,25296,629,44
2026-07-30,paid_social,US-West,286.37,16894,257,14
2026-07-30,paid_social,EU-Central,226.03,12430,258,8
2026-07-30,paid_social,APAC-SG,230.24,15896,251,19
2026-07-30,paid_social,LATAM,165.84,14972,255,12
2026-07-30,developer_sponsorship,US-East,311.36,28791,883,55
2026-07-30,developer_sponsorship,US-West,257.66,16748,544,29
2026-07-30,developer_sponsorship,EU-Central,169.03,14287,177,12
2026-07-30,developer_sponsorship,APAC-SG,157.75,12855,359,14
2026-07-30,developer_sponsorship,LATAM,128.32,10011,473,16
2026-07-30,community_events,US-East,128.14,7183,321,24
2026-07-30,community_events,US-West,135.2,10653,383,11
2026-07-30,community_events,EU-Central,157.71,10685,394,19
2026-07-30,community_events,APAC-SG,137.03,12946,326,12
2026-07-30,community_events,LATAM,113.3,6485,108,7
2026-07-30,organic_direct,US-East,54.15,4416,145,10
2026-07-30,organic_direct,US-West,40.85,2373,45,1
2026-07-30,organic_direct,EU-Central,39.37,2495,89,3
2026-07-30,organic_direct,APAC-SG,38.68,3602,88,4
2026-07-30,organic_direct,LATAM,44.78,3165,54,1
2026-07-31,paid_search,US-East,682.0,56674,2698,167
2026-07-31,paid_search,US-West,411.42,24004,338,8
2026-07-31,paid_search,EU-Central,552.25,42756,472,20
2026-07-31,paid_search,APAC-SG,463.6,25109,514,15
2026-07-31,paid_search,LATAM,382.51,36060,806,28
2026-07-31,paid_social,US-East,313.38,25485,388,27
2026-07-31,paid_social,US-West,236.66,19684,874,34
2026-07-31,paid_social,EU-Central,266.14,26281,831,30
2026-07-31,paid_social,APAC-SG,232.06,22852,866,26
2026-07-31,paid_social,LATAM,222.3,18129,642,34
2026-07-31,developer_sponsorship,US-East,243.38,19951,446,18
2026-07-31,developer_sponsorship,US-West,225.24,20324,562,23
2026-07-31,developer_sponsorship,EU-Central,154.06,10041,100,6
2026-07-31,developer_sponsorship,APAC-SG,193.4,12995,373,7
2026-07-31,developer_sponsorship,LATAM,175.46,17080,496,10
2026-07-31,community_events,US-East,172.49,11150,214,4
2026-07-31,community_events,US-West,152.49,10763,348,15
2026-07-31,community_events,EU-Central,107.72,9356,239,10
2026-07-31,community_events,APAC-SG,102.93,7319,143,9
2026-07-31,community_events,LATAM,130.83,11824,442,16
2026-07-31,organic_direct,US-East,68.75,6217,164,11
2026-07-31,organic_direct,US-West,44.52,2870,101,5
2026-07-31,organic_direct,EU-Central,38.85,3152,55,1
2026-07-31,organic_direct,APAC-SG,29.19,2240,39,1
2026-07-31,organic_direct,LATAM,30.15,2585,101,3
2026-08-01,paid_search,US-East,474.25,35416,838,32
2026-08-01,paid_search,US-West,648.82,64815,1850,124
2026-08-01,paid_search,EU-Central,404.17,37255,1790,41
2026-08-01,paid_search,APAC-SG,466.16,24971,719,22
2026-08-01,paid_search,LATAM,421.72,38318,1652,45
2026-08-01,paid_social,US-East,417.92,26098,1066,49
2026-08-01,paid_social,US-West,377.05,19484,553,36
2026-08-01,paid_social,EU-Central,273.42,27097,783,47
2026-08-01,paid_social,APAC-SG,212.94,14086,495,11
2026-08-01,paid_social,LATAM,265.12,20161,405,23
2026-08-01,developer_sponsorship,US-East,196.62,18556,826,27
2026-08-01,developer_sponsorship,US-West,168.91,13790,316,9
2026-08-01,developer_sponsorship,EU-Central,155.82,8723,362,7
2026-08-01,developer_sponsorship,APAC-SG,116.03,10346,300,16
2026-08-01,developer_sponsorship,LATAM,129.2,7038,114,2
2026-08-01,community_events,US-East,192.81,18614,928,53
2026-08-01,community_events,US-West,121.42,9984,379,25
2026-08-01,community_events,EU-Central,104.69,6452,317,21
2026-08-01,community_events,APAC-SG,138.48,12501,344,10
2026-08-01,community_events,LATAM,116.92,7939,122,9
2026-08-01,organic_direct,US-East,59.47,4274,93,5
2026-08-01,organic_direct,US-West,44.76,2655,63,4
2026-08-01,organic_direct,EU-Central,38.93,3564,166,8
2026-08-01,organic_direct,APAC-SG,29.65,1712,37,1
2026-08-01,organic_direct,LATAM,32.21,1611,57,2
2026-08-02,paid_search,US-East,486.79,24795,1097,73
2026-08-02,paid_search,US-West,463.8,39910,1449,75
2026-08-02,paid_search,EU-Central,419.62,31976,956,50
2026-08-02,paid_search,APAC-SG,427.13,28246,1006,26
2026-08-02,paid_search,LATAM,354.87,18926,821,22
2026-08-02,paid_social,US-East,440.67,26486,779,20
2026-08-02,paid_social,US-West,344.06,31589,1147,59
2026-08-02,paid_social,EU-Central,302.61,19002,468,26
2026-08-02,paid_social,APAC-SG,178.21,17199,315,15
2026-08-02,paid_social,LATAM,259.11,13991,588,13
2026-08-02,developer_sponsorship,US-East,248.35,24068,641,27
2026-08-02,developer_sponsorship,US-West,247.51,22568,465,10
2026-08-02,developer_sponsorship,EU-Central,133.6,8710,416,32
2026-08-02,developer_sponsorship,APAC-SG,121.32,10464,327,10
2026-08-02,developer_sponsorship,LATAM,142.2,8878,310,9
2026-08-02,community_events,US-East,206.91,14640,208,12
2026-08-02,community_events,US-West,150.94,11008,402,29
2026-08-02,community_events,EU-Central,108.01,6374,166,6
2026-08-02,community_events,APAC-SG,95.39,9531,264,10
2026-08-02,community_events,LATAM,93.35,9295,213,9
2026-08-02,organic_direct,US-East,69.51,4972,194,10
2026-08-02,organic_direct,US-West,57.08,3464,140,10
2026-08-02,organic_direct,EU-Central,38.36,3762,104,4
2026-08-02,organic_direct,APAC-SG,45.43,4504,152,7
2026-08-02,organic_direct,LATAM,45.36,2952,64,2
2026-08-03,paid_search,US-East,728.06,37192,1594,97
2026-08-03,paid_search,US-West,476.07,36982,1192,90
2026-08-03,paid_search,EU-Central,356.77,18511,448,12
2026-08-03,paid_search,APAC-SG,368.1,29119,562,38
2026-08-03,paid_search,LATAM,264.3,18498,864,55
2026-08-03,paid_social,US-East,408.29,36601,619,43
2026-08-03,paid_social,US-West,367.54,28966,1341,74
2026-08-03,paid_social,EU-Central,237.66,20566,679,16
2026-08-03,paid_social,APAC-SG,176.05,15588,372,25
2026-08-03,paid_social,LATAM,199.48,18629,834,28
2026-08-03,developer_sponsorship,US-East,262.0,20990,219,14
2026-08-03,developer_sponsorship,US-West,204.49,13340,155,8
2026-08-03,developer_sponsorship,EU-Central,142.15,10678,201,4
2026-08-03,developer_sponsorship,APAC-SG,182.23,12691,353,19
2026-08-03,developer_sponsorship,LATAM,140.4,8579,185,8
2026-08-03,community_events,US-East,140.28,7592,249,5
2026-08-03,community_events,US-West,155.02,8410,252,16
2026-08-03,community_events,EU-Central,105.06,5961,192,9
2026-08-03,community_events,APAC-SG,130.96,7832,271,17
2026-08-03,community_events,LATAM,89.01,4769,195,7
2026-08-03,organic_direct,US-East,75.27,4100,151,6
2026-08-03,organic_direct,US-West,49.99,3301,111,2
2026-08-03,organic_direct,EU-Central,39.73,3948,136,10
2026-08-03,organic_direct,APAC-SG,38.61,2212,26,1
2026-08-03,organic_direct,LATAM,28.69,1970,79,5
2026-08-04,paid_search,US-East,460.45,24278,1164,88
2026-08-04,paid_search,US-West,671.69,61128,644,39
2026-08-04,paid_search,EU-Central,345.05,25017,272,8
2026-08-04,paid_search,APAC-SG,409.12,24624,761,27
2026-08-04,paid_search,LATAM,346.44,29965,469,29
2026-08-04,paid_social,US-East,255.97,20260,740,16
2026-08-04,paid_social,US-West,264.72,16995,706,40
2026-08-04,paid_social,EU-Central,197.6,16349,168,7
2026-08-04,paid_social,APAC-SG,207.07,19175,698,50
2026-08-04,paid_social,LATAM,149.4,13949,501,16
2026-08-04,developer_sponsorship,US-East,222.82,22021,307,11
2026-08-04,developer_sponsorship,US-West,268.41,20554,358,17
2026-08-04,developer_sponsorship,EU-Central,175.46,16899,183,6
2026-08-04,developer_sponsorship,APAC-SG,162.82,10856,279,8
2026-08-04,developer_sponsorship,LATAM,127.13,8593,300,10
2026-08-04,community_events,US-East,231.65,17388,738,42
2026-08-04,community_events,US-West,202.49,19139,815,17
2026-08-04,community_events,EU-Central,139.45,8926,143,10
2026-08-04,community_events,APAC-SG,131.3,7141,180,13
2026-08-04,community_events,LATAM,112.08,9109,173,5
2026-08-04,organic_direct,US-East,47.5,4680,217,8
2026-08-04,organic_direct,US-West,56.39,3402,52,2
2026-08-04,organic_direct,EU-Central,53.1,4945,110,6
2026-08-04,organic_direct,APAC-SG,40.57,2302,114,8
2026-08-04,organic_direct,LATAM,27.55,2662,124,4
2026-08-05,paid_search,US-East,620.64,60469,891,34
2026-08-05,paid_search,US-West,675.28,58313,2368,172
2026-08-05,paid_search,EU-Central,426.79,30115,834,63
2026-08-05,paid_search,APAC-SG,494.59,47808,1001,66
2026-08-05,paid_search,LATAM,267.42,15841,641,36
2026-08-05,paid_social,US-East,309.64,24260,466,15
2026-08-05,paid_social,US-West,367.1,24949,936,45
2026-08-05,paid_social,EU-Central,270.38,21694,834,35
2026-08-05,paid_social,APAC-SG,290.71,21678,336,10
2026-08-05,paid_social,LATAM,151.06,13327,141,5
2026-08-05,developer_sponsorship,US-East,227.48,19817,981,64
2026-08-05,developer_sponsorship,US-West,162.73,15679,774,55
2026-08-05,developer_sponsorship,EU-Central,178.91,11851,335,11
2026-08-05,developer_sponsorship,APAC-SG,150.87,7859,309,13
2026-08-05,developer_sponsorship,LATAM,124.28,10013,397,22
2026-08-05,community_events,US-East,182.72,17137,710,36
2026-08-05,community_events,US-West,160.21,14635,171,13
2026-08-05,community_events,EU-Central,136.51,9525,375,20
2026-08-05,community_events,APAC-SG,121.16,9878,118,4
2026-08-05,community_events,LATAM,98.58,6430,277,13
2026-08-05,organic_direct,US-East,57.21,4614,56,2
2026-08-05,organic_direct,US-West,43.19,3951,110,6
2026-08-05,organic_direct,EU-Central,34.56,3073,146,9
2026-08-05,organic_direct,APAC-SG,31.25,2208,61,1
2026-08-05,organic_direct,LATAM,36.9,3159,57,2
2026-08-06,paid_search,US-East,510.03,43141,1996,135
2026-08-06,paid_search,US-West,622.06,34945,509,23
2026-08-06,paid_search,EU-Central,412.99,31466,798,53
2026-08-06,paid_search,APAC-SG,402.8,39268,987,42
2026-08-06,paid_search,LATAM,406.33,38850,1267,75
2026-08-06,paid_social,US-East,284.42,26576,455,28
2026-08-06,paid_social,US-West,314.08,20564,837,39
2026-08-06,paid_social,EU-Central,290.49,16231,247,7
2026-08-06,paid_social,APAC-SG,257.65,16143,457,32
2026-08-06,paid_social,LATAM,215.48,10835,490,16
2026-08-06,developer_sponsorship,US-East,252.8,18652,492,12
2026-08-06,developer_sponsorship,US-West,233.21,14513,462,26
2026-08-06,developer_sponsorship,EU-Central,186.22,16994,203,5
2026-08-06,developer_sponsorship,APAC-SG,174.71,9056,399,23
2026-08-06,developer_sponsorship,LATAM,168.39,10932,511,11
2026-08-06,community_events,US-East,171.03,10075,371,21
2026-08-06,community_events,US-West,183.96,14670,608,18
2026-08-06,community_events,EU-Central,131.38,10372,490,12
2026-08-06,community_events,APAC-SG,105.55,7222,181,4
2026-08-06,community_events,LATAM,100.42,7784,169,4
2026-08-06,organic_direct,US-East,67.01,4269,132,6
2026-08-06,organic_direct,US-West,61.46,4953,71,4
2026-08-06,organic_direct,EU-Central,48.48,4816,141,8
2026-08-06,organic_direct,APAC-SG,50.41,5006,107,6
2026-08-06,organic_direct,LATAM,31.15,2375,118,4
2026-08-07,paid_search,US-East,466.7,36464,1122,64
2026-08-07,paid_search,US-West,547.53,32301,1110,69
2026-08-07,paid_search,EU-Central,579.4,29015,317,18
2026-08-07,paid_search,APAC-SG,308.3,28487,1195,95
2026-08-07,paid_search,LATAM,331.95,22137,717,41
2026-08-07,paid_social,US-East,254.44,15281,324,21
2026-08-07,paid_social,US-West,291.94,21993,504,10
2026-08-07,paid_social,EU-Central,300.11,20127,784,44
2026-08-07,paid_social,APAC-SG,172.19,10121,235,9
2026-08-07,paid_social,LATAM,231.73,22201,930,54
2026-08-07,developer_sponsorship,US-East,237.34,19309,882,46
2026-08-07,developer_sponsorship,US-West,198.23,17682,469,30
2026-08-07,developer_sponsorship,EU-Central,216.19,14045,547,21
2026-08-07,developer_sponsorship,APAC-SG,163.45,9874,369,25
2026-08-07,developer_sponsorship,LATAM,172.59,11680,569,20
2026-08-07,community_events,US-East,129.37,12831,449,31
2026-08-07,community_events,US-West,172.03,11952,404,29
2026-08-07,community_events,EU-Central,155.37,13247,299,6
2026-08-07,community_events,APAC-SG,113.8,8518,166,7
2026-08-07,community_events,LATAM,133.4,8111,179,4
2026-08-07,organic_direct,US-East,70.26,6245,290,13
2026-08-07,organic_direct,US-West,39.32,2914,87,2
2026-08-07,organic_direct,EU-Central,56.44,4888,151,10
2026-08-07,organic_direct,APAC-SG,31.44,2942,126,9
2026-08-07,organic_direct,LATAM,38.71,2192,85,4
2026-08-08,paid_search,US-East,676.92,51525,523,39
2026-08-08,paid_search,US-West,611.73,48763,657,31
2026-08-08,paid_search,EU-Central,327.46,24896,905,35
2026-08-08,paid_search,APAC-SG,418.61,27463,1254,49
2026-08-08,paid_search,LATAM,285.43,18219,414,19
2026-08-08,paid_social,US-East,277.41,15941,333,6
2026-08-08,paid_social,US-West,354.34,26824,489,20
2026-08-08,paid_social,EU-Central,240.59,13732,524,19
2026-08-08,paid_social,APAC-SG,203.25,10886,375,15
2026-08-08,paid_social,LATAM,202.9,11464,330,19
2026-08-08,developer_sponsorship,US-East,183.25,9655,261,8
2026-08-08,developer_sponsorship,US-West,232.69,18530,805,49
2026-08-08,developer_sponsorship,EU-Central,192.56,12636,539,33
2026-08-08,developer_sponsorship,APAC-SG,176.4,13525,662,43
2026-08-08,developer_sponsorship,LATAM,137.12,7759,329,24
2026-08-08,community_events,US-East,176.57,12850,480,30
2026-08-08,community_events,US-West,161.57,9950,188,13
2026-08-08,community_events,EU-Central,144.47,13817,354,21
2026-08-08,community_events,APAC-SG,131.89,11796,534,25
2026-08-08,community_events,LATAM,75.41,5562,133,6
2026-08-08,organic_direct,US-East,48.15,4256,145,4
2026-08-08,organic_direct,US-West,41.9,3807,159,6
2026-08-08,organic_direct,EU-Central,49.04,4395,137,6
2026-08-08,organic_direct,APAC-SG,37.92,3073,98,7
2026-08-08,organic_direct,LATAM,32.56,2182,92,5
2026-08-09,paid_search,US-East,702.35,50406,2091,110
2026-08-09,paid_search,US-West,462.93,38483,504,38
2026-08-09,paid_search,EU-Central,470.03,34938,1176,56
2026-08-09,paid_search,APAC-SG,413.22,37644,641,49
2026-08-09,paid_search,LATAM,259.62,14392,612,40
2026-08-09,paid_social,US-East,333.84,24942,908,23
2026-08-09,paid_social,US-West,392.77,37062,1709,99
2026-08-09,paid_social,EU-Central,189.03,10838,173,8
2026-08-09,paid_social,APAC-SG,224.16,17685,315,19
2026-08-09,paid_social,LATAM,186.89,14673,682,26
2026-08-09,developer_sponsorship,US-East,303.84,21796,1074,43
2026-08-09,developer_sponsorship,US-West,165.79,8356,413,18
2026-08-09,developer_sponsorship,EU-Central,139.78,9045,224,11
2026-08-09,developer_sponsorship,APAC-SG,117.1,9973,427,17
2026-08-09,developer_sponsorship,LATAM,170.34,15889,308,19
2026-08-09,community_events,US-East,168.58,11110,281,12
2026-08-09,community_events,US-West,169.47,14087,408,12
2026-08-09,community_events,EU-Central,125.65,12090,527,15
2026-08-09,community_events,APAC-SG,155.82,13011,199,4
2026-08-09,community_events,LATAM,74.49,6411,188,8
2026-08-09,organic_direct,US-East,77.65,4211,150,6
2026-08-09,organic_direct,US-West,53.55,4789,163,7
2026-08-09,organic_direct,EU-Central,36.35,2743,88,4
2026-08-09,organic_direct,APAC-SG,36.53,2165,74,4
2026-08-09,organic_direct,LATAM,42.28,2614,78,3
2026-08-10,paid_search,US-East,616.62,42145,2070,111
2026-08-10,paid_search,US-West,617.61,34375,1005,61
2026-08-10,paid_search,EU-Central,353.36,30588,1509,119
2026-08-10,paid_search,APAC-SG,466.93,34201,449,32
2026-08-10,paid_search,LATAM,263.57,19404,769,59
2026-08-10,paid_social,US-East,268.87,21962,920,35
2026-08-10,paid_social,US-West,241.45,16219,667,32
2026-08-10,paid_social,EU-Central,272.05,19985,786,35
2026-08-10,paid_social,APAC-SG,306.32,27541,594,13
2026-08-10,paid_social,LATAM,263.28,23029,899,48
2026-08-10,developer_sponsorship,US-East,176.84,13025,218,5
2026-08-10,developer_sponsorship,US-West,284.73,25752,900,33
2026-08-10,developer_sponsorship,EU-Central,134.91,10155,447,16
2026-08-10,developer_sponsorship,APAC-SG,124.72,7988,353,7
2026-08-10,developer_sponsorship,LATAM,107.37,6305,212,6
2026-08-10,community_events,US-East,174.24,15749,322,19
2026-08-10,community_events,US-West,163.51,14710,654,26
2026-08-10,community_events,EU-Central,101.34,5802,274,8
2026-08-10,community_events,APAC-SG,119.71,11932,487,16
2026-08-10,community_events,LATAM,101.23,8288,152,9
2026-08-10,organic_direct,US-East,54.42,4468,179,4
2026-08-10,organic_direct,US-West,44.03,3079,67,4
2026-08-10,organic_direct,EU-Central,51.82,3970,100,6
2026-08-10,organic_direct,APAC-SG,39.39,2255,101,2
2026-08-10,organic_direct,LATAM,43.97,3185,118,9
2026-08-11,paid_search,US-East,665.84,34657,1618,94
2026-08-11,paid_search,US-West,700.54,50151,2343,167
2026-08-11,paid_search,EU-Central,405.44,25686,357,21
2026-08-11,paid_search,APAC-SG,373.88,33147,1324,84
2026-08-11,paid_search,LATAM,368.63,22024,517,31
2026-08-11,paid_social,US-East,290.86,22506,830,58
2026-08-11,paid_social,US-West,233.37,12808,181,8
2026-08-11,paid_social,EU-Central,224.55,14408,255,5
2026-08-11,paid_social,APAC-SG,181.24,17566,637,44
2026-08-11,paid_social,LATAM,266.76,21848,837,22
2026-08-11,developer_sponsorship,US-East,291.33,16458,596,44
2026-08-11,developer_sponsorship,US-West,228.72,22496,1031,63
2026-08-11,developer_sponsorship,EU-Central,153.36,11248,533,31
2026-08-11,developer_sponsorship,APAC-SG,200.58,12800,346,25
2026-08-11,developer_sponsorship,LATAM,162.67,10763,177,4
2026-08-11,community_events,US-East,209.93,14514,338,7
2026-08-11,community_events,US-West,210.1,13285,366,18
2026-08-11,community_events,EU-Central,169.72,13665,234,11
2026-08-11,community_events,APAC-SG,94.36,8344,156,9
2026-08-11,community_events,LATAM,130.99,11235,158,3
2026-08-11,organic_direct,US-East,62.57,3912,108,7
2026-08-11,organic_direct,US-West,43.41,3560,168,10
2026-08-11,organic_direct,EU-Central,38.69,3288,151,8
2026-08-11,organic_direct,APAC-SG,40.37,3915,115,5
2026-08-11,organic_direct,LATAM,42.23,3760,155,8
2026-08-12,paid_search,US-East,421.19,41153,1758,86
2026-08-12,paid_search,US-West,572.19,55360,1348,82
2026-08-12,paid_search,EU-Central,423.17,34536,1669,42
2026-08-12,paid_search,APAC-SG,408.31,40033,529,25
2026-08-12,paid_search,LATAM,405.97,33447,570,12
2026-08-12,paid_social,US-East,334.98,19948,754,55
2026-08-12,paid_social,US-West,355.86,24185,323,18
2026-08-12,paid_social,EU-Central,308.12,17561,311,19
2026-08-12,paid_social,APAC-SG,253.38,18867,236,12
2026-08-12,paid_social,LATAM,185.77,14248,617,28
2026-08-12,developer_sponsorship,US-East,311.4,16146,197,13
2026-08-12,developer_sponsorship,US-West,159.65,8925,377,22
2026-08-12,developer_sponsorship,EU-Central,175.5,14725,662,19
2026-08-12,developer_sponsorship,APAC-SG,167.62,16131,185,5
2026-08-12,developer_sponsorship,LATAM,152.92,11248,525,11
2026-08-12,community_events,US-East,201.74,11403,192,4
2026-08-12,community_events,US-West,145.93,13087,369,11
2026-08-12,community_events,EU-Central,142.37,12940,184,9
2026-08-12,community_events,APAC-SG,141.54,8637,364,16
2026-08-12,community_events,LATAM,124.63,12352,458,18
2026-08-12,organic_direct,US-East,77.13,6077,94,6
2026-08-12,organic_direct,US-West,64.67,5704,192,7
2026-08-12,organic_direct,EU-Central,34.76,1983,52,3
2026-08-12,organic_direct,APAC-SG,41.28,2969,139,3
2026-08-12,organic_direct,LATAM,26.6,2456,84,5
2026-08-13,paid_search,US-East,425.63,31644,324,9
2026-08-13,paid_search,US-West,414.42,34226,1556,69
2026-08-13,paid_search,EU-Central,533.0,47238,1780,57
2026-08-13,paid_search,APAC-SG,433.56,33017,874,66
2026-08-13,paid_search,LATAM,373.21,19362,333,16
2026-08-13,paid_social,US-East,457.26,37202,1536,62
2026-08-13,paid_social,US-West,231.9,14327,210,10
2026-08-13,paid_social,EU-Central,204.5,13925,563,29
2026-08-13,paid_social,APAC-SG,199.58,17666,642,23
2026-08-13,paid_social,LATAM,171.41,15397,575,44
2026-08-13,developer_sponsorship,US-East,236.32,13899,511,11
2026-08-13,developer_sponsorship,US-West,239.12,15364,420,16
2026-08-13,developer_sponsorship,EU-Central,212.96,18723,219,14
2026-08-13,developer_sponsorship,APAC-SG,200.79,11805,488,23
2026-08-13,developer_sponsorship,LATAM,107.75,10209,396,22
2026-08-13,community_events,US-East,161.21,9662,358,14
2026-08-13,community_events,US-West,192.62,12771,177,11
2026-08-13,community_events,EU-Central,164.96,11345,213,10
2026-08-13,community_events,APAC-SG,118.88,11237,177,13
2026-08-13,community_events,LATAM,102.16,7086,109,6
2026-08-13,organic_direct,US-East,64.75,6395,115,3
2026-08-13,organic_direct,US-West,61.34,3249,50,3
2026-08-13,organic_direct,EU-Central,43.88,2569,60,4
2026-08-13,organic_direct,APAC-SG,42.49,3801,135,7
2026-08-13,organic_direct,LATAM,28.07,2765,122,3
2026-08-14,paid_search,US-East,728.51,54245,2702,149
2026-08-14,paid_search,US-West,661.21,42290,1657,106
2026-08-14,paid_search,EU-Central,381.6,25324,840,61
2026-08-14,paid_search,APAC-SG,422.03,24244,798,16
2026-08-14,paid_search,LATAM,450.84,23445,675,44
2026-08-14,paid_social,US-East,259.26,19847,578,39
2026-08-14,paid_social,US-West,393.62,28585,560,29
2026-08-14,paid_social,EU-Central,191.01,16539,793,22
2026-08-14,paid_social,APAC-SG,210.59,17348,236,11
2026-08-14,paid_social,LATAM,185.41,15790,699,45
2026-08-14,developer_sponsorship,US-East,171.52,12476,509,36
2026-08-14,developer_sponsorship,US-West,207.51,18570,460,22
2026-08-14,developer_sponsorship,EU-Central,194.41,18083,231,17
2026-08-14,developer_sponsorship,APAC-SG,143.96,7433,200,7
2026-08-14,developer_sponsorship,LATAM,177.47,13686,571,38
2026-08-14,community_events,US-East,134.74,12671,499,11
2026-08-14,community_events,US-West,209.09,17507,796,21
2026-08-14,community_events,EU-Central,124.11,10047,247,7
2026-08-14,community_events,APAC-SG,124.23,6627,254,8
2026-08-14,community_events,LATAM,135.32,8380,121,5
2026-08-14,organic_direct,US-East,75.81,5989,289,9
2026-08-14,organic_direct,US-West,63.09,3865,93,3
2026-08-14,organic_direct,EU-Central,49.87,3184,39,1
2026-08-14,organic_direct,APAC-SG,39.67,3028,45,2
2026-08-14,organic_direct,LATAM,38.74,2969,64,3
2026-08-15,paid_search,US-East,707.97,68863,2916,222
2026-08-15,paid_search,US-West,406.66,38468,1089,27
2026-08-15,paid_search,EU-Central,557.45,35910,1733,46
2026-08-15,paid_search,APAC-SG,346.23,29379,877,63
2026-08-15,paid_search,LATAM,354.34,28830,626,48
2026-08-15,paid_social,US-East,368.95,20883,498,23
2026-08-15,paid_social,US-West,358.65,23160,289,20
2026-08-15,paid_social,EU-Central,226.64,22068,789,35
2026-08-15,paid_social,APAC-SG,217.36,17889,412,22
2026-08-15,paid_social,LATAM,234.8,21623,601,22
2026-08-15,developer_sponsorship,US-East,187.0,16730,282,10
2026-08-15,developer_sponsorship,US-West,217.92,21473,875,19
2026-08-15,developer_sponsorship,EU-Central,164.14,11948,198,14
2026-08-15,developer_sponsorship,APAC-SG,180.33,11588,566,39
2026-08-15,developer_sponsorship,LATAM,156.2,13014,210,7
2026-08-15,community_events,US-East,130.44,8587,129,4
2026-08-15,community_events,US-West,133.77,10450,119,4
2026-08-15,community_events,EU-Central,122.35,8398,265,7
2026-08-15,community_events,APAC-SG,105.71,10150,265,13
2026-08-15,community_events,LATAM,82.66,6026,137,2
2026-08-15,organic_direct,US-East,68.59,6775,157,9
2026-08-15,organic_direct,US-West,54.14,3491,166,13
2026-08-15,organic_direct,EU-Central,46.99,2695,87,6
2026-08-15,organic_direct,APAC-SG,38.61,3260,128,9
2026-08-15,organic_direct,LATAM,27.43,2127,47,2
2026-08-16,paid_search,US-East,722.72,52251,715,16
2026-08-16,paid_search,US-West,596.63,47236,892,67
2026-08-16,paid_search,EU-Central,390.04,19941,628,29
2026-08-16,paid_search,APAC-SG,441.17,23985,730,23
2026-08-16,paid_search,LATAM,311.73,25017,1194,88
2026-08-16,paid_social,US-East,329.99,18940,836,35
2026-08-16,paid_social,US-West,304.82,19579,470,36
2026-08-16,paid_social,EU-Central,330.64,17980,703,32
2026-08-16,paid_social,APAC-SG,310.93,28040,604,41
2026-08-16,paid_social,LATAM,269.27,19169,879,24
2026-08-16,developer_sponsorship,US-East,252.55,13714,251,12
2026-08-16,developer_sponsorship,US-West,268.51,26671,337,26
2026-08-16,developer_sponsorship,EU-Central,207.66,11301,298,22
2026-08-16,developer_sponsorship,APAC-SG,151.79,11807,453,29
2026-08-16,developer_sponsorship,LATAM,109.5,6493,164,8
2026-08-16,community_events,US-East,130.56,11921,517,19
2026-08-16,community_events,US-West,170.87,12503,138,2
2026-08-16,community_events,EU-Central,115.78,11323,491,23
2026-08-16,community_events,APAC-SG,131.07,12403,330,16
2026-08-16,community_events,LATAM,116.83,7271,107,3
2026-08-16,organic_direct,US-East,77.8,4149,165,9
2026-08-16,organic_direct,US-West,57.16,5339,187,9
2026-08-16,organic_direct,EU-Central,50.24,2812,85,4
2026-08-16,organic_direct,APAC-SG,48.29,2807,34,1
2026-08-16,organic_direct,LATAM,42.94,2437,40,1
2026-08-17,paid_search,US-East,571.03,54593,1323,49
2026-08-17,paid_search,US-West,559.77,54194,1655,109
2026-08-17,paid_search,EU-Central,364.48,19946,799,42
2026-08-17,paid_search,APAC-SG,489.39,44701,1671,63
2026-08-17,paid_search,LATAM,388.94,32833,454,24
2026-08-17,paid_social,US-East,429.84,21769,668,28
2026-08-17,paid_social,US-West,327.01,21914,1017,26
2026-08-17,paid_social,EU-Central,214.04,13068,229,16
2026-08-17,paid_social,APAC-SG,256.33,23472,728,37
2026-08-17,paid_social,LATAM,216.44,19006,276,13
2026-08-17,developer_sponsorship,US-East,179.0,16278,764,37
2026-08-17,developer_sponsorship,US-West,195.13,13293,567,41
2026-08-17,developer_sponsorship,EU-Central,190.55,16802,397,24
2026-08-17,developer_sponsorship,APAC-SG,114.76,10412,196,13
2026-08-17,developer_sponsorship,LATAM,109.96,6743,101,2
2026-08-17,community_events,US-East,134.49,11369,470,11
2026-08-17,community_events,US-West,192.19,16887,197,5
2026-08-17,community_events,EU-Central,158.74,12012,148,4
2026-08-17,community_events,APAC-SG,102.22,5449,199,12
2026-08-17,community_events,LATAM,122.79,11788,214,15
2026-08-17,organic_direct,US-East,48.65,3287,44,3
2026-08-17,organic_direct,US-West,69.58,6779,162,4
2026-08-17,organic_direct,EU-Central,45.02,3890,76,4
2026-08-17,organic_direct,APAC-SG,30.38,2397,25,0
2026-08-17,organic_direct,LATAM,28.52,1827,84,4
2026-08-18,paid_search,US-East,770.49,42326,785,39
2026-08-18,paid_search,US-West,618.56,42261,1418,65
2026-08-18,paid_search,EU-Central,573.59,33866,819,35
2026-08-18,paid_search,APAC-SG,331.43,20342,295,23
2026-08-18,paid_search,LATAM,270.96,15042,232,15
2026-08-18,paid_social,US-East,404.22,31471,365,14
2026-08-18,paid_social,US-West,253.91,16296,554,21
2026-08-18,paid_social,EU-Central,347.14,25062,805,30
2026-08-18,paid_social,APAC-SG,291.17,17306,221,15
2026-08-18,paid_social,LATAM,206.94,17373,298,23
2026-08-18,developer_sponsorship,US-East,238.8,13195,363,21
2026-08-18,developer_sponsorship,US-West,165.22,9445,245,13
2026-08-18,developer_sponsorship,EU-Central,136.99,13187,647,15
2026-08-18,developer_sponsorship,APAC-SG,205.62,13762,465,36
2026-08-18,developer_sponsorship,LATAM,108.31,9954,388,14
2026-08-18,community_events,US-East,203.06,16061,335,22
2026-08-18,community_events,US-West,179.24,12548,364,20
2026-08-18,community_events,EU-Central,127.26,9446,199,13
2026-08-18,community_events,APAC-SG,91.78,5739,171,9
2026-08-18,community_events,LATAM,81.98,4507,54,1
2026-08-18,organic_direct,US-East,66.41,6548,165,10
2026-08-18,organic_direct,US-West,43.54,3531,48,1
2026-08-18,organic_direct,EU-Central,51.79,4577,190,6
2026-08-18,organic_direct,APAC-SG,43.89,3270,66,2
2026-08-18,organic_direct,LATAM,42.55,3290,158,3
2026-08-19,paid_search,US-East,574.95,55049,1395,54
2026-08-19,paid_search,US-West,509.19,37162,420,22
2026-08-19,paid_search,EU-Central,547.3,35657,1363,67
2026-08-19,paid_search,APAC-SG,312.28,26789,790,20
2026-08-19,paid_search,LATAM,386.76,32102,1201,65
2026-08-19,paid_social,US-East,354.8,32896,995,43
2026-08-19,paid_social,US-West,328.95,32415,1124,46
2026-08-19,paid_social,EU-Central,347.4,22936,255,5
2026-08-19,paid_social,APAC-SG,288.52,19458,772,16
2026-08-19,paid_social,LATAM,259.31,17390,241,9
2026-08-19,developer_sponsorship,US-East,219.46,14827,540,18
2026-08-19,developer_sponsorship,US-West,239.55,19074,885,21
2026-08-19,developer_sponsorship,EU-Central,158.93,10629,114,4
2026-08-19,developer_sponsorship,APAC-SG,156.25,14557,476,35
2026-08-19,developer_sponsorship,LATAM,120.4,10209,342,27
2026-08-19,community_events,US-East,166.8,11595,381,26
2026-08-19,community_events,US-West,125.41,10503,246,12
2026-08-19,community_events,EU-Central,156.46,10479,362,15
2026-08-19,community_events,APAC-SG,115.39,8636,379,25
2026-08-19,community_events,LATAM,126.44,9709,208,4
2026-08-19,organic_direct,US-East,77.86,5458,103,6
2026-08-19,organic_direct,US-West,41.53,3829,52,2
2026-08-19,organic_direct,EU-Central,33.32,3000,87,2
2026-08-19,organic_direct,APAC-SG,47.1,3889,85,5
2026-08-19,organic_direct,LATAM,33.59,2586,46,2
2026-08-20,paid_search,US-East,644.99,46865,1899,58
2026-08-20,paid_search,US-West,391.14,33312,1482,80
2026-08-20,paid_search,EU-Central,372.5,36544,1450,69
2026-08-20,paid_search,APAC-SG,504.92,38695,1337,88
2026-08-20,paid_search,LATAM,336.08,26317,922,47
2026-08-20,paid_social,US-East,330.68,18976,303,18
2026-08-20,paid_social,US-West,290.45,20845,474,33
2026-08-20,paid_social,EU-Central,199.44,12001,317,22
2026-08-20,paid_social,APAC-SG,261.03,16398,558,24
2026-08-20,paid_social,LATAM,161.31,9613,190,13
2026-08-20,developer_sponsorship,US-East,234.84,18315,502,29
2026-08-20,developer_sponsorship,US-West,158.88,9209,142,5
2026-08-20,developer_sponsorship,EU-Central,212.78,17646,300,21
2026-08-20,developer_sponsorship,APAC-SG,204.52,15194,164,11
2026-08-20,developer_sponsorship,LATAM,105.05,8412,375,27
2026-08-20,community_events,US-East,169.96,11586,420,10
2026-08-20,community_events,US-West,208.87,18007,281,7
2026-08-20,community_events,EU-Central,153.99,14882,459,32
2026-08-20,community_events,APAC-SG,152.38,14716,295,21
2026-08-20,community_events,LATAM,88.5,4966,209,8
2026-08-20,organic_direct,US-East,63.04,4381,174,5
2026-08-20,organic_direct,US-West,52.45,3000,51,3
2026-08-20,organic_direct,EU-Central,43.37,2719,91,4
2026-08-20,organic_direct,APAC-SG,36.99,3604,81,3
2026-08-20,organic_direct,LATAM,38.84,3812,172,13
2026-08-21,paid_search,US-East,550.68,47239,2024,43
2026-08-21,paid_search,US-West,704.05,56528,2467,147
2026-08-21,paid_search,EU-Central,569.03,48102,1998,68
2026-08-21,paid_search,APAC-SG,412.65,27013,1305,54
2026-08-21,paid_search,LATAM,415.57,23314,1041,74
2026-08-21,paid_social,US-East,335.91,32075,824,64
2026-08-21,paid_social,US-West,281.6,15350,658,22
2026-08-21,paid_social,EU-Central,223.08,21083,983,56
2026-08-21,paid_social,APAC-SG,294.64,26027,683,15
2026-08-21,paid_social,LATAM,256.17,23352,1112,53
2026-08-21,developer_sponsorship,US-East,227.47,20940,810,58
2026-08-21,developer_sponsorship,US-West,262.27,23924,907,45
2026-08-21,developer_sponsorship,EU-Central,164.0,13137,558,35
2026-08-21,developer_sponsorship,APAC-SG,155.51,7988,96,5
2026-08-21,developer_sponsorship,LATAM,150.93,13515,208,9
2026-08-21,community_events,US-East,193.86,12733,169,4
2026-08-21,community_events,US-West,166.62,16409,709,46
2026-08-21,community_events,EU-Central,163.1,13747,573,22
2026-08-21,community_events,APAC-SG,118.44,10275,209,12
2026-08-21,community_events,LATAM,125.59,11300,202,9
2026-08-21,organic_direct,US-East,48.55,4554,217,15
2026-08-21,organic_direct,US-West,45.91,4471,209,12
2026-08-21,organic_direct,EU-Central,48.42,4616,226,7
2026-08-21,organic_direct,APAC-SG,44.83,2619,68,3
2026-08-21,organic_direct,LATAM,29.96,1631,40,3
2026-08-22,paid_search,US-East,462.25,39720,1088,81
2026-08-22,paid_search,US-West,534.72,44745,659,41
2026-08-22,paid_search,EU-Central,366.45,34115,1408,52
2026-08-22,paid_search,APAC-SG,398.6,22524,996,55
2026-08-22,paid_search,LATAM,453.99,29122,1080,48
2026-08-22,paid_social,US-East,340.24,19494,421,15
2026-08-22,paid_social,US-West,353.3,33692,835,50
2026-08-22,paid_social,EU-Central,263.22,13296,203,7
2026-08-22,paid_social,APAC-SG,267.8,22586,870,54
2026-08-22,paid_social,LATAM,239.75,15059,207,4
2026-08-22,developer_sponsorship,US-East,215.93,13331,617,49
2026-08-22,developer_sponsorship,US-West,277.99,27343,927,60
2026-08-22,developer_sponsorship,EU-Central,130.92,8206,285,10
2026-08-22,developer_sponsorship,APAC-SG,149.89,10274,500,26
2026-08-22,developer_sponsorship,LATAM,146.76,9248,278,21
2026-08-22,community_events,US-East,220.81,12496,283,14
2026-08-22,community_events,US-West,129.54,7233,85,2
2026-08-22,community_events,EU-Central,165.11,15147,604,45
2026-08-22,community_events,APAC-SG,104.37,9794,338,22
2026-08-22,community_events,LATAM,90.12,5916,270,10
2026-08-22,organic_direct,US-East,77.8,6860,110,7
2026-08-22,organic_direct,US-West,60.19,5411,65,1
2026-08-22,organic_direct,EU-Central,37.71,1953,39,2
2026-08-22,organic_direct,APAC-SG,38.47,3837,180,4
2026-08-22,organic_direct,LATAM,31.99,2733,80,3
2026-08-23,paid_search,US-East,724.5,67627,1010,25
2026-08-23,paid_search,US-West,671.5,39640,663,33
2026-08-23,paid_search,EU-Central,388.65,36744,1228,67
2026-08-23,paid_search,APAC-SG,513.19,39156,1285,57
2026-08-23,paid_search,LATAM,261.14,23088,856,62
2026-08-23,paid_social,US-East,257.61,21656,806,35
2026-08-23,paid_social,US-West,347.89,33940,1475,43
2026-08-23,paid_social,EU-Central,202.13,18501,673,31
2026-08-23,paid_social,APAC-SG,305.55,24355,249,19
2026-08-23,paid_social,LATAM,229.68,22404,515,32
2026-08-23,developer_sponsorship,US-East,273.74,26790,877,28
2026-08-23,developer_sponsorship,US-West,160.43,13184,302,7
2026-08-23,developer_sponsorship,EU-Central,133.64,13042,329,14
2026-08-23,developer_sponsorship,APAC-SG,129.09,12683,565,14
2026-08-23,developer_sponsorship,LATAM,169.6,9861,406,15
2026-08-23,community_events,US-East,207.28,17142,254,12
2026-08-23,community_events,US-West,158.3,14297,320,19
2026-08-23,community_events,EU-Central,105.13,8754,378,19
2026-08-23,community_events,APAC-SG,119.25,11241,326,17
2026-08-23,community_events,LATAM,100.15,8795,373,21
2026-08-23,organic_direct,US-East,57.63,4109,47,1
2026-08-23,organic_direct,US-West,53.8,3293,123,3
2026-08-23,organic_direct,EU-Central,44.87,3655,113,4
2026-08-23,organic_direct,APAC-SG,38.5,3671,106,3
2026-08-23,organic_direct,LATAM,27.18,2586,112,5
2026-08-24,paid_search,US-East,526.37,27574,360,8
2026-08-24,paid_search,US-West,420.52,29960,412,24
2026-08-24,paid_search,EU-Central,468.49,29359,592,14
2026-08-24,paid_search,APAC-SG,400.83,22324,814,25
2026-08-24,paid_search,LATAM,283.26,19728,263,19
2026-08-24,paid_social,US-East,316.29,25100,707,42
2026-08-24,paid_social,US-West,354.51,22424,1091,78
2026-08-24,paid_social,EU-Central,219.33,12996,518,29
2026-08-24,paid_social,APAC-SG,293.51,16235,509,10
2026-08-24,paid_social,LATAM,161.7,9473,275,16
2026-08-24,developer_sponsorship,US-East,293.1,28808,981,48
2026-08-24,developer_sponsorship,US-West,235.64,23256,568,34
2026-08-24,developer_sponsorship,EU-Central,200.55,13988,309,8
2026-08-24,developer_sponsorship,APAC-SG,113.33,6300,67,5
2026-08-24,developer_sponsorship,LATAM,170.16,10288,369,21
2026-08-24,community_events,US-East,173.07,14071,585,18
2026-08-24,community_events,US-West,145.29,10631,307,6
2026-08-24,community_events,EU-Central,107.95,6220,237,18
2026-08-24,community_events,APAC-SG,117.95,10968,366,11
2026-08-24,community_events,LATAM,109.37,10028,120,2
2026-08-24,organic_direct,US-East,64.69,5540,272,19
2026-08-24,organic_direct,US-West,62.82,5012,161,6
2026-08-24,organic_direct,EU-Central,44.66,3318,111,6
2026-08-24,organic_direct,APAC-SG,44.29,4023,118,7
2026-08-24,organic_direct,LATAM,35.59,2530,57,1
2026-08-25,paid_search,US-East,741.44,52536,1520,75
2026-08-25,paid_search,US-West,694.86,46790,1773,37
2026-08-25,paid_search,EU-Central,392.76,23412,556,18
2026-08-25,paid_search,APAC-SG,332.73,31760,748,41
2026-08-25,paid_search,LATAM,421.92,34955,532,20
2026-08-25,paid_social,US-East,405.66,39750,1722,103
2026-08-25,paid_social,US-West,376.45,33804,1419,100
2026-08-25,paid_social,EU-Central,289.74,18578,742,44
2026-08-25,paid_social,APAC-SG,186.59,11190,383,9
2026-08-25,paid_social,LATAM,199.41,19878,440,14
2026-08-25,developer_sponsorship,US-East,174.78,8897,402,16
2026-08-25,developer_sponsorship,US-West,174.94,15989,731,16
2026-08-25,developer_sponsorship,EU-Central,132.88,9505,329,8
2026-08-25,developer_sponsorship,APAC-SG,133.51,8396,198,8
2026-08-25,developer_sponsorship,LATAM,101.92,9568,198,5
2026-08-25,community_events,US-East,200.53,15194,558,34
2026-08-25,community_events,US-West,207.24,14898,421,29
2026-08-25,community_events,EU-Central,103.49,5722,196,13
2026-08-25,community_events,APAC-SG,152.21,13878,162,4
2026-08-25,community_events,LATAM,113.19,10588,491,14
2026-08-25,organic_direct,US-East,52.52,3785,114,7
2026-08-25,organic_direct,US-West,41.78,3440,80,2
2026-08-25,organic_direct,EU-Central,54.41,3915,104,6
2026-08-25,organic_direct,APAC-SG,33.89,3065,72,3
2026-08-25,organic_direct,LATAM,26.29,1804,72,2
2026-08-26,paid_search,US-East,659.4,37968,1524,69
2026-08-26,paid_search,US-West,460.3,41467,1100,49
2026-08-26,paid_search,EU-Central,438.86,40647,1698,70
2026-08-26,paid_search,APAC-SG,287.14,16447,171,11
2026-08-26,paid_search,LATAM,443.16,24036,543,42
2026-08-26,paid_social,US-East,287.49,15258,615,36
2026-08-26,paid_social,US-West,358.01,34055,419,24
2026-08-26,paid_social,EU-Central,304.57,25284,778,29
2026-08-26,paid_social,APAC-SG,225.89,18984,610,23
2026-08-26,paid_social,LATAM,240.58,22966,236,8
2026-08-26,developer_sponsorship,US-East,244.0,23429,890,41
2026-08-26,developer_sponsorship,US-West,181.08,13983,580,34
2026-08-26,developer_sponsorship,EU-Central,201.33,19002,784,34
2026-08-26,developer_sponsorship,APAC-SG,130.94,8521,97,3
2026-08-26,developer_sponsorship,LATAM,158.91,13825,207,16
2026-08-26,community_events,US-East,156.66,8560,274,14
2026-08-26,community_events,US-West,190.45,11046,122,8
2026-08-26,community_events,EU-Central,142.49,8843,362,23
2026-08-26,community_events,APAC-SG,155.06,8609,106,4
2026-08-26,community_events,LATAM,113.0,7652,91,5
2026-08-26,organic_direct,US-East,46.49,3017,119,5
2026-08-26,organic_direct,US-West,70.94,6403,317,17
2026-08-26,organic_direct,EU-Central,55.65,4529,141,7
2026-08-26,organic_direct,APAC-SG,36.41,2338,96,6
2026-08-26,organic_direct,LATAM,38.62,3310,101,3
2026-08-27,paid_search,US-East,538.02,42567,1826,76
2026-08-27,paid_search,US-West,417.34,35716,1540,38
2026-08-27,paid_search,EU-Central,331.79,31329,910,42
2026-08-27,paid_search,APAC-SG,368.63,28131,943,48
2026-08-27,paid_search,LATAM,327.9,20718,620,28
2026-08-27,paid_social,US-East,347.06,33509,991,77
2026-08-27,paid_social,US-West,394.11,22549,340,21
2026-08-27,paid_social,EU-Central,209.96,17894,796,21
2026-08-27,paid_social,APAC-SG,198.62,14631,583,44
2026-08-27,paid_social,LATAM,193.54,18887,643,28
2026-08-27,developer_sponsorship,US-East,185.4,14570,169,4
2026-08-27,developer_sponsorship,US-West,203.03,20211,447,21
2026-08-27,developer_sponsorship,EU-Central,211.45,12075,405,9
2026-08-27,developer_sponsorship,APAC-SG,197.85,18687,348,24
2026-08-27,developer_sponsorship,LATAM,139.06,7803,186,13
2026-08-27,community_events,US-East,171.1,13457,439,32
2026-08-27,community_events,US-West,192.85,14224,551,31
2026-08-27,community_events,EU-Central,156.22,11753,334,15
2026-08-27,community_events,APAC-SG,116.33,10855,249,16
2026-08-27,community_events,LATAM,115.36,8130,157,6
2026-08-27,organic_direct,US-East,61.48,6019,274,17
2026-08-27,organic_direct,US-West,59.82,5581,213,11
2026-08-27,organic_direct,EU-Central,53.0,4524,146,4
2026-08-27,organic_direct,APAC-SG,41.42,2469,85,4
2026-08-27,organic_direct,LATAM,25.61,2010,35,1
2026-08-28,paid_search,US-East,742.87,41611,1974,60
2026-08-28,paid_search,US-West,391.26,34954,692,43
2026-08-28,paid_search,EU-Central,554.67,40053,1693,95
2026-08-28,paid_search,APAC-SG,376.43,19668,874,18
2026-08-28,paid_search,LATAM,336.77,23825,1057,41
2026-08-28,paid_social,US-East,307.55,17140,239,7
2026-08-28,paid_social,US-West,259.52,16292,221,8
2026-08-28,paid_social,EU-Central,254.98,14906,515,20
2026-08-28,paid_social,APAC-SG,171.91,9098,232,9
2026-08-28,paid_social,LATAM,199.02,13177,329,22
2026-08-28,developer_sponsorship,US-East,185.42,11148,446,24
2026-08-28,developer_sponsorship,US-West,219.07,19194,487,13
2026-08-28,developer_sponsorship,EU-Central,132.55,9708,255,12
2026-08-28,developer_sponsorship,APAC-SG,151.12,9322,423,15
2026-08-28,developer_sponsorship,LATAM,178.93,14986,297,15
2026-08-28,community_events,US-East,210.8,13750,361,9
2026-08-28,community_events,US-West,178.44,10737,523,22
2026-08-28,community_events,EU-Central,174.31,15531,489,22
2026-08-28,community_events,APAC-SG,149.63,10861,109,5
2026-08-28,community_events,LATAM,125.75,8106,396,7
2026-08-28,organic_direct,US-East,75.61,5603,190,13
2026-08-28,organic_direct,US-West,51.05,3449,121,6
2026-08-28,organic_direct,EU-Central,45.28,2366,93,5
2026-08-28,organic_direct,APAC-SG,35.22,2457,36,1
2026-08-28,organic_direct,LATAM,36.19,2315,63,3
2026-08-29,paid_search,US-East,764.67,50403,1879,76
2026-08-29,paid_search,US-West,471.25,41297,1160,40
2026-08-29,paid_search,EU-Central,580.42,38935,1105,61
2026-08-29,paid_search,APAC-SG,283.81,24008,860,17
2026-08-29,paid_search,LATAM,345.07,32806,1210,54
2026-08-29,paid_social,US-East,445.38,37930,1536,80
2026-08-29,paid_social,US-West,386.89,31900,417,9
2026-08-29,paid_social,EU-Central,323.8,27063,998,41
2026-08-29,paid_social,APAC-SG,285.04,26045,633,19
2026-08-29,paid_social,LATAM,243.76,20683,213,10
2026-08-29,developer_sponsorship,US-East,302.82,21872,412,8
2026-08-29,developer_sponsorship,US-West,191.11,18359,446,11
2026-08-29,developer_sponsorship,EU-Central,192.25,12526,484,16
2026-08-29,developer_sponsorship,APAC-SG,159.41,10863,230,17
2026-08-29,developer_sponsorship,LATAM,157.39,9514,169,11
2026-08-29,community_events,US-East,168.78,15780,517,25
2026-08-29,community_events,US-West,170.13,14119,460,28
2026-08-29,community_events,EU-Central,140.28,7472,113,2
2026-08-29,community_events,APAC-SG,102.69,8060,154,7
2026-08-29,community_events,LATAM,122.78,7316,271,21
2026-08-29,organic_direct,US-East,66.95,5131,103,5
2026-08-29,organic_direct,US-West,53.48,5181,184,14
2026-08-29,organic_direct,EU-Central,32.9,3189,87,6
2026-08-29,organic_direct,APAC-SG,34.58,2905,83,3
2026-08-29,organic_direct,LATAM,40.44,3809,72,2
2026-08-30,paid_search,US-East,571.22,41380,422,13
2026-08-30,paid_search,US-West,412.0,32379,356,22
2026-08-30,paid_search,EU-Central,579.09,41226,535,18
2026-08-30,paid_search,APAC-SG,319.48,20938,733,18
2026-08-30,paid_search,LATAM,345.79,31260,1053,60
2026-08-30,paid_social,US-East,324.21,20269,290,9
2026-08-30,paid_social,US-West,298.48,15736,367,24
2026-08-30,paid_social,EU-Central,341.85,30351,1055,69
2026-08-30,paid_social,APAC-SG,258.05,20372,273,6
2026-08-30,paid_social,LATAM,151.2,9928,435,10
2026-08-30,developer_sponsorship,US-East,186.37,17883,494,18
2026-08-30,developer_sponsorship,US-West,236.66,12611,467,25
2026-08-30,developer_sponsorship,EU-Central,157.85,10903,150,9
2026-08-30,developer_sponsorship,APAC-SG,134.38,10747,391,8
2026-08-30,developer_sponsorship,LATAM,130.25,11691,528,30
2026-08-30,community_events,US-East,162.68,15760,651,30
2026-08-30,community_events,US-West,147.99,8823,124,6
2026-08-30,community_events,EU-Central,99.97,8944,158,8
2026-08-30,community_events,APAC-SG,129.89,8158,218,13
2026-08-30,community_events,LATAM,101.51,6309,264,6
2026-08-30,organic_direct,US-East,53.22,3820,184,12
2026-08-30,organic_direct,US-West,48.77,4597,188,5
2026-08-30,organic_direct,EU-Central,39.83,2674,66,1
2026-08-30,organic_direct,APAC-SG,42.07,3530,43,2
2026-08-30,organic_direct,LATAM,42.04,3906,105,3
2026-08-31,paid_search,US-East,492.13,46961,1944,78
2026-08-31,paid_search,US-West,605.39,51300,2527,141
2026-08-31,paid_search,EU-Central,404.41,31916,1548,88
2026-08-31,paid_search,APAC-SG,380.49,22111,622,41
2026-08-31,paid_search,LATAM,253.86,15477,157,5
2026-08-31,paid_social,US-East,301.74,24500,479,30
2026-08-31,paid_social,US-West,419.61,27935,1106,35
2026-08-31,paid_social,EU-Central,218.85,21774,533,13
2026-08-31,paid_social,APAC-SG,172.32,9608,207,6
2026-08-31,paid_social,LATAM,220.8,19491,229,4
2026-08-31,developer_sponsorship,US-East,196.49,11535,523,33
2026-08-31,developer_sponsorship,US-West,198.86,15456,264,5
2026-08-31,developer_sponsorship,EU-Central,217.03,20733,224,13
2026-08-31,developer_sponsorship,APAC-SG,148.38,13260,191,14
2026-08-31,developer_sponsorship,LATAM,123.63,7665,324,19
2026-08-31,community_events,US-East,227.65,22504,1123,81
2026-08-31,community_events,US-West,202.46,10784,170,12
2026-08-31,community_events,EU-Central,158.89,9467,237,10
2026-08-31,community_events,APAC-SG,127.17,12570,248,5
2026-08-31,community_events,LATAM,112.31,6677,209,14
2026-08-31,organic_direct,US-East,53.8,2833,118,8
2026-08-31,organic_direct,US-West,66.6,6554,297,9
2026-08-31,organic_direct,EU-Central,33.7,2478,90,2
2026-08-31,organic_direct,APAC-SG,40.21,3521,126,6
2026-08-31,organic_direct,LATAM,34.97,2560,58,2
2026-09-01,paid_search,US-East,670.02,57475,1712,61
2026-09-01,paid_search,US-West,517.31,49692,1657,36
2026-09-01,paid_search,EU-Central,374.27,22512,1002,43
2026-09-01,paid_search,APAC-SG,353.44,33377,1096,83
2026-09-01,paid_search,LATAM,323.56,25084,385,9
2026-09-01,paid_social,US-East,348.01,23518,784,37
2026-09-01,paid_social,US-West,353.98,25240,724,32
2026-09-01,paid_social,EU-Central,319.33,21028,531,16
2026-09-01,paid_social,APAC-SG,201.67,16590,404,10
2026-09-01,paid_social,LATAM,253.17,19149,684,45
2026-09-01,developer_sponsorship,US-East,301.43,16554,212,4
2026-09-01,developer_sponsorship,US-West,180.44,10796,250,9
2026-09-01,developer_sponsorship,EU-Central,214.08,18020,378,23
2026-09-01,developer_sponsorship,APAC-SG,207.81,20764,832,53
2026-09-01,developer_sponsorship,LATAM,174.64,8806,193,13
2026-09-01,community_events,US-East,210.58,14780,387,21
2026-09-01,community_events,US-West,180.38,13276,404,26
2026-09-01,community_events,EU-Central,106.59,7448,142,9
2026-09-01,community_events,APAC-SG,118.16,8955,371,24
2026-09-01,community_events,LATAM,119.02,8696,362,14
2026-09-01,organic_direct,US-East,48.76,4315,163,5
2026-09-01,organic_direct,US-West,53.35,4157,103,5
2026-09-01,organic_direct,EU-Central,34.97,3397,35,2
2026-09-01,organic_direct,APAC-SG,48.02,3216,86,5
2026-09-01,organic_direct,LATAM,32.97,2932,92,3
2026-09-02,paid_search,US-East,428.37,38239,1792,52
2026-09-02,paid_search,US-West,699.37,46516,1637,91
2026-09-02,paid_search,EU-Central,479.12,44724,2200,70
2026-09-02,paid_search,APAC-SG,373.75,28675,502,13
2026-09-02,paid_search,LATAM,364.6,26461,1211,30
2026-09-02,paid_social,US-East,274.53,21315,240,14
2026-09-02,paid_social,US-West,327.75,19446,248,19
2026-09-02,paid_social,EU-Central,234.98,14486,527,12
2026-09-02,paid_social,APAC-SG,176.27,13383,225,16
2026-09-02,paid_social,LATAM,198.77,11499,165,8
2026-09-02,developer_sponsorship,US-East,236.87,12657,610,43
2026-09-02,developer_sponsorship,US-West,171.15,10317,281,17
2026-09-02,developer_sponsorship,EU-Central,177.28,14215,676,37
2026-09-02,developer_sponsorship,APAC-SG,160.24,13498,283,5
2026-09-02,developer_sponsorship,LATAM,109.99,5851,151,10
2026-09-02,community_events,US-East,182.79,17459,788,37
2026-09-02,community_events,US-West,172.54,14987,322,23
2026-09-02,community_events,EU-Central,131.46,11176,429,16
2026-09-02,community_events,APAC-SG,128.14,11596,197,6
2026-09-02,community_events,LATAM,130.2,11283,319,23
2026-09-02,organic_direct,US-East,48.6,3811,98,7
2026-09-02,organic_direct,US-West,46.41,4340,90,5
2026-09-02,organic_direct,EU-Central,39.38,3773,143,9
2026-09-02,organic_direct,APAC-SG,33.21,2479,123,6
2026-09-02,organic_direct,LATAM,45.4,2443,34,2
2026-09-03,paid_search,US-East,537.36,38983,783,39
2026-09-03,paid_search,US-West,537.52,28843,1089,70
2026-09-03,paid_search,EU-Central,417.91,36482,1613,70
2026-09-03,paid_search,APAC-SG,282.58,15749,735,29
2026-09-03,paid_search,LATAM,402.22,29859,380,20
2026-09-03,paid_social,US-East,304.34,29673,463,32
2026-09-03,paid_social,US-West,397.63,23273,249,6
2026-09-03,paid_social,EU-Central,236.65,18158,465,11
2026-09-03,paid_social,APAC-SG,277.96,23312,376,15
2026-09-03,paid_social,LATAM,174.3,9015,333,10
2026-09-03,developer_sponsorship,US-East,268.33,24639,1046,61
2026-09-03,developer_sponsorship,US-West,248.57,23576,604,23
2026-09-03,developer_sponsorship,EU-Central,131.66,6613,270,17
2026-09-03,developer_sponsorship,APAC-SG,201.17,13826,270,6
2026-09-03,developer_sponsorship,LATAM,133.42,13270,311,9
2026-09-03,community_events,US-East,198.25,12098,547,37
2026-09-03,community_events,US-West,197.71,11545,192,8
2026-09-03,community_events,EU-Central,103.22,6849,222,6
2026-09-03,community_events,APAC-SG,98.91,7624,362,9
2026-09-03,community_events,LATAM,86.97,5899,99,4
2026-09-03,organic_direct,US-East,53.38,3707,105,2
2026-09-03,organic_direct,US-West,65.4,5395,133,3
2026-09-03,organic_direct,EU-Central,37.4,2433,82,6
2026-09-03,organic_direct,APAC-SG,30.44,2338,116,8
2026-09-03,organic_direct,LATAM,28.1,2752,93,7
2026-09-04,paid_search,US-East,670.67,56265,2751,169
2026-09-04,paid_search,US-West,494.58,40440,1834,71
2026-09-04,paid_search,EU-Central,544.92,40382,945,53
2026-09-04,paid_search,APAC-SG,420.41,29058,1035,35
2026-09-04,paid_search,LATAM,368.37,36622,706,40
2026-09-04,paid_social,US-East,445.7,29167,1152,75
2026-09-04,paid_social,US-West,353.71,18745,468,17
2026-09-04,paid_social,EU-Central,213.57,12861,148,11
2026-09-04,paid_social,APAC-SG,254.12,24724,978,38
2026-09-04,paid_social,LATAM,182.04,14960,604,30
2026-09-04,developer_sponsorship,US-East,308.77,25443,547,11
2026-09-04,developer_sponsorship,US-West,265.8,17692,348,18
2026-09-04,developer_sponsorship,EU-Central,223.92,18641,371,22
2026-09-04,developer_sponsorship,APAC-SG,181.07,14558,367,14
2026-09-04,developer_sponsorship,LATAM,135.16,6798,304,7
2026-09-04,community_events,US-East,146.79,11995,187,6
2026-09-04,community_events,US-West,124.58,9920,429,32
2026-09-04,community_events,EU-Central,113.64,6126,238,9
2026-09-04,community_events,APAC-SG,135.96,8462,144,5
2026-09-04,community_events,LATAM,91.48,6624,234,8
2026-09-04,organic_direct,US-East,70.13,3787,185,8
2026-09-04,organic_direct,US-West,44.04,3173,95,6
2026-09-04,organic_direct,EU-Central,52.03,4733,197,4
2026-09-04,organic_direct,APAC-SG,37.15,3443,138,10
2026-09-04,organic_direct,LATAM,37.0,2132,83,2
2026-09-05,paid_search,US-East,586.91,42656,1066,60
2026-09-05,paid_search,US-West,408.74,23229,668,19
2026-09-05,paid_search,EU-Central,366.2,18544,556,35
2026-09-05,paid_search,APAC-SG,397.95,38316,1824,142
2026-09-05,paid_search,LATAM,323.36,24083,858,47
2026-09-05,paid_social,US-East,340.3,17675,828,35
2026-09-05,paid_social,US-West,342.99,20480,562,19
2026-09-05,paid_social,EU-Central,336.92,29012,881,43
2026-09-05,paid_social,APAC-SG,267.14,22659,816,61
2026-09-05,paid_social,LATAM,239.69,14888,169,11
2026-09-05,developer_sponsorship,US-East,258.86,21697,822,48
2026-09-05,developer_sponsorship,US-West,188.5,13717,510,17
2026-09-05,developer_sponsorship,EU-Central,191.03,18642,813,16
2026-09-05,developer_sponsorship,APAC-SG,186.01,15293,713,31
2026-09-05,developer_sponsorship,LATAM,147.24,13995,430,13
2026-09-05,community_events,US-East,171.68,15706,315,12
2026-09-05,community_events,US-West,211.3,17521,443,17
2026-09-05,community_events,EU-Central,127.84,11993,468,11
2026-09-05,community_events,APAC-SG,129.8,11530,274,7
2026-09-05,community_events,LATAM,120.67,11644,301,11
2026-09-05,organic_direct,US-East,77.53,7041,70,1
2026-09-05,organic_direct,US-West,61.48,4687,169,10
2026-09-05,organic_direct,EU-Central,36.11,2481,94,2
2026-09-05,organic_direct,APAC-SG,32.37,3153,88,6
2026-09-05,organic_direct,LATAM,28.4,1503,26,1
2026-09-06,paid_search,US-East,513.37,48828,1286,74
2026-09-06,paid_search,US-West,591.06,55215,919,34
2026-09-06,paid_search,EU-Central,416.99,26619,630,34
2026-09-06,paid_search,APAC-SG,394.7,33012,463,10
2026-09-06,paid_search,LATAM,402.88,20289,675,53
2026-09-06,paid_social,US-East,272.92,20773,213,11
2026-09-06,paid_social,US-West,426.41,37553,1775,85
2026-09-06,paid_social,EU-Central,243.6,17410,432,31
2026-09-06,paid_social,APAC-SG,311.92,28335,1349,80
2026-09-06,paid_social,LATAM,194.68,10291,249,9
2026-09-06,developer_sponsorship,US-East,182.43,13289,504,32
2026-09-06,developer_sponsorship,US-West,271.21,15443,526,37
2026-09-06,developer_sponsorship,EU-Central,156.18,13269,565,23
2026-09-06,developer_sponsorship,APAC-SG,171.36,14213,412,18
2026-09-06,developer_sponsorship,LATAM,113.79,11300,545,37
2026-09-06,community_events,US-East,127.8,8691,102,6
2026-09-06,community_events,US-West,147.73,10668,365,16
2026-09-06,community_events,EU-Central,144.12,7792,211,16
2026-09-06,community_events,APAC-SG,151.02,15002,664,49
2026-09-06,community_events,LATAM,119.76,7747,137,3
2026-09-06,organic_direct,US-East,60.72,4772,211,10
2026-09-06,organic_direct,US-West,42.72,3838,84,5
2026-09-06,organic_direct,EU-Central,46.32,4342,72,3
2026-09-06,organic_direct,APAC-SG,30.78,2558,50,1
2026-09-06,organic_direct,LATAM,40.32,3346,45,2
2026-09-07,paid_search,US-East,677.68,39313,1853,137
2026-09-07,paid_search,US-West,637.88,38922,790,38
2026-09-07,paid_search,EU-Central,557.33,31296,482,25
2026-09-07,paid_search,APAC-SG,454.1,24758,932,67
2026-09-07,paid_search,LATAM,440.67,38918,1324,77
2026-09-07,paid_social,US-East,333.43,28632,1129,48
2026-09-07,paid_social,US-West,358.14,27968,1237,84
2026-09-07,paid_social,EU-Central,225.22,12563,169,4
2026-09-07,paid_social,APAC-SG,274.64,26601,1058,28
2026-09-07,paid_social,LATAM,193.33,17915,862,47
2026-09-07,developer_sponsorship,US-East,168.24,8932,280,19
2026-09-07,developer_sponsorship,US-West,283.34,18695,459,27
2026-09-07,developer_sponsorship,EU-Central,212.03,16111,548,18
2026-09-07,developer_sponsorship,APAC-SG,149.95,11533,327,9
2026-09-07,developer_sponsorship,LATAM,177.2,16277,488,23
2026-09-07,community_events,US-East,190.96,10940,400,27
2026-09-07,community_events,US-West,185.09,14796,330,26
2026-09-07,community_events,EU-Central,104.5,10433,399,19
2026-09-07,community_events,APAC-SG,143.67,10739,409,17
2026-09-07,community_events,LATAM,135.31,9019,388,12
2026-09-07,organic_direct,US-East,68.38,6189,235,5
2026-09-07,organic_direct,US-West,67.06,3953,116,5
2026-09-07,organic_direct,EU-Central,58.08,4818,211,16
2026-09-07,organic_direct,APAC-SG,41.15,2751,102,8
2026-09-07,organic_direct,LATAM,40.41,2810,87,3
2026-09-08,paid_search,US-East,670.7,40077,1773,77
2026-09-08,paid_search,US-West,428.2,37516,1246,85
2026-09-08,paid_search,EU-Central,544.45,46539,1317,39
2026-09-08,paid_search,APAC-SG,313.01,26542,574,16
2026-09-08,paid_search,LATAM,290.81,25422,1001,20
2026-09-08,paid_social,US-East,408.81,32207,1195,94
2026-09-08,paid_social,US-West,260.23,25377,687,48
2026-09-08,paid_social,EU-Central,339.01,18578,909,27
2026-09-08,paid_social,APAC-SG,175.56,17382,625,34
2026-09-08,paid_social,LATAM,269.19,21898,572,12
2026-09-08,developer_sponsorship,US-East,202.68,15085,565,43
2026-09-08,developer_sponsorship,US-West,240.17,16516,622,42
2026-09-08,developer_sponsorship,EU-Central,197.12,17521,781,46
2026-09-08,developer_sponsorship,APAC-SG,138.42,11441,282,7
2026-09-08,developer_sponsorship,LATAM,104.94,7813,287,14
2026-09-08,community_events,US-East,128.49,10105,332,12
2026-09-08,community_events,US-West,189.29,16982,292,14
2026-09-08,community_events,EU-Central,146.71,10516,345,8
2026-09-08,community_events,APAC-SG,88.57,8453,353,10
2026-09-08,community_events,LATAM,124.71,6358,204,10
2026-09-08,organic_direct,US-East,71.24,5302,163,8
2026-09-08,organic_direct,US-West,62.05,5553,83,5
2026-09-08,organic_direct,EU-Central,57.57,5462,94,5
2026-09-08,organic_direct,APAC-SG,32.32,2512,105,2
2026-09-08,organic_direct,LATAM,27.21,1641,26,1
2026-09-09,paid_search,US-East,726.52,37597,1849,93
2026-09-09,paid_search,US-West,504.97,38994,1049,80
2026-09-09,paid_search,EU-Central,315.02,20485,980,50
2026-09-09,paid_search,APAC-SG,467.87,38813,1078,58
2026-09-09,paid_search,LATAM,390.97,29765,1471,60
2026-09-09,paid_social,US-East,368.25,22276,310,21
2026-09-09,paid_social,US-West,277.95,16511,363,25
2026-09-09,paid_social,EU-Central,344.1,27564,513,21
2026-09-09,paid_social,APAC-SG,186.5,15128,196,6
2026-09-09,paid_social,LATAM,195.1,18570,482,12
2026-09-09,developer_sponsorship,US-East,204.6,14581,550,28
2026-09-09,developer_sponsorship,US-West,163.31,14148,704,43
2026-09-09,developer_sponsorship,EU-Central,146.8,10071,365,25
2026-09-09,developer_sponsorship,APAC-SG,170.07,12072,194,15
2026-09-09,developer_sponsorship,LATAM,134.42,6895,235,5
2026-09-09,community_events,US-East,139.46,7739,247,5
2026-09-09,community_events,US-West,178.88,12189,284,10
2026-09-09,community_events,EU-Central,164.88,10105,105,4
2026-09-09,community_events,APAC-SG,153.75,10598,150,11
2026-09-09,community_events,LATAM,84.57,7308,162,11
2026-09-09,organic_direct,US-East,59.63,4558,173,12
2026-09-09,organic_direct,US-West,56.7,4557,208,6
2026-09-09,organic_direct,EU-Central,57.06,3964,94,6
2026-09-09,organic_direct,APAC-SG,51.23,3923,132,9
2026-09-09,organic_direct,LATAM,34.51,1945,20,1
2026-09-10,paid_search,US-East,475.98,26806,674,43
2026-09-10,paid_search,US-West,402.45,34719,1700,106
2026-09-10,paid_search,EU-Central,382.26,30747,1176,36
2026-09-10,paid_search,APAC-SG,516.7,46463,1398,51
2026-09-10,paid_search,LATAM,334.83,32506,1471,101
2026-09-10,paid_social,US-East,317.92,29533,1414,62
2026-09-10,paid_social,US-West,292.92,15966,210,13
2026-09-10,paid_social,EU-Central,342.07,19927,245,15
2026-09-10,paid_social,APAC-SG,247.8,18496,831,64
2026-09-10,paid_social,LATAM,200.42,15118,593,28
2026-09-10,developer_sponsorship,US-East,242.16,24191,1101,68
2026-09-10,developer_sponsorship,US-West,207.52,16770,778,50
2026-09-10,developer_sponsorship,EU-Central,203.13,17292,691,23
2026-09-10,developer_sponsorship,APAC-SG,182.94,17844,766,55
2026-09-10,developer_sponsorship,LATAM,142.36,11454,392,30
2026-09-10,community_events,US-East,198.85,18711,578,19
2026-09-10,community_events,US-West,122.94,11306,345,26
2026-09-10,community_events,EU-Central,128.74,8877,221,5
2026-09-10,community_events,APAC-SG,149.81,9361,295,19
2026-09-10,community_events,LATAM,80.93,5257,114,3
2026-09-10,organic_direct,US-East,68.57,5378,100,3
2026-09-10,organic_direct,US-West,69.29,5692,244,5
2026-09-10,organic_direct,EU-Central,44.0,3559,105,4
2026-09-10,organic_direct,APAC-SG,42.77,2841,68,1
2026-09-10,organic_direct,LATAM,43.19,2561,61,1
2026-09-11,paid_search,US-East,597.14,32387,990,28
2026-09-11,paid_search,US-West,425.87,31672,513,30
2026-09-11,paid_search,EU-Central,376.05,26236,576,26
2026-09-11,paid_search,APAC-SG,323.72,29321,420,19
2026-09-11,paid_search,LATAM,421.27,24472,590,27
2026-09-11,paid_social,US-East,329.6,30826,552,17
2026-09-11,paid_social,US-West,238.97,16662,662,49
2026-09-11,paid_social,EU-Central,214.97,12887,375,22
2026-09-11,paid_social,APAC-SG,206.28,14657,469,31
2026-09-11,paid_social,LATAM,237.0,15699,636,46
2026-09-11,developer_sponsorship,US-East,240.27,23108,1010,43
2026-09-11,developer_sponsorship,US-West,168.48,9332,101,2
2026-09-11,developer_sponsorship,EU-Central,180.0,15906,309,18
2026-09-11,developer_sponsorship,APAC-SG,144.85,14314,565,26
2026-09-11,developer_sponsorship,LATAM,122.32,9087,367,12
2026-09-11,community_events,US-East,142.47,10765,215,14
2026-09-11,community_events,US-West,201.05,20047,398,27
2026-09-11,community_events,EU-Central,110.57,9434,399,24
2026-09-11,community_events,APAC-SG,120.17,7097,352,19
2026-09-11,community_events,LATAM,113.47,6974,106,2
2026-09-11,organic_direct,US-East,77.65,7489,202,11
2026-09-11,organic_direct,US-West,41.5,2180,57,2
2026-09-11,organic_direct,EU-Central,48.6,2992,70,3
2026-09-11,organic_direct,APAC-SG,40.24,3307,73,2
2026-09-11,organic_direct,LATAM,30.39,2052,54,2
2026-09-12,paid_search,US-East,437.12,22749,274,17
2026-09-12,paid_search,US-West,454.95,33485,1551,40
2026-09-12,paid_search,EU-Central,364.91,35548,872,33
2026-09-12,paid_search,APAC-SG,303.25,15369,492,35
2026-09-12,paid_search,LATAM,314.55,27386,669,44
2026-09-12,paid_social,US-East,366.23,25115,904,29
2026-09-12,paid_social,US-West,307.04,28972,440,28
2026-09-12,paid_social,EU-Central,208.5,16539,768,45
2026-09-12,paid_social,APAC-SG,195.42,16656,783,19
2026-09-12,paid_social,LATAM,215.87,14494,565,44
2026-09-12,developer_sponsorship,US-East,197.09,16957,199,6
2026-09-12,developer_sponsorship,US-West,226.67,14195,639,45
2026-09-12,developer_sponsorship,EU-Central,223.94,22115,1012,47
2026-09-12,developer_sponsorship,APAC-SG,180.86,17279,219,9
2026-09-12,developer_sponsorship,LATAM,176.23,13251,144,8
2026-09-12,community_events,US-East,201.24,11359,134,7
2026-09-12,community_events,US-West,194.14,16441,651,28
2026-09-12,community_events,EU-Central,149.96,14023,685,20
2026-09-12,community_events,APAC-SG,138.05,9554,393,17
2026-09-12,community_events,LATAM,90.6,5363,87,2
2026-09-12,organic_direct,US-East,67.08,6302,262,12
2026-09-12,organic_direct,US-West,61.86,4717,104,3
2026-09-12,organic_direct,EU-Central,50.62,3928,66,1
2026-09-12,organic_direct,APAC-SG,33.72,1751,27,1
2026-09-12,organic_direct,LATAM,43.97,2793,116,6
2026-09-13,paid_search,US-East,509.64,46464,1458,29
2026-09-13,paid_search,US-West,499.66,40101,993,24
2026-09-13,paid_search,EU-Central,505.47,39155,1522,67
2026-09-13,paid_search,APAC-SG,426.76,28265,347,23
2026-09-13,paid_search,LATAM,418.03,25484,1238,37
2026-09-13,paid_social,US-East,461.87,35503,1744,116
2026-09-13,paid_social,US-West,385.54,21328,849,36
2026-09-13,paid_social,EU-Central,294.92,27575,975,51
2026-09-13,paid_social,APAC-SG,285.63,17432,361,19
2026-09-13,paid_social,LATAM,248.77,21803,353,11
2026-09-13,developer_sponsorship,US-East,272.59,18653,859,22
2026-09-13,developer_sponsorship,US-West,177.96,10544,469,14
2026-09-13,developer_sponsorship,EU-Central,178.98,15477,555,11
2026-09-13,developer_sponsorship,APAC-SG,127.64,7516,193,10
2026-09-13,developer_sponsorship,LATAM,103.83,5565,110,8
2026-09-13,community_events,US-East,230.8,12696,394,25
2026-09-13,community_events,US-West,195.49,15671,393,8
2026-09-13,community_events,EU-Central,161.45,14235,509,11
2026-09-13,community_events,APAC-SG,101.88,5519,86,4
2026-09-13,community_events,LATAM,74.35,7309,353,9
2026-09-13,organic_direct,US-East,68.5,4583,175,5
2026-09-13,organic_direct,US-West,54.35,4247,117,3
2026-09-13,organic_direct,EU-Central,40.46,2335,28,1
2026-09-13,organic_direct,APAC-SG,43.06,2417,103,2
2026-09-13,organic_direct,LATAM,30.73,2322,100,2
2026-09-14,paid_search,US-East,748.38,38317,1037,29
2026-09-14,paid_search,US-West,601.27,36854,1664,71
2026-09-14,paid_search,EU-Central,553.74,50467,731,22
2026-09-14,paid_search,APAC-SG,306.43,16880,814,33
2026-09-14,paid_search,LATAM,374.3,20929,982,73
2026-09-14,paid_social,US-East,445.45,35736,611,31
2026-09-14,paid_social,US-West,349.72,29366,470,28
2026-09-14,paid_social,EU-Central,237.85,21615,517,13
2026-09-14,paid_social,APAC-SG,299.94,24920,1179,80
2026-09-14,paid_social,LATAM,236.62,12734,128,9
2026-09-14,developer_sponsorship,US-East,189.4,15680,357,15
2026-09-14,developer_sponsorship,US-West,249.22,22249,648,15
2026-09-14,developer_sponsorship,EU-Central,188.41,18460,390,9
2026-09-14,developer_sponsorship,APAC-SG,207.5,12261,311,12
2026-09-14,developer_sponsorship,LATAM,133.6,11312,300,20
2026-09-14,community_events,US-East,162.01,14598,527,18
2026-09-14,community_events,US-West,156.95,11748,368,19
2026-09-14,community_events,EU-Central,161.03,11148,370,16
2026-09-14,community_events,APAC-SG,125.61,10636,424,26
2026-09-14,community_events,LATAM,88.32,4428,220,4
2026-09-14,organic_direct,US-East,62.1,6078,284,6
2026-09-14,organic_direct,US-West,50.03,4624,206,14
2026-09-14,organic_direct,EU-Central,39.46,2257,99,7
2026-09-14,organic_direct,APAC-SG,49.91,3100,133,3
2026-09-14,organic_direct,LATAM,27.39,2687,102,4
2026-09-15,paid_search,US-East,429.48,42194,1049,65
2026-09-15,paid_search,US-West,603.71,32412,1409,101
2026-09-15,paid_search,EU-Central,323.15,22058,290,7
2026-09-15,paid_search,APAC-SG,416.6,37779,604,18
2026-09-15,paid_search,LATAM,401.15,35062,1330,50
2026-09-15,paid_social,US-East,340.89,22794,940,58
2026-09-15,paid_social,US-West,287.78,16632,752,16
2026-09-15,paid_social,EU-Central,310.68,23352,243,17
2026-09-15,paid_social,APAC-SG,265.91,24942,802,55
2026-09-15,paid_social,LATAM,262.81,19735,757,34
2026-09-15,developer_sponsorship,US-East,190.58,18801,580,45
2026-09-15,developer_sponsorship,US-West,170.52,10332,359,11
2026-09-15,developer_sponsorship,EU-Central,145.84,12731,412,29
2026-09-15,developer_sponsorship,APAC-SG,190.39,13978,314,18
2026-09-15,developer_sponsorship,LATAM,167.49,9754,410,24
2026-09-15,community_events,US-East,147.03,8148,106,5
2026-09-15,community_events,US-West,199.31,10245,218,11
2026-09-15,community_events,EU-Central,99.79,7968,320,12
2026-09-15,community_events,APAC-SG,123.72,10135,114,4
2026-09-15,community_events,LATAM,135.03,10564,343,23
2026-09-15,organic_direct,US-East,43.64,2868,136,2
2026-09-15,organic_direct,US-West,50.27,3223,83,2
2026-09-15,organic_direct,EU-Central,51.8,4469,218,13
2026-09-15,organic_direct,APAC-SG,30.34,2134,84,2
2026-09-15,organic_direct,LATAM,41.46,2384,79,3
